source,word,action
triage-pass-1,jazzy,keep
triage-pass-1,pizzazz,keep
triage-pass-1,fizz,keep
triage-pass-1,fuzz,keep
triage-pass-1,muzz,ditch
triage-pass-1,pizazz,keep
triage-pass-1,fizzy,keep
triage-pass-1,whizz,keep
triage-pass-1,muzzy,ditch
triage-pass-1,razz,keep
triage-pass-1,dizzy,keep
triage-pass-1,jazzed,keep
triage-pass-1,hajj,keep
triage-pass-1,frizz,keep
triage-pass-1,swizz,ditch
triage-pass-1,tizzy,keep
triage-pass-1,abuzz,keep
triage-pass-1,frizzy,keep
triage-pass-1,huzzah,keep
triage-pass-1,jeez,keep
triage-pass-1,mezzo,keep
triage-pass-1,quizzed,keep
triage-pass-1,jacuzzi,keep
triage-pass-1,jazzman,keep
triage-pass-1,quizzes,keep
triage-pass-1,scuzzy,keep
triage-pass-1,razzmatazz,keep
triage-pass-1,hazy,keep
triage-pass-1,whiz,keep
triage-pass-1,jazzing,keep
triage-pass-1,fizzed,keep
triage-pass-1,fuzzed,keep
triage-pass-1,tazza,ditch
triage-pass-1,zazen,ditch
triage-pass-1,whizzed,keep
triage-pass-1,buzzed,keep
triage-pass-1,chez,keep
triage-pass-1,fizzes,keep
triage-pass-1,fizzle,keep
triage-pass-1,jinx,keep
triage-pass-1,juju,keep
triage-pass-1,mazy,ditch
triage-pass-1,quizzing,keep
triage-pass-1,snazzy,keep
triage-pass-1,whizzes,keep
triage-pass-1,hajji,ditch
triage-pass-1,buzzer,keep
triage-pass-1,buzzes,keep
triage-pass-1,mizzen,ditch
triage-pass-1,muzzle,keep
triage-pass-1,piazza,keep
triage-pass-1,pizzas,keep
triage-pass-1,zigzag,keep
triage-pass-1,buzzsaw,keep
triage-pass-1,mezuzah,ditch
triage-pass-1,dozy,keep
triage-pass-1,foxy,keep
triage-pass-1,jiff,keep
triage-pass-1,jock,keep
triage-pass-1,waxy,keep
triage-pass-1,zonk,keep
triage-pass-1,quizzical,keep
triage-pass-1,jiffy,keep
triage-pass-1,zappy,keep
triage-pass-1,zippy,keep
triage-pass-1,dazzle,keep
triage-pass-1,guzzle,keep
triage-pass-1,izzard,ditch
triage-pass-1,syzygy,ditch
triage-pass-1,drizzly,keep
triage-pass-1,fizzing,keep
triage-pass-1,fizzled,keep
triage-pass-1,fuzzing,keep
triage-pass-1,grizzly,keep
triage-pass-1,whizzing,keep
triage-pass-1,boxy,keep
triage-pass-1,buzzard,keep
triage-pass-1,buzzkill,keep
triage-pass-1,buzzword,keep
triage-pass-1,exch,ditch
triage-pass-1,faze,keep
triage-pass-1,fizzles,keep
triage-pass-1,frazzle,keep
triage-pass-1,freq,ditch
triage-pass-1,frizzle,keep
triage-pass-1,futz,keep
triage-pass-1,fuze,ditch
triage-pass-1,fuzzier,keep
triage-pass-1,hafiz,ditch
triage-pass-1,haze,keep
triage-pass-1,muzak,keep
triage-pass-1,muzzled,keep
triage-pass-1,nozzle,keep
triage-pass-1,nuzzle,keep
triage-pass-1,oozy,keep
triage-pass-1,oyez,ditch
triage-pass-1,pixy,ditch
triage-pass-1,pkwy,ditch
triage-pass-1,puzzled,keep
triage-pass-1,quack,keep
triage-pass-1,quaff,keep
triage-pass-1,quay,keep
triage-pass-1,quiff,ditch
triage-pass-1,quinze,ditch
triage-pass-1,sizzle,keep
triage-pass-1,swizzle,keep
triage-pass-1,wheezy,keep
triage-pass-1,woozy,keep
triage-pass-1,zany,keep
triage-pass-1,quizzically,keep
triage-pass-1,dizzying,keep
triage-pass-1,fuzzball,keep
triage-pass-1,zugzwang,ditch
triage-pass-1,buzzers,keep
triage-pass-1,dazzled,keep
triage-pass-1,gizzard,keep
triage-pass-1,guzzled,keep
triage-pass-1,jukebox,keep
triage-pass-1,kolkhoz,ditch
triage-pass-1,muezzin,ditch
triage-pass-1,muzzles,keep
triage-pass-1,palazzi,ditch
triage-pass-1,palazzo,ditch
triage-pass-1,piazzas,keep
triage-pass-1,puzzler,keep
triage-pass-1,zigzags,keep
triage-pass-1,zephyr,keep
triage-pass-1,boozy,keep
triage-pass-1,hamza,ditch
triage-pass-1,jammy,keep
triage-pass-1,jemmy,ditch
triage-pass-1,jerky,keep
triage-pass-1,jokey,keep
triage-pass-1,jumpy,keep
triage-pass-1,junky,keep
triage-pass-1,kudzu,keep
triage-pass-1,xerox,keep
triage-pass-1,zilch,keep
triage-pass-1,bozo,keep
triage-pass-1,czar,keep
triage-pass-1,doxy,ditch
triage-pass-1,embezzle,keep
triage-pass-1,fizzling,keep
triage-pass-1,frazzled,keep
triage-pass-1,frizzled,keep
triage-pass-1,hadj,ditch
triage-pass-1,jamb,keep
triage-pass-1,jook,ditch
triage-pass-1,juke,keep
triage-pass-1,mize,ditch
triage-pass-1,putz,keep
triage-pass-1,quip,keep
triage-pass-1,tzatziki,keep
triage-pass-1,zaps,keep
triage-pass-1,zebu,ditch
triage-pass-1,zips,keep
triage-pass-1,dazzler,keep
triage-pass-1,dazzles,keep
triage-pass-1,drizzle,keep
triage-pass-1,grizzle,ditch
triage-pass-1,guzzler,keep
triage-pass-1,nuzzled,keep
triage-pass-1,sizzled,keep
triage-pass-1,squeezebox,keep
triage-pass-1,bijoux,ditch
triage-pass-1,buzzwords,keep
triage-pass-1,coccyx,keep
triage-pass-1,hijack,keep
triage-pass-1,jojoba,keep
triage-pass-1,jujube,keep
triage-pass-1,klutzy,keep
triage-pass-1,kwanza,ditch
triage-pass-1,squawk,keep
triage-pass-1,bedazzle,keep
triage-pass-1,buzzards,keep
triage-pass-1,muzzling,keep
triage-pass-1,puzzling,keep
triage-pass-1,affix,keep
triage-pass-1,ditzy,keep
triage-pass-1,doozy,keep
triage-pass-1,fazed,keep
triage-pass-1,gauzy,keep
triage-pass-1,ghazi,ditch
triage-pass-1,hazed,keep
triage-pass-1,hyrax,ditch
triage-pass-1,jacks,keep
triage-pass-1,jocko,ditch
triage-pass-1,jocks,keep
triage-pass-1,kazoo,keep
triage-pass-1,kicky,ditch
triage-pass-1,klutz,keep
triage-pass-1,kopje,ditch
triage-pass-1,quake,keep
triage-pass-1,quark,keep
triage-pass-1,quirk,keep
triage-pass-1,zingy,keep
triage-pass-1,zombi,ditch
triage-pass-1,jezebel,keep
triage-pass-1,nozzles,keep
triage-pass-1,nuzzles,keep
triage-pass-1,quetzal,keep
triage-pass-1,sizzler,keep
triage-pass-1,sizzles,keep
triage-pass-1,embezzled,keep
triage-pass-1,adze,keep
triage-pass-1,checkbox,keep
triage-pass-1,daze,keep
triage-pass-1,dazzling,keep
triage-pass-1,ditz,keep
triage-pass-1,doze,keep
triage-pass-1,drizzled,keep
triage-pass-1,flax,keep
triage-pass-1,floozy,keep
triage-pass-1,frenzy,keep
triage-pass-1,geez,keep
triage-pass-1,gizzards,keep
triage-pass-1,grizzled,keep
triage-pass-1,guzzling,keep
triage-pass-1,haji,ditch
triage-pass-1,jays,keep
triage-pass-1,jefe,keep
triage-pass-1,jehu,ditch
triage-pass-1,jinxed,keep
triage-pass-1,jiva,ditch
triage-pass-1,jive,keep
triage-pass-1,jowl,keep
triage-pass-1,joys,keep
triage-pass-1,keck,ditch
triage-pass-1,lynx,keep
triage-pass-1,onyx,keep
triage-pass-1,oryx,ditch
triage-pass-1,pickax,keep
triage-pass-1,pizzeria,keep
triage-pass-1,puzzlers,keep
triage-pass-1,qadi,ditch
triage-pass-1,quacks,keep
triage-pass-1,quid,keep
triage-pass-1,quod,ditch
triage-pass-1,qwerty,keep
triage-pass-1,whacky,keep
triage-pass-1,wheeze,keep
triage-pass-1,zeds,keep
triage-pass-1,zigs,keep
triage-pass-1,zing,keep
triage-pass-1,zydeco,ditch
triage-pass-1,bedazzled,keep
triage-pass-1,embezzler,keep
triage-pass-1,paparazzi,keep
triage-pass-1,paparazzo,keep
triage-pass-1,pizzicato,keep
triage-pass-1,zigzagged,keep
triage-pass-1,chintzy,keep
triage-pass-1,hydroxy,ditch
triage-pass-1,jackdaw,keep
triage-pass-1,jaywalk,keep
triage-pass-1,kibbutz,keep
triage-pass-1,mitzvah,keep
triage-pass-1,oxidize,keep
triage-pass-1,showbiz,keep
triage-pass-1,waxwork,keep
triage-pass-1,zephyrs,keep
triage-pass-1,bhaji,ditch
triage-pass-1,calyx,ditch
triage-pass-1,epoxy,keep
triage-pass-1,equiv,ditch
triage-pass-1,fazes,keep
triage-pass-1,fritz,keep
triage-pass-1,froze,keep
triage-pass-1,furze,ditch
triage-pass-1,fuzes,ditch
triage-pass-1,gizmo,keep
triage-pass-1,hazan,ditch
triage-pass-1,hazes,keep
triage-pass-1,hertz,keep
triage-pass-1,hijab,keep
triage-pass-1,huffy,keep
triage-pass-1,joked,keep
triage-pass-1,oxbow,keep
triage-pass-1,phlox,ditch
triage-pass-1,quash,keep
triage-pass-1,quays,keep
triage-pass-1,quoth,keep
triage-pass-1,ritzy,keep
triage-pass-1,squaw,ditch
triage-pass-1,wacky,keep
triage-pass-1,waltz,keep
triage-pass-1,warez,ditch
triage-pass-1,wazoo,keep
triage-pass-1,whack,keep
triage-pass-1,whiff,keep
triage-pass-1,xylem,keep
triage-pass-1,yucky,keep
triage-pass-1,zesty,keep
triage-pass-1,zloty,ditch
triage-pass-1,chutzpah,keep
triage-pass-1,drizzles,keep
triage-pass-1,grizzles,ditch
triage-pass-1,guzzlers,keep
triage-pass-1,jacquard,keep
triage-pass-1,kamikaze,keep
triage-pass-1,nuzzling,keep
triage-pass-1,sizzling,keep
triage-pass-1,skipjack,keep
triage-pass-1,benzyl,ditch
triage-pass-1,blackjack,keep
triage-pass-1,blizzards,keep
triage-pass-1,breezy,keep
triage-pass-1,bronzy,ditch
triage-pass-1,chazan,ditch
triage-pass-1,chintz,keep
triage-pass-1,cowpox,keep
triage-pass-1,exchequer,ditch
triage-pass-1,fuzziness,keep
triage-pass-1,hazmat,keep
triage-pass-1,jacked,keep
triage-pass-1,jejune,ditch
triage-pass-1,matzoh,keep
triage-pass-1,maximized,keep
triage-pass-1,quench,keep
triage-pass-1,quiche,keep
triage-pass-1,schizo,keep
triage-pass-1,zapped,keep
triage-pass-1,zipped,keep
triage-pass-1,zonked,keep
triage-pass-1,dazzlingly,keep
triage-pass-1,embezzling,keep
triage-pass-1,equinox,keep
triage-pass-1,hijacks,keep
triage-pass-1,jejunum,ditch
triage-pass-1,jockeys,keep
triage-pass-1,jonquil,ditch
triage-pass-1,kickoff,keep
triage-pass-1,lockjaw,keep
triage-pass-1,schmalz,ditch
triage-pass-1,squawks,keep
triage-pass-1,squeaky,keep
triage-pass-1,wheezed,keep
triage-pass-1,aqua,keep
triage-pass-1,azan,ditch
triage-pass-1,coax,keep
triage-pass-1,conj,ditch
triage-pass-1,crux,keep
triage-pass-1,equalize,keep
triage-pass-1,excl,ditch
triage-pass-1,exec,keep
triage-pass-1,faff,keep
triage-pass-1,feck,ditch
triage-pass-1,flapjack,keep
triage-pass-1,hick,keep
triage-pass-1,hock,keep
triage-pass-1,huff,keep
triage-pass-1,ibex,keep
triage-pass-1,icky,keep
triage-pass-1,iffy,keep
triage-pass-1,jabs,keep
triage-pass-1,jams,keep
triage-pass-1,jape,ditch
triage-pass-1,jibe,keep
triage-pass-1,jibs,keep
triage-pass-1,juba,ditch
triage-pass-1,kickback,keep
triage-pass-1,laze,keep
triage-pass-1,maxi,keep
triage-pass-1,minx,keep
triage-pass-1,mkay,ditch
triage-pass-1,mojo,keep
triage-pass-1,ooze,keep
triage-pass-1,orzo,keep
triage-pass-1,ouzo,keep
triage-pass-1,oxidized,keep
triage-pass-1,poky,keep
triage-pass-1,prox,ditch
triage-pass-1,quackery,keep
triage-pass-1,quai,ditch
triage-pass-1,quantize,keep
triage-pass-1,ques,ditch
triage-pass-1,quin,ditch
triage-pass-1,quincunx,ditch
triage-pass-1,quixotic,keep
triage-pass-1,quot,ditch
triage-pass-1,raze,keep
triage-pass-1,squeezer,keep
triage-pass-1,squeezes,keep
triage-pass-1,subj,ditch
triage-pass-1,terrazzo,ditch
triage-pass-1,tzar,keep
triage-pass-1,wack,keep
triage-pass-1,wavy,keep
triage-pass-1,whew,keep
triage-pass-1,whey,keep
triage-pass-1,whys,keep
triage-pass-1,wick,keep
triage-pass-1,yack,keep
triage-pass-1,yuck,keep
triage-pass-1,zarzuela,ditch
triage-pass-1,zeal,keep
triage-pass-1,zens,ditch
triage-pass-1,zest,keep
triage-pass-1,zeta,keep
triage-pass-1,zine,keep
triage-pass-1,ziti,keep
triage-pass-1,zits,keep
triage-pass-1,zool,ditch
triage-pass-1,zoon,ditch
triage-pass-1,zoos,keep
triage-pass-1,drizzling,keep
triage-pass-1,jackknife,keep
triage-pass-1,jukeboxes,keep
triage-pass-1,maximizer,keep
triage-pass-1,maximizes,keep
triage-pass-1,mezzanine,keep
triage-pass-1,mezzotint,ditch
triage-pass-1,pizzerias,keep
triage-pass-1,amaze,keep
triage-pass-1,baize,ditch
triage-pass-1,bazar,ditch
triage-pass-1,bedazzling,keep
triage-pass-1,bevvy,ditch
triage-pass-1,bezel,keep
triage-pass-1,bozos,keep
triage-pass-1,braze,ditch
triage-pass-1,buxom,keep
triage-pass-1,byway,keep
triage-pass-1,chaff,keep
triage-pass-1,chewy,keep
triage-pass-1,chiffchaff,ditch
triage-pass-1,chock,keep
triage-pass-1,chuff,ditch
triage-pass-1,cocky,keep
triage-pass-1,cozen,ditch
triage-pass-1,craze,keep
triage-pass-1,czars,keep
triage-pass-1,dazed,keep
triage-pass-1,dozed,keep
triage-pass-1,faxed,keep
triage-pass-1,fjord,keep
triage-pass-1,flyby,keep
triage-pass-1,foxed,keep
triage-pass-1,gawky,keep
triage-pass-1,gazed,keep
triage-pass-1,hadji,ditch
triage-pass-1,hexed,keep
triage-pass-1,jakes,ditch
triage-pass-1,jambs,keep
triage-pass-1,jawed,keep
triage-pass-1,jehad,ditch
triage-pass-1,jerks,keep
triage-pass-1,jihad,keep
triage-pass-1,jinks,keep
triage-pass-1,joyed,ditch
triage-pass-1,jumbo,keep
triage-pass-1,junks,keep
triage-pass-1,kanji,keep
triage-pass-1,kayak,keep
triage-pass-1,khaki,keep
triage-pass-1,kinky,keep
triage-pass-1,kooky,keep
triage-pass-1,maize,keep
triage-pass-1,matzo,keep
triage-pass-1,maxim,keep
triage-pass-1,mazer,ditch
triage-pass-1,mazes,keep
triage-pass-1,miffy,ditch
triage-pass-1,mirza,ditch
triage-pass-1,mixup,keep
triage-pass-1,mizen,ditch
triage-pass-1,mucky,keep
triage-pass-1,picky,keep
triage-pass-1,pique,keep
triage-pass-1,pocky,ditch
triage-pass-1,puffy,keep
triage-pass-1,puzzlement,keep
triage-pass-1,pygmy,keep
triage-pass-1,qibla,ditch
triage-pass-1,qualm,keep
triage-pass-1,quips,keep
triage-pass-1,spitz,keep
triage-pass-1,squab,ditch
triage-pass-1,squib,keep
triage-pass-1,topaz,keep
triage-pass-1,unzip,keep
triage-pass-1,vexed,keep
triage-pass-1,waxed,keep
triage-pass-1,zebra,keep
triage-pass-1,zigzagging,keep
triage-pass-1,zooms,keep
triage-pass-1,chukka,keep
triage-pass-1,eczema,keep
triage-pass-1,efflux,ditch
triage-pass-1,fixity,ditch
triage-pass-1,glitzy,keep
triage-pass-1,hazing,keep
triage-pass-1,jackal,keep
triage-pass-1,joyful,keep
triage-pass-1,kazoos,keep
triage-pass-1,keyway,ditch
triage-pass-1,quahog,keep
triage-pass-1,quakes,keep
triage-pass-1,quarks,keep
triage-pass-1,quirks,keep
triage-pass-1,shaykh,ditch
triage-pass-1,skyway,keep
triage-pass-1,squeak,keep
triage-pass-1,suffix,keep
triage-pass-1,vizard,ditch
triage-pass-1,whammy,keep
triage-pass-1,zapper,keep
triage-pass-1,zipper,keep
triage-pass-1,zygote,keep
triage-pass-1,bazooka,keep
triage-pass-1,carjack,keep
triage-pass-1,coxcomb,ditch
triage-pass-1,hypoxia,keep
triage-pass-1,jinxing,keep
triage-pass-1,kumquat,keep
triage-pass-1,liquefy,keep
triage-pass-1,liquify,keep
triage-pass-1,lockbox,keep
triage-pass-1,mazurka,ditch
triage-pass-1,pharynx,keep
triage-pass-1,pickaxe,keep
triage-pass-1,quicken,keep
triage-pass-1,quickie,keep
triage-pass-1,squashy,keep
triage-pass-1,squishy,keep
triage-pass-1,wheezes,keep
triage-pass-1,xeroxed,keep
triage-pass-1,zygotic,ditch
triage-pass-1,checkoff,ditch
triage-pass-1,gazpacho,keep
triage-pass-1,hijacked,keep
triage-pass-1,hydroxyl,ditch
triage-pass-1,jackdaws,keep
triage-pass-1,jockeyed,keep
triage-pass-1,lysozyme,ditch
triage-pass-1,oxidizer,keep
triage-pass-1,oxidizes,keep
triage-pass-1,physique,keep
triage-pass-1,squawked,keep
triage-pass-1,squelchy,keep
triage-pass-1,waxworks,keep
triage-pass-1,dizziness,keep
triage-pass-1,equalized,keep
triage-pass-1,grizzlies,keep
triage-pass-1,hydrolyze,ditch
triage-pass-1,kamikazes,keep
triage-pass-1,kibbutzim,ditch
triage-pass-1,quantized,keep
triage-pass-1,schmaltzy,keep
triage-pass-1,squeezing,keep
triage-pass-1,blackjacks,keep
triage-pass-1,jackknifed,keep
triage-pass-1,maximizing,keep
triage-pass-1,jabberwocky,keep
triage-pass-1,achy,keep
triage-pass-1,affixed,keep
triage-pass-1,axed,keep
triage-pass-1,azide,ditch
triage-pass-1,azimuth,keep
triage-pass-1,benzoyl,ditch
triage-pass-1,bevy,keep
triage-pass-1,biff,keep
triage-pass-1,blazed,keep
triage-pass-1,blowjob,keep
triage-pass-1,bock,keep
triage-pass-1,boozed,keep
triage-pass-1,boxed,keep
triage-pass-1,brazed,ditch
triage-pass-1,caff,ditch
triage-pass-1,cashbox,keep
triage-pass-1,cavy,ditch
triage-pass-1,cervix,keep
triage-pass-1,chalky,keep
triage-pass-1,chappy,ditch
triage-pass-1,chaw,ditch
triage-pass-1,chickenpox,keep
triage-pass-1,chippy,ditch
triage-pass-1,choppy,keep
triage-pass-1,chorizo,keep
triage-pass-1,chow,keep
triage-pass-1,chubby,keep
triage-pass-1,chummy,keep
triage-pass-1,chunky,keep
triage-pass-1,cliquey,keep
triage-pass-1,codex,keep
triage-pass-1,coenzyme,ditch
triage-pass-1,coff,ditch
triage-pass-1,convex,keep
triage-pass-1,coxed,ditch
triage-pass-1,crazed,keep
triage-pass-1,crazily,keep
triage-pass-1,daffy,keep
triage-pass-1,diazo,ditch
triage-pass-1,dicky,ditch
triage-pass-1,divvy,keep
triage-pass-1,dozer,keep
triage-pass-1,dozes,keep
triage-pass-1,ducky,keep
triage-pass-1,dybbuk,ditch
triage-pass-1,dyke,ditch
triage-pass-1,embezzlement,keep
triage-pass-1,equalizer,keep
triage-pass-1,equalizes,keep
triage-pass-1,exarch,ditch
triage-pass-1,exhume,keep
triage-pass-1,expiry,keep
triage-pass-1,faxes,keep
triage-pass-1,fixedly,keep
triage-pass-1,fixer,keep
triage-pass-1,flaky,keep
triage-pass-1,flapjacks,keep
triage-pass-1,fluky,keep
triage-pass-1,flyback,ditch
triage-pass-1,flyway,ditch
triage-pass-1,foxes,keep
triage-pass-1,frieze,keep
triage-pass-1,gauze,keep
triage-pass-1,gawk,keep
triage-pass-1,gazebo,keep
triage-pass-1,gazer,keep
triage-pass-1,gazes,keep
triage-pass-1,gizmos,keep
triage-pass-1,glaze,keep
triage-pass-1,glitz,keep
triage-pass-1,gonzo,keep
triage-pass-1,graze,keep
triage-pass-1,grosz,ditch
triage-pass-1,hammy,keep
triage-pass-1,hanky,keep
triage-pass-1,haphazard,keep
triage-pass-1,hatbox,keep
triage-pass-1,hawkshaw,ditch
triage-pass-1,haycock,ditch
triage-pass-1,hazels,keep
triage-pass-1,helix,keep
triage-pass-1,hexes,keep
triage-pass-1,hickey,keep
triage-pass-1,hijabs,keep
triage-pass-1,hijacker,keep
triage-pass-1,hijinks,keep
triage-pass-1,hippy,keep
triage-pass-1,hokey,keep
triage-pass-1,honky,keep
triage-pass-1,hooky,keep
triage-pass-1,hotbox,keep
triage-pass-1,howdy,keep
triage-pass-1,hubby,keep
triage-pass-1,humph,keep
triage-pass-1,humpy,ditch
triage-pass-1,hunky,keep
triage-pass-1,husky,keep
triage-pass-1,hybridize,keep
triage-pass-1,hydrolyzed,ditch
triage-pass-1,hypo,ditch
triage-pass-1,infix,ditch
triage-pass-1,intermezzo,keep
triage-pass-1,izard,ditch
triage-pass-1,jabbed,keep
triage-pass-1,jackhammer,keep
triage-pass-1,jacking,keep
triage-pass-1,jags,keep
triage-pass-1,jalopy,keep
triage-pass-1,jammed,keep
triage-pass-1,jerked,keep
triage-pass-1,jetty,keep
triage-pass-1,jiggly,keep
triage-pass-1,jigs,keep
triage-pass-1,jives,keep
triage-pass-1,jobbed,keep
triage-pass-1,joeys,keep
triage-pass-1,jogs,keep
triage-pass-1,jowls,keep
triage-pass-1,joyfully,keep
triage-pass-1,joystick,keep
triage-pass-1,judo,keep
triage-pass-1,judoka,ditch
triage-pass-1,jugs,keep
triage-pass-1,jujitsu,keep
triage-pass-1,jujutsu,keep
triage-pass-1,junked,keep
triage-pass-1,kaka,ditch
triage-pass-1,kaki,ditch
triage-pass-1,kapok,ditch
triage-pass-1,katzenjammer,ditch
triage-pass-1,keek,ditch
triage-pass-1,keffiyeh,keep
triage-pass-1,kickbacks,keep
triage-pass-1,kickboxing,keep
triage-pass-1,kickoffs,keep
triage-pass-1,kike,ditch
triage-pass-1,killjoy,keep
triage-pass-1,kink,keep
triage-pass-1,knack,keep
triage-pass-1,knockoff,keep
triage-pass-1,kook,keep
triage-pass-1,kvetch,keep
triage-pass-1,kwacha,ditch
triage-pass-1,lazily,keep
triage-pass-1,lymph,keep
triage-pass-1,matchbox,keep
triage-pass-1,maxed,keep
triage-pass-1,miff,keep
triage-pass-1,mikvah,ditch
triage-pass-1,mikveh,ditch
triage-pass-1,mozzarella,keep
triage-pass-1,muck,keep
triage-pass-1,muff,keep
triage-pass-1,nymph,keep
triage-pass-1,oozed,keep
triage-pass-1,oxidizing,keep
triage-pass-1,peck,keep
triage-pass-1,phenix,ditch
triage-pass-1,phew,keep
triage-pass-1,phys,ditch
triage-pass-1,piquancy,keep
triage-pass-1,piqued,keep
triage-pass-1,pock,keep
triage-pass-1,prefix,keep
triage-pass-1,prized,keep
triage-pass-1,psych,keep
triage-pass-1,pukka,ditch
triage-pass-1,quacking,keep
triage-pass-1,quads,keep
triage-pass-1,quaffing,keep
triage-pass-1,quaking,keep
triage-pass-1,quartzite,keep
triage-pass-1,quaver,keep
triage-pass-1,queasy,keep
triage-pass-1,quiches,keep
triage-pass-1,quickfire,keep
triage-pass-1,quids,keep
triage-pass-1,quipped,keep
triage-pass-1,quiver,keep
triage-pass-1,quizmaster,keep
triage-pass-1,rajah,keep
triage-pass-1,razed,keep
triage-pass-1,rhizome,keep
triage-pass-1,scherzo,ditch
triage-pass-1,schmaltz,keep
triage-pass-1,schmooze,keep
triage-pass-1,shaky,keep
triage-pass-1,skiff,keep
triage-pass-1,skyhook,keep
triage-pass-1,skywalk,keep
triage-pass-1,sleazy,keep
triage-pass-1,sphinx,keep
triage-pass-1,squaws,ditch
triage-pass-1,squelch,keep
triage-pass-1,squid,keep
triage-pass-1,squidgy,ditch
triage-pass-1,squirmy,keep
triage-pass-1,squish,keep
triage-pass-1,thuja,ditch
triage-pass-1,thwack,keep
triage-pass-1,tweeze,keep
triage-pass-1,twixt,ditch
triage-pass-1,vampy,ditch
triage-pass-1,varix,ditch
triage-pass-1,vexes,keep
triage-pass-1,vixen,keep
triage-pass-1,vizier,keep
triage-pass-1,waxen,keep
triage-pass-1,waxes,keep
triage-pass-1,waxwing,ditch
triage-pass-1,webby,ditch
triage-pass-1,whacks,keep
triage-pass-1,wham,keep
triage-pass-1,whap,ditch
triage-pass-1,wheezing,keep
triage-pass-1,whelk,keep
triage-pass-1,whiffs,keep
triage-pass-1,whim,keep
triage-pass-1,whisk,keep
triage-pass-1,whomp,keep
triage-pass-1,whop,ditch
triage-pass-1,whup,keep
triage-pass-1,wimpy,keep
triage-pass-1,wizardry,keep
triage-pass-1,wonky,keep
triage-pass-1,yappy,keep
triage-pass-1,yawp,ditch
triage-pass-1,yuppy,keep
triage-pass-1,zapping,keep
triage-pass-1,zemstvo,ditch
triage-pass-1,zenith,keep
triage-pass-1,zeroth,ditch
triage-pass-1,zings,keep
triage-pass-1,zipping,keep
triage-pass-1,zither,keep
triage-pass-1,zlotys,ditch
triage-pass-1,zodiac,keep
triage-pass-1,zoned,keep
triage-pass-1,zoomed,keep
triage-pass-1,zucchini,keep
triage-pass-1,crackerjack,keep
triage-pass-1,haphazardly,keep
triage-pass-1,equalizing,keep
triage-pass-1,hybridized,keep
triage-pass-1,hydrolyzes,ditch
triage-pass-1,jeopardize,keep
triage-pass-1,mycorrhiza,ditch
triage-pass-1,sympathize,keep
triage-pass-1,amberjack,ditch
triage-pass-1,applejack,keep
triage-pass-1,breezeway,keep
triage-pass-1,checkbook,keep
triage-pass-1,exemplify,keep
triage-pass-1,hijacking,keep
triage-pass-1,hypnotize,keep
triage-pass-1,jaywalker,keep
triage-pass-1,jockeying,keep
triage-pass-1,objectify,keep
triage-pass-1,oxidizers,keep
triage-pass-1,physiques,keep
triage-pass-1,pipsqueak,keep
triage-pass-1,poppycock,keep
triage-pass-1,quicklime,keep
triage-pass-1,quickstep,keep
triage-pass-1,razorback,keep
triage-pass-1,squawking,keep
triage-pass-1,adequacy,keep
triage-pass-1,asphyxia,keep
triage-pass-1,bazookas,keep
triage-pass-1,bouzouki,ditch
triage-pass-1,flexibly,keep
triage-pass-1,howitzer,keep
triage-pass-1,humpback,keep
triage-pass-1,jackboot,keep
triage-pass-1,jackpots,keep
triage-pass-1,jokingly,keep
triage-pass-1,junkyard,keep
triage-pass-1,kumquats,keep
triage-pass-1,pickaxes,keep
triage-pass-1,quantify,keep
triage-pass-1,quenched,keep
triage-pass-1,quickens,keep
triage-pass-1,quickest,keep
triage-pass-1,quickies,keep
triage-pass-1,schizoid,keep
triage-pass-1,snuffbox,keep
triage-pass-1,vanquish,keep
triage-pass-1,vuvuzela,keep
triage-pass-1,affixes,keep
triage-pass-1,baptize,keep
triage-pass-1,benzoic,ditch
triage-pass-1,boombox,keep
triage-pass-1,boxwood,ditch
triage-pass-1,buyback,keep
triage-pass-1,cacique,ditch
triage-pass-1,capsize,keep
triage-pass-1,checkup,keep
triage-pass-1,chukkas,ditch
triage-pass-1,churchy,keep
triage-pass-1,exhumed,keep
triage-pass-1,exogamy,ditch
triage-pass-1,foxfire,ditch
triage-pass-1,foxhole,keep
triage-pass-1,futzing,keep
triage-pass-1,hammock,keep
triage-pass-1,hawkish,keep
triage-pass-1,hummock,ditch
triage-pass-1,jackals,keep
triage-pass-1,jackass,keep
triage-pass-1,jaybird,keep
triage-pass-1,jodhpur,keep
triage-pass-1,junkman,keep
triage-pass-1,knowhow,keep
triage-pass-1,macaque,keep
triage-pass-1,mahjong,keep
triage-pass-1,payback,keep
triage-pass-1,quashed,keep
triage-pass-1,quibble,keep
triage-pass-1,schmuck,keep
triage-pass-1,squeaks,keep
triage-pass-1,taxiway,keep
triage-pass-1,unfazed,keep
triage-pass-1,walkway,keep
triage-pass-1,waltzed,keep
triage-pass-1,whacked,keep
triage-pass-1,whiffed,keep
triage-pass-1,wizened,keep
triage-pass-1,wysiwyg,ditch
triage-pass-1,zippers,keep
triage-pass-1,zoology,keep
triage-pass-1,zygotes,keep
triage-pass-1,abject,keep
triage-pass-1,ablaze,keep
triage-pass-1,acquit,keep
triage-pass-1,amazes,keep
triage-pass-1,banzai,keep
triage-pass-1,barque,ditch
triage-pass-1,basque,ditch
triage-pass-1,bazaar,keep
triage-pass-1,beezer,ditch
triage-pass-1,bezels,keep
triage-pass-1,bezoar,ditch
triage-pass-1,bisque,keep
triage-pass-1,blazer,keep
triage-pass-1,blazes,keep
triage-pass-1,blazon,ditch
triage-pass-1,blocky,keep
triage-pass-1,boozer,keep
triage-pass-1,borzoi,keep
triage-pass-1,boxcar,keep
triage-pass-1,brazen,keep
triage-pass-1,byways,keep
triage-pass-1,casque,ditch
triage-pass-1,chocks,keep
triage-pass-1,chucks,keep
triage-pass-1,cinque,ditch
triage-pass-1,cirque,ditch
triage-pass-1,cliffy,ditch
triage-pass-1,clique,keep
triage-pass-1,coquet,ditch
triage-pass-1,cozens,ditch
triage-pass-1,cozier,keep
triage-pass-1,cozies,keep
triage-pass-1,crazes,keep
triage-pass-1,deejay,keep
triage-pass-1,dozing,keep
triage-pass-1,equips,keep
triage-pass-1,faxing,keep
triage-pass-1,fjords,keep
triage-pass-1,flexed,keep
triage-pass-1,flybys,keep
triage-pass-1,foxing,ditch
triage-pass-1,gazing,keep
triage-pass-1,glazed,keep
triage-pass-1,grazed,keep
triage-pass-1,hawked,keep
triage-pass-1,hoaxed,keep
triage-pass-1,hyphae,ditch
triage-pass-1,hyphen,keep
triage-pass-1,icebox,keep
triage-pass-1,jabber,keep
triage-pass-1,jammer,keep
triage-pass-1,jangly,keep
triage-pass-1,jawing,keep
triage-pass-1,jerkin,ditch
triage-pass-1,jibber,ditch
triage-pass-1,jigsaw,keep
triage-pass-1,jihads,keep
triage-pass-1,jiving,keep
triage-pass-1,jobber,ditch
triage-pass-1,jokers,keep
triage-pass-1,jumble,keep
triage-pass-1,jumbos,keep
triage-pass-1,junker,keep
triage-pass-1,junket,keep
triage-pass-1,junkie,keep
triage-pass-1,kayaks,keep
triage-pass-1,khakis,keep
triage-pass-1,kimchi,keep
triage-pass-1,klaxon,keep
triage-pass-1,knobby,keep
triage-pass-1,maquis,ditch
triage-pass-1,marque,ditch
triage-pass-1,masque,ditch
triage-pass-1,maxima,keep
triage-pass-1,maxims,keep
triage-pass-1,mayfly,keep
triage-pass-1,niggaz,ditch
triage-pass-1,opaque,keep
triage-pass-1,pajama,keep
triage-pass-1,panzer,keep
triage-pass-1,payoff,keep
triage-pass-1,piques,keep
triage-pass-1,piquet,ditch
triage-pass-1,plazas,keep
triage-pass-1,plucky,keep
triage-pass-1,powwow,keep
triage-pass-1,premix,keep
triage-pass-1,pulque,ditch
triage-pass-1,quagga,ditch
triage-pass-1,qualms,keep
triage-pass-1,quince,keep
triage-pass-1,quorum,keep
triage-pass-1,rebozo,ditch
triage-pass-1,shmuck,keep
triage-pass-1,skimpy,keep
triage-pass-1,spiffy,keep
triage-pass-1,spritz,keep
triage-pass-1,squibs,keep
triage-pass-1,squirm,keep
triage-pass-1,sukkah,ditch
triage-pass-1,typify,keep
triage-pass-1,unzips,keep
triage-pass-1,vexing,keep
triage-pass-1,waxing,keep
triage-pass-1,whimsy,keep
triage-pass-1,witchy,keep
triage-pass-1,zebras,keep
triage-pass-1,zinged,keep
triage-pass-1,zircon,keep
triage-pass-1,hydrolyzing,ditch
triage-pass-1,hypothesize,keep
triage-pass-1,jackhammers,keep
triage-pass-1,jeopardized,keep
triage-pass-1,knickknacks,keep
triage-pass-1,sympathized,keep
triage-pass-1,aquae,ditch
triage-pass-1,aquas,ditch
triage-pass-1,axiom,keep
triage-pass-1,azure,keep
triage-pass-1,baccy,ditch
triage-pass-1,balky,ditch
triage-pass-1,banjo,keep
triage-pass-1,bawdy,keep
triage-pass-1,beaux,keep
triage-pass-1,bijou,ditch
triage-pass-1,borax,keep
triage-pass-1,bulky,keep
triage-pass-1,bumpy,keep
triage-pass-1,cabby,keep
triage-pass-1,cakey,keep
triage-pass-1,calix,ditch
triage-pass-1,campy,keep
triage-pass-1,chimp,keep
triage-pass-1,chimpanzee,keep
triage-pass-1,chink,ditch
triage-pass-1,chirk,ditch
triage-pass-1,chomp,keep
triage-pass-1,chook,ditch
triage-pass-1,chump,keep
triage-pass-1,cooky,ditch
triage-pass-1,corky,ditch
triage-pass-1,coxes,keep
triage-pass-1,cubby,keep
triage-pass-1,culex,ditch
triage-pass-1,duchy,keep
triage-pass-1,eject,keep
triage-pass-1,emoji,keep
triage-pass-1,enzymology,ditch
triage-pass-1,equalizers,keep
triage-pass-1,execs,keep
triage-pass-1,expat,keep
triage-pass-1,expel,keep
triage-pass-1,expos,keep
triage-pass-1,fishy,keep
triage-pass-1,flack,keep
triage-pass-1,fleck,keep
triage-pass-1,fluff,keep
triage-pass-1,frack,keep
triage-pass-1,frock,keep
triage-pass-1,glyph,keep
triage-pass-1,hacks,keep
triage-pass-1,hakim,ditch
triage-pass-1,hefty,keep
triage-pass-1,hocks,keep
triage-pass-1,hokum,ditch
triage-pass-1,homozygous,ditch
triage-pass-1,huffs,keep
triage-pass-1,hybridizes,keep
triage-pass-1,hypnotized,keep
triage-pass-1,jaded,keep
triage-pass-1,japes,keep
triage-pass-1,jaywalking,keep
triage-pass-1,jebel,ditch
triage-pass-1,jeeps,keep
triage-pass-1,jibes,keep
triage-pass-1,julep,keep
triage-pass-1,junco,ditch
triage-pass-1,ketch,ditch
triage-pass-1,kiddy,keep
triage-pass-1,lazar,ditch
triage-pass-1,mammy,keep
triage-pass-1,manky,ditch
triage-pass-1,maxes,keep
triage-pass-1,maxis,keep
triage-pass-1,mikva,ditch
triage-pass-1,moxie,keep
triage-pass-1,murex,ditch
triage-pass-1,murky,keep
triage-pass-1,musky,keep
triage-pass-1,navvy,ditch
triage-pass-1,objet,ditch
triage-pass-1,oozes,keep
triage-pass-1,oxime,ditch
triage-pass-1,ozone,keep
triage-pass-1,pappy,keep
triage-pass-1,parky,ditch
triage-pass-1,peaky,ditch
triage-pass-1,peppy,keep
triage-pass-1,perky,keep
triage-pass-1,pesky,keep
triage-pass-1,pinky,keep
triage-pass-1,pixie,keep
triage-pass-1,pokey,keep
triage-pass-1,pommy,ditch
triage-pass-1,porky,keep
triage-pass-1,quail,keep
triage-pass-1,quale,ditch
triage-pass-1,quant,keep
triage-pass-1,quart,keep
triage-pass-1,quasi,keep
triage-pass-1,quell,keep
triage-pass-1,quern,ditch
triage-pass-1,quill,keep
triage-pass-1,quilt,keep
triage-pass-1,quine,ditch
triage-pass-1,quins,ditch
triage-pass-1,quint,ditch
triage-pass-1,quire,ditch
triage-pass-1,quirt,ditch
triage-pass-1,quits,keep
triage-pass-1,quoin,ditch
triage-pass-1,quoit,ditch
triage-pass-1,roque,ditch
triage-pass-1,shack,keep
triage-pass-1,showy,keep
triage-pass-1,shuck,keep
triage-pass-1,shyly,keep
triage-pass-1,sizer,ditch
triage-pass-1,smoky,keep
triage-pass-1,spiky,keep
triage-pass-1,squat,keep
triage-pass-1,tacky,keep
triage-pass-1,taffy,keep
triage-pass-1,toque,keep
triage-pass-1,unbox,keep
triage-pass-1,wacko,keep
triage-pass-1,washy,ditch
triage-pass-1,wharf,keep
triage-pass-1,whiny,keep
triage-pass-1,whish,ditch
triage-pass-1,wicks,keep
triage-pass-1,withy,ditch
triage-pass-1,wrack,keep
triage-pass-1,wryly,keep
triage-pass-1,xeric,ditch
triage-pass-1,zaire,ditch
triage-pass-1,zeros,keep
triage-pass-1,zetas,keep
triage-pass-1,zines,keep
triage-pass-1,zonal,keep
triage-pass-1,zoomorphic,ditch
triage-pass-1,backpacks,keep
triage-pass-1,carjacked,keep
triage-pass-1,chaffinch,ditch
triage-pass-1,complexly,keep
triage-pass-1,empathize,keep
triage-pass-1,enzymatic,keep
triage-pass-1,equinoxes,keep
triage-pass-1,executrix,ditch
triage-pass-1,hatchback,keep
triage-pass-1,hijackers,keep
triage-pass-1,hunchback,keep
triage-pass-1,hydrazine,ditch
triage-pass-1,jackfruit,keep
triage-pass-1,jellyfish,keep
triage-pass-1,joysticks,keep
triage-pass-1,juxtapose,keep
triage-pass-1,kilohertz,keep
triage-pass-1,knockoffs,keep
triage-pass-1,mechanize,keep
triage-pass-1,paychecks,keep
triage-pass-1,quickened,keep
triage-pass-1,quicksand,keep
triage-pass-1,rhizobium,ditch
triage-pass-1,shadowbox,keep
triage-pass-1,symbolize,keep
triage-pass-1,victimize,keep
triage-pass-1,abjectly,keep
triage-pass-1,affixing,keep
triage-pass-1,ajar,keep
triage-pass-1,ankh,keep
triage-pass-1,apoplexy,keep
triage-pass-1,axes,keep
triage-pass-1,axil,ditch
triage-pass-1,axle,keep
triage-pass-1,axon,keep
triage-pass-1,backflow,keep
triage-pass-1,backwash,keep
triage-pass-1,baptized,keep
triage-pass-1,bequeath,keep
triage-pass-1,blowjobs,ditch
triage-pass-1,brazenly,keep
triage-pass-1,breezily,keep
triage-pass-1,bryozoan,ditch
triage-pass-1,cachexia,ditch
triage-pass-1,capsized,keep
triage-pass-1,catalyze,keep
triage-pass-1,cham,ditch
triage-pass-1,chem,keep
triage-pass-1,choc,ditch
triage-pass-1,chub,keep
triage-pass-1,chum,keep
triage-pass-1,civilize,keep
triage-pass-1,colloquy,ditch
triage-pass-1,coquetry,ditch
triage-pass-1,crucifix,keep
triage-pass-1,cybersex,keep
triage-pass-1,cyma,ditch
triage-pass-1,cyme,ditch
triage-pass-1,daff,ditch
triage-pass-1,defy,keep
triage-pass-1,detoxify,keep
triage-pass-1,dewy,keep
triage-pass-1,dhow,ditch
triage-pass-1,dialyzed,ditch
triage-pass-2,actresses,keep
triage-pass-2,ancestor,keep
triage-pass-2,arbor,keep
triage-pass-2,astronomical,keep
triage-pass-2,attends,keep
triage-pass-2,attire,keep
triage-pass-2,authored,keep
triage-pass-2,autograph,keep
triage-pass-2,automobiles,keep
triage-pass-2,barley,keep
triage-pass-2,bitten,keep
triage-pass-2,blasted,keep
triage-pass-2,blasts,keep
triage-pass-2,botanical,keep
triage-pass-2,bottled,keep
triage-pass-2,braces,keep
triage-pass-2,brag,keep
triage-pass-2,breakout,keep
triage-pass-2,bumped,keep
triage-pass-2,bursting,keep
triage-pass-2,catchy,keep
triage-pass-2,ceremonial,keep
triage-pass-2,chilled,keep
triage-pass-2,choreography,keep
triage-pass-2,cisco,ditch
triage-pass-2,clarified,keep
triage-pass-2,cling,keep
triage-pass-2,coco,ditch
triage-pass-2,coincide,keep
triage-pass-2,comedians,keep
triage-pass-2,commemorate,keep
triage-pass-2,commits,keep
triage-pass-2,concurrent,keep
triage-pass-2,corrupted,keep
triage-pass-2,crocodile,keep
triage-pass-2,derrick,keep
triage-pass-2,diaper,keep
triage-pass-2,dine,keep
triage-pass-2,disagreed,keep
triage-pass-2,dissolve,keep
triage-pass-2,diverted,keep
triage-pass-2,dubious,keep
triage-pass-2,eagerly,keep
triage-pass-2,enlightened,keep
triage-pass-2,erased,keep
triage-pass-2,escorted,keep
triage-pass-2,exhaustion,keep
triage-pass-2,expectancy,keep
triage-pass-2,famously,keep
triage-pass-2,fella,keep
triage-pass-2,fielding,keep
triage-pass-2,fingerprint,keep
triage-pass-2,fisherman,keep
triage-pass-2,flap,keep
triage-pass-2,folklore,keep
triage-pass-2,forgiving,keep
triage-pass-2,fractured,keep
triage-pass-2,galactic,keep
triage-pass-2,gardener,keep
triage-pass-2,glee,keep
triage-pass-2,grassroots,keep
triage-pass-2,grazing,keep
triage-pass-2,gunshot,keep
triage-pass-2,habitats,keep
triage-pass-2,hailed,keep
triage-pass-2,hereditary,keep
triage-pass-2,hiatus,keep
triage-pass-2,homestead,keep
triage-pass-2,horribly,keep
triage-pass-2,horsepower,keep
triage-pass-2,icing,keep
triage-pass-2,idols,keep
triage-pass-2,insurers,keep
triage-pass-2,intellect,keep
triage-pass-2,intending,keep
triage-pass-2,interchange,keep
triage-pass-2,kidneys,keep
triage-pass-2,knob,keep
triage-pass-2,lapse,keep
triage-pass-2,laundering,keep
triage-pass-2,ledger,keep
triage-pass-2,loaf,keep
triage-pass-2,lodged,keep
triage-pass-2,login,keep
triage-pass-2,loot,keep
triage-pass-2,magnesium,keep
triage-pass-2,malware,keep
triage-pass-2,mindful,keep
triage-pass-2,motorcycles,keep
triage-pass-2,mural,keep
triage-pass-2,musk,keep
triage-pass-2,myriad,keep
triage-pass-2,nasal,keep
triage-pass-2,nautical,keep
triage-pass-2,neatly,keep
triage-pass-2,negativity,keep
triage-pass-2,noteworthy,keep
triage-pass-2,nuns,keep
triage-pass-2,odor,keep
triage-pass-2,overturned,keep
triage-pass-2,paddle,keep
triage-pass-2,parrot,keep
triage-pass-2,partying,keep
triage-pass-2,pesticides,keep
triage-pass-2,pixels,keep
triage-pass-2,plunge,keep
triage-pass-2,powerless,keep
triage-pass-2,pragmatic,keep
triage-pass-2,primaries,keep
triage-pass-2,radiant,keep
triage-pass-2,refinery,keep
triage-pass-2,regained,keep
triage-pass-2,remorse,keep
triage-pass-2,reopened,keep
triage-pass-2,revoked,keep
triage-pass-2,rhymes,keep
triage-pass-2,sanity,keep
triage-pass-2,scotia,ditch
triage-pass-2,scratched,keep
triage-pass-2,sears,keep
triage-pass-2,sharia,keep
triage-pass-2,showdown,keep
triage-pass-2,shuffle,keep
triage-pass-2,shuts,keep
triage-pass-2,siding,keep
triage-pass-2,simulated,keep
triage-pass-2,skyline,keep
triage-pass-2,slab,keep
triage-pass-2,sprayed,keep
triage-pass-2,stacks,keep
triage-pass-2,startups,keep
triage-pass-2,stocking,keep
triage-pass-2,suites,keep
triage-pass-2,supplemental,keep
triage-pass-2,suspicions,keep
triage-pass-2,swimmer,keep
triage-pass-2,tariff,keep
triage-pass-2,techno,keep
triage-pass-2,teller,keep
triage-pass-2,textiles,keep
triage-pass-2,therapies,keep
triage-pass-2,trance,keep
triage-pass-2,translating,keep
triage-pass-2,traveller,keep
triage-pass-2,vacancies,keep
triage-pass-2,violates,keep
triage-pass-2,volatility,keep
triage-pass-2,weaken,keep
triage-pass-2,webcam,keep
triage-pass-2,yorker,ditch
triage-pass-2,abolish,keep
triage-pass-2,accessing,keep
triage-pass-2,accumulate,keep
triage-pass-2,admirable,keep
triage-pass-2,adventurous,keep
triage-pass-2,alarmed,keep
triage-pass-2,ammo,keep
triage-pass-2,anthology,keep
triage-pass-2,antiques,keep
triage-pass-2,anyhow,keep
triage-pass-2,arrivals,keep
triage-pass-2,assaults,keep
triage-pass-2,assemblies,keep
triage-pass-2,auditor,keep
triage-pass-2,avalanche,keep
triage-pass-2,badger,keep
triage-pass-2,ballistic,keep
triage-pass-2,banter,keep
triage-pass-2,bidder,keep
triage-pass-2,birthdays,keep
triage-pass-2,blazing,keep
triage-pass-2,blockbuster,keep
triage-pass-2,blueprint,keep
triage-pass-2,bodied,keep
triage-pass-2,boosted,keep
triage-pass-2,bowler,keep
triage-pass-2,broadcasters,keep
triage-pass-2,cameo,keep
triage-pass-2,canals,keep
triage-pass-2,caramel,keep
triage-pass-2,charismatic,keep
triage-pass-2,chromosome,keep
triage-pass-2,chunks,keep
triage-pass-2,commencement,keep
triage-pass-2,concede,keep
triage-pass-2,conducts,keep
triage-pass-2,confiscated,keep
triage-pass-2,contestant,keep
triage-pass-2,convent,keep
triage-pass-2,converse,keep
triage-pass-2,correcting,keep
triage-pass-2,corrosion,keep
triage-pass-2,crib,keep
triage-pass-2,crossroads,keep
triage-pass-2,dearly,keep
triage-pass-2,defiance,keep
triage-pass-2,deter,keep
triage-pass-2,diner,keep
triage-pass-2,dipping,keep
triage-pass-2,disposition,keep
triage-pass-2,dripping,keep
triage-pass-2,ecstasy,keep
triage-pass-2,eighteenth,keep
triage-pass-2,eleventh,keep
triage-pass-2,emphasizes,keep
triage-pass-2,empowering,keep
triage-pass-2,engagements,keep
triage-pass-2,envoy,keep
triage-pass-2,expiration,keep
triage-pass-2,exploiting,keep
triage-pass-2,expressly,keep
triage-pass-2,fabrication,keep
triage-pass-2,facilitated,keep
triage-pass-2,faggot,ditch
triage-pass-2,fascination,keep
triage-pass-2,foreigner,keep
triage-pass-2,formulation,keep
triage-pass-2,francs,keep
triage-pass-2,frontal,keep
triage-pass-2,fullest,keep
triage-pass-2,fungi,keep
triage-pass-2,goalie,keep
triage-pass-2,gradient,keep
triage-pass-2,gravy,keep
triage-pass-2,grenades,keep
triage-pass-2,harmed,keep
triage-pass-2,herring,keep
triage-pass-2,hires,keep
triage-pass-2,hopper,keep
triage-pass-2,hugging,keep
triage-pass-2,hysterical,keep
triage-pass-2,implant,keep
triage-pass-2,incompatible,keep
triage-pass-2,inducing,keep
triage-pass-2,injunction,keep
triage-pass-2,innate,keep
triage-pass-2,instituted,keep
triage-pass-2,keynote,keep
triage-pass-2,kidnap,keep
triage-pass-2,lama,keep
triage-pass-2,learners,keep
triage-pass-2,liquids,keep
triage-pass-2,meats,keep
triage-pass-2,motivational,keep
triage-pass-2,nightly,keep
triage-pass-2,ordained,keep
triage-pass-2,originating,keep
triage-pass-2,orphans,keep
triage-pass-2,pans,keep
triage-pass-2,paralysis,keep
triage-pass-2,patiently,keep
triage-pass-2,patrols,keep
triage-pass-2,pianist,keep
triage-pass-2,pickles,keep
triage-pass-2,pilgrims,keep
triage-pass-2,pisses,keep
triage-pass-2,placebo,keep
triage-pass-2,podcasts,keep
triage-pass-2,pointers,keep
triage-pass-2,postpone,keep
triage-pass-2,propelled,keep
triage-pass-2,punt,keep
triage-pass-2,raptors,keep
triage-pass-2,repetition,keep
triage-pass-2,restraining,keep
triage-pass-2,revise,keep
triage-pass-2,rinse,keep
triage-pass-2,scalp,keep
triage-pass-2,scrolling,keep
triage-pass-2,sealing,keep
triage-pass-2,sheds,keep
triage-pass-2,sheltered,keep
triage-pass-2,shutter,keep
triage-pass-2,smartest,keep
triage-pass-2,snatched,keep
triage-pass-2,spans,keep
triage-pass-2,sparrow,keep
triage-pass-2,speculate,keep
triage-pass-2,spinach,keep
triage-pass-2,stew,keep
triage-pass-2,stoned,keep
triage-pass-2,stressing,keep
triage-pass-2,styling,keep
triage-pass-2,sublime,keep
triage-pass-2,subtitles,keep
triage-pass-2,sweetness,keep
triage-pass-2,teamwork,keep
triage-pass-2,tequila,keep
triage-pass-2,terrestrial,keep
triage-pass-2,textures,keep
triage-pass-2,thinkers,keep
triage-pass-2,thorn,keep
triage-pass-2,thug,keep
triage-pass-2,toned,keep
triage-pass-2,totals,keep
triage-pass-2,triggering,keep
triage-pass-2,twenties,keep
triage-pass-2,uncover,keep
triage-pass-2,unnatural,keep
triage-pass-2,unstoppable,keep
triage-pass-2,upfront,keep
triage-pass-2,urgently,keep
triage-pass-2,virginity,keep
triage-pass-2,virtues,keep
triage-pass-2,vouchers,keep
triage-pass-2,waived,keep
triage-pass-2,wiser,keep
triage-pass-2,wrestle,keep
triage-pass-2,accountants,keep
triage-pass-2,aggravated,keep
triage-pass-2,alleging,keep
triage-pass-2,alto,keep
triage-pass-2,anomaly,keep
triage-pass-2,aperture,keep
triage-pass-2,apostles,keep
triage-pass-2,aspire,keep
triage-pass-2,benches,keep
triage-pass-2,biodiversity,keep
triage-pass-2,biomedical,keep
triage-pass-2,blinded,keep
triage-pass-2,blurred,keep
triage-pass-2,boarded,keep
triage-pass-2,breadth,keep
triage-pass-2,bullies,keep
triage-pass-2,buster,keep
triage-pass-2,cascade,keep
triage-pass-2,casinos,keep
triage-pass-2,centralized,keep
triage-pass-2,char,keep
triage-pass-2,cleanse,keep
triage-pass-2,complains,keep
triage-pass-2,concord,keep
triage-pass-2,connector,keep
triage-pass-2,consolidate,keep
triage-pass-2,containment,keep
triage-pass-2,coupling,keep
triage-pass-2,crate,keep
triage-pass-2,crave,keep
triage-pass-2,crows,keep
triage-pass-2,dangerously,keep
triage-pass-2,denounced,keep
triage-pass-2,diluted,keep
triage-pass-2,doping,keep
triage-pass-2,eddy,keep
triage-pass-2,elusive,keep
triage-pass-2,espionage,keep
triage-pass-2,establishes,keep
triage-pass-2,existential,keep
triage-pass-2,extremes,keep
triage-pass-2,extremists,keep
triage-pass-2,fanny,keep
triage-pass-2,flashback,keep
triage-pass-2,fluctuations,keep
triage-pass-2,forecasting,keep
triage-pass-2,funnel,keep
triage-pass-2,gloss,keep
triage-pass-2,grading,keep
triage-pass-2,graft,keep
triage-pass-2,grips,keep
triage-pass-2,grumpy,keep
triage-pass-2,guise,keep
triage-pass-2,halves,keep
triage-pass-2,heightened,keep
triage-pass-2,horizons,keep
triage-pass-2,hush,keep
triage-pass-2,imitation,keep
triage-pass-2,immersion,keep
triage-pass-2,inconvenient,keep
triage-pass-2,inspires,keep
triage-pass-2,interfaces,keep
triage-pass-2,intrigued,keep
triage-pass-2,intrinsic,keep
triage-pass-2,irresistible,keep
triage-pass-2,kittens,keep
triage-pass-2,landmarks,keep
triage-pass-2,landslide,keep
triage-pass-2,leash,keep
triage-pass-2,makeover,keep
triage-pass-2,manned,keep
triage-pass-2,mater,ditch
triage-pass-2,melodies,keep
triage-pass-2,memorandum,keep
triage-pass-2,mercer,ditch
triage-pass-2,mermaid,keep
triage-pass-2,moderation,keep
triage-pass-2,nobility,keep
triage-pass-2,notation,keep
triage-pass-2,onstage,keep
triage-pass-2,ordeal,keep
triage-pass-2,painfully,keep
triage-pass-2,paranormal,keep
triage-pass-2,pear,keep
triage-pass-2,piston,keep
triage-pass-2,plugs,keep
triage-pass-2,politely,keep
triage-pass-2,pollen,keep
triage-pass-2,principals,keep
triage-pass-2,provoking,keep
triage-pass-2,puberty,keep
triage-pass-2,raided,keep
triage-pass-2,railroads,keep
triage-pass-2,reggae,keep
triage-pass-2,relegated,keep
triage-pass-2,respectfully,keep
triage-pass-2,rethink,keep
triage-pass-2,reviewer,keep
triage-pass-2,reviewers,keep
triage-pass-2,rewrite,keep
triage-pass-2,rodeo,keep
triage-pass-2,shire,keep
triage-pass-2,sinks,keep
triage-pass-2,slit,keep
triage-pass-2,snapping,keep
triage-pass-2,sobbing,keep
triage-pass-2,spitting,keep
triage-pass-2,starved,keep
triage-pass-2,stirred,keep
triage-pass-2,stockings,keep
triage-pass-2,stuffing,keep
triage-pass-2,substituted,keep
triage-pass-2,succeeds,keep
triage-pass-2,summons,keep
triage-pass-2,swung,keep
triage-pass-2,taboo,keep
triage-pass-2,teaser,keep
triage-pass-2,thatcher,keep
triage-pass-2,throttle,keep
triage-pass-2,tides,keep
triage-pass-2,trendy,keep
triage-pass-2,trimmed,keep
triage-pass-2,trivia,keep
triage-pass-2,trumps,keep
triage-pass-2,turbulent,keep
triage-pass-2,twisting,keep
triage-pass-2,unbearable,keep
triage-pass-2,underage,keep
triage-pass-2,unleashed,keep
triage-pass-2,unmarried,keep
triage-pass-2,vaguely,keep
triage-pass-2,veggies,keep
triage-pass-2,visas,keep
triage-pass-2,vortex,keep
triage-pass-2,voucher,keep
triage-pass-2,wand,keep
triage-pass-2,wanderers,keep
triage-pass-2,warmed,keep
triage-pass-2,accelerating,keep
triage-pass-2,advert,keep
triage-pass-2,afforded,keep
triage-pass-2,alias,keep
triage-pass-2,anchored,keep
triage-pass-2,annoy,keep
triage-pass-2,antibody,keep
triage-pass-2,apostle,keep
triage-pass-2,appalling,keep
triage-pass-2,applaud,keep
triage-pass-2,arteries,keep
triage-pass-2,astronauts,keep
triage-pass-2,bondage,keep
triage-pass-2,boredom,keep
triage-pass-2,bounced,keep
triage-pass-2,bowman,keep
triage-pass-2,breeders,keep
triage-pass-2,brilliantly,keep
triage-pass-2,brunch,keep
triage-pass-2,burgundy,keep
triage-pass-2,cabinets,keep
triage-pass-2,castles,keep
triage-pass-2,changer,keep
triage-pass-2,chestnut,keep
triage-pass-2,cleaners,keep
triage-pass-2,cleanup,keep
triage-pass-2,cocks,keep
triage-pass-2,compose,keep
triage-pass-2,concise,keep
triage-pass-2,confinement,keep
triage-pass-2,confronting,keep
triage-pass-2,consultancy,keep
triage-pass-2,contraction,keep
triage-pass-2,contrasting,keep
triage-pass-2,convergence,keep
triage-pass-2,coughing,keep
triage-pass-2,criterion,keep
triage-pass-2,crossings,keep
triage-pass-2,crowns,keep
triage-pass-2,cylinders,keep
triage-pass-2,deduction,keep
triage-pass-2,despicable,keep
triage-pass-2,detachment,keep
triage-pass-2,detectors,keep
triage-pass-2,dialog,keep
triage-pass-2,digestive,keep
triage-pass-2,diminish,keep
triage-pass-2,disclaimer,keep
triage-pass-2,disconnect,keep
triage-pass-2,disruptive,keep
triage-pass-2,endlessly,keep
triage-pass-2,enthusiast,keep
triage-pass-2,epilepsy,keep
triage-pass-2,estimation,keep
triage-pass-2,ethanol,keep
triage-pass-2,excavation,keep
triage-pass-2,extremist,keep
triage-pass-2,feeder,keep
triage-pass-2,flashlight,keep
triage-pass-2,flattering,keep
triage-pass-2,floats,keep
triage-pass-2,forcibly,keep
triage-pass-2,garland,keep
triage-pass-2,grail,keep
triage-pass-2,graphical,keep
triage-pass-2,grouping,keep
triage-pass-2,holiness,keep
triage-pass-2,horrifying,keep
triage-pass-2,humiliating,keep
triage-pass-2,iced,keep
triage-pass-2,illustrator,keep
triage-pass-2,imbalance,keep
triage-pass-2,immoral,keep
triage-pass-2,implicated,keep
triage-pass-2,inefficient,keep
triage-pass-2,initials,keep
triage-pass-2,intensified,keep
triage-pass-2,intolerance,keep
triage-pass-2,jurors,keep
triage-pass-2,kappa,keep
triage-pass-2,keepers,keep
triage-pass-2,ketchup,keep
triage-pass-2,leukemia,keep
triage-pass-2,liars,keep
triage-pass-2,lineage,keep
triage-pass-2,liter,keep
triage-pass-2,looting,keep
triage-pass-2,manpower,keep
triage-pass-2,martyr,keep
triage-pass-2,masturbation,keep
triage-pass-2,mitigation,keep
triage-pass-2,motorway,keep
triage-pass-2,obscene,keep
triage-pass-2,occupants,keep
triage-pass-2,octopus,keep
triage-pass-2,onward,keep
triage-pass-2,operatives,keep
triage-pass-2,opium,keep
triage-pass-2,ovarian,keep
triage-pass-2,penal,keep
triage-pass-2,permitting,keep
triage-pass-2,petals,keep
triage-pass-2,pierced,keep
triage-pass-2,pistols,keep
triage-pass-2,plank,keep
triage-pass-2,plantations,keep
triage-pass-2,plight,keep
triage-pass-2,ponds,keep
triage-pass-2,postseason,keep
triage-pass-2,presiding,keep
triage-pass-2,privy,keep
triage-pass-2,propulsion,keep
triage-pass-2,raft,keep
triage-pass-2,registering,keep
triage-pass-2,rejoice,keep
triage-pass-2,relics,keep
triage-pass-2,reproduced,keep
triage-pass-2,roam,keep
triage-pass-2,sandals,keep
triage-pass-2,serpent,keep
triage-pass-2,sesame,keep
triage-pass-2,shoved,keep
triage-pass-2,simplify,keep
triage-pass-2,siren,keep
triage-pass-2,slater,ditch
triage-pass-2,sleeper,keep
triage-pass-2,smear,keep
triage-pass-2,snowy,keep
triage-pass-2,spectral,keep
triage-pass-2,spoilers,keep
triage-pass-2,stabilize,keep
triage-pass-2,stains,keep
triage-pass-2,stalk,keep
triage-pass-2,standings,keep
triage-pass-2,statesman,keep
triage-pass-2,stink,keep
triage-pass-2,stormy,keep
triage-pass-2,subcommittee,keep
triage-pass-2,suffice,keep
triage-pass-2,surrounds,keep
triage-pass-2,swat,keep
triage-pass-2,swine,keep
triage-pass-2,symbolism,keep
triage-pass-2,tangled,keep
triage-pass-2,ticking,keep
triage-pass-2,tram,keep
triage-pass-2,tutorials,keep
triage-pass-2,underwood,ditch
triage-pass-2,underworld,keep
triage-pass-2,vectors,keep
triage-pass-2,vertically,keep
triage-pass-2,vigorous,keep
triage-pass-2,wandered,keep
triage-pass-2,wrongly,keep
triage-pass-2,abiding,keep
triage-pass-2,alcoholism,keep
triage-pass-2,amplifier,keep
triage-pass-2,apes,keep
triage-pass-2,arches,keep
triage-pass-2,astounding,keep
triage-pass-2,atheism,keep
triage-pass-2,auctions,keep
triage-pass-2,audible,keep
triage-pass-2,avocado,keep
triage-pass-2,bangs,keep
triage-pass-2,bashing,keep
triage-pass-2,baskets,keep
triage-pass-2,bathtub,keep
triage-pass-2,beep,keep
triage-pass-2,biscuit,keep
triage-pass-2,bitterness,keep
triage-pass-2,blatant,keep
triage-pass-2,boon,keep
triage-pass-2,boyfriends,keep
triage-pass-2,brat,keep
triage-pass-2,bunk,keep
triage-pass-2,candid,keep
triage-pass-2,caretaker,keep
triage-pass-2,carts,keep
triage-pass-2,ceilings,keep
triage-pass-2,cervical,keep
triage-pass-2,checklist,keep
triage-pass-2,clamp,keep
triage-pass-2,clans,keep
triage-pass-2,composers,keep
triage-pass-2,coronation,keep
triage-pass-2,cracker,keep
triage-pass-2,crackers,keep
triage-pass-2,cunning,keep
triage-pass-2,depiction,keep
triage-pass-2,depleted,keep
triage-pass-2,diabetic,keep
triage-pass-2,diaspora,keep
triage-pass-2,digitally,keep
triage-pass-2,discord,keep
triage-pass-2,distractions,keep
triage-pass-2,divides,keep
triage-pass-2,divinity,keep
triage-pass-2,donuts,keep
triage-pass-2,dorsal,keep
triage-pass-2,durability,keep
triage-pass-2,empress,keep
triage-pass-2,enroll,keep
triage-pass-2,entertainer,keep
triage-pass-2,entrusted,keep
triage-pass-2,evidenced,keep
triage-pass-2,extracts,keep
triage-pass-2,fatalities,keep
triage-pass-2,festivities,keep
triage-pass-2,finalist,keep
triage-pass-2,footballers,keep
triage-pass-2,forks,keep
triage-pass-2,gadget,keep
triage-pass-2,gasp,keep
triage-pass-2,genital,keep
triage-pass-2,glitch,keep
triage-pass-2,gong,keep
triage-pass-2,graded,keep
triage-pass-2,graders,keep
triage-pass-2,greasy,keep
triage-pass-2,grieving,keep
triage-pass-2,grooming,keep
triage-pass-2,hamburger,keep
triage-pass-2,heed,keep
triage-pass-2,hideous,keep
triage-pass-2,homepage,keep
triage-pass-2,hoops,keep
triage-pass-2,imaginative,keep
triage-pass-2,imperfect,keep
triage-pass-2,implicit,keep
triage-pass-2,inlet,keep
triage-pass-2,insensitive,keep
triage-pass-2,interpreting,keep
triage-pass-2,islanders,keep
triage-pass-2,jars,keep
triage-pass-2,keystone,keep
triage-pass-2,knitting,keep
triage-pass-2,kudos,keep
triage-pass-2,layered,keep
triage-pass-2,lieu,keep
triage-pass-2,liquidity,keep
triage-pass-2,lotion,keep
triage-pass-2,lows,keep
triage-pass-2,mains,keep
triage-pass-2,manipulating,keep
triage-pass-2,mara,ditch
triage-pass-2,marquis,keep
triage-pass-2,mayhem,keep
triage-pass-2,merging,keep
triage-pass-2,mistakenly,keep
triage-pass-2,neuroscience,keep
triage-pass-2,nipple,keep
triage-pass-2,noses,keep
triage-pass-2,nostalgic,keep
triage-pass-2,oppressive,keep
triage-pass-2,patronage,keep
triage-pass-2,pinnacle,keep
triage-pass-2,plagued,keep
triage-pass-2,plated,keep
triage-pass-2,pods,keep
triage-pass-2,pong,keep
triage-pass-2,poorest,keep
triage-pass-2,programmers,keep
triage-pass-2,prompting,keep
triage-pass-2,prosper,keep
triage-pass-2,qualitative,keep
triage-pass-2,queries,keep
triage-pass-2,racer,keep
triage-pass-2,radial,keep
triage-pass-2,realms,keep
triage-pass-2,recap,keep
triage-pass-2,recognizable,keep
triage-pass-2,regent,keep
triage-pass-2,reigning,keep
triage-pass-2,reluctantly,keep
triage-pass-2,rendition,keep
triage-pass-2,resumes,keep
triage-pass-2,revisions,keep
triage-pass-2,roadside,keep
triage-pass-2,rovers,keep
triage-pass-2,scrambled,keep
triage-pass-2,scratches,keep
triage-pass-2,secretariat,keep
triage-pass-2,sham,keep
triage-pass-2,shortcomings,keep
triage-pass-2,shredded,keep
triage-pass-2,slayer,keep
triage-pass-2,smokes,keep
triage-pass-2,soothing,keep
triage-pass-2,spawned,keep
triage-pass-2,stalker,keep
triage-pass-2,statistic,keep
triage-pass-2,stature,keep
triage-pass-2,steward,keep
triage-pass-2,stout,keep
triage-pass-2,stripper,keep
triage-pass-2,stump,keep
triage-pass-2,submarines,keep
triage-pass-2,subordinate,keep
triage-pass-2,swimmers,keep
triage-pass-2,synagogue,keep
triage-pass-2,tentative,keep
triage-pass-2,texted,keep
triage-pass-2,tongues,keep
triage-pass-2,topical,keep
triage-pass-2,transforms,keep
triage-pass-2,uneasy,keep
triage-pass-2,unfold,keep
triage-pass-2,variance,keep
triage-pass-2,vested,keep
triage-pass-2,vols,ditch
triage-pass-2,wagons,keep
triage-pass-2,wally,ditch
triage-pass-2,wavelength,keep
triage-pass-2,workload,keep
triage-pass-2,yells,keep
triage-pass-2,acquitted,keep
triage-pass-2,admiralty,keep
triage-pass-2,ageing,keep
triage-pass-2,aiding,keep
triage-pass-2,artificially,keep
triage-pass-2,barring,keep
triage-pass-2,bead,keep
triage-pass-2,berth,keep
triage-pass-2,billionaires,keep
triage-pass-2,blackmail,keep
triage-pass-2,blending,keep
triage-pass-2,blindness,keep
triage-pass-2,bragging,keep
triage-pass-2,brightly,keep
triage-pass-2,burglary,keep
triage-pass-2,busting,keep
triage-pass-2,cafeteria,keep
triage-pass-2,canary,keep
triage-pass-2,cannons,keep
triage-pass-2,capacities,keep
triage-pass-2,cardio,keep
triage-pass-2,ceramics,keep
triage-pass-2,cheats,keep
triage-pass-2,clauses,keep
triage-pass-2,clumsy,keep
triage-pass-2,commuter,keep
triage-pass-2,composing,keep
triage-pass-2,contingency,keep
triage-pass-2,coworkers,keep
triage-pass-2,cupboard,keep
triage-pass-2,curated,keep
triage-pass-2,customized,keep
triage-pass-2,daft,keep
triage-pass-2,depended,keep
triage-pass-2,deprivation,keep
triage-pass-2,disqualified,keep
triage-pass-2,disrupted,keep
triage-pass-2,diversified,keep
triage-pass-2,documenting,keep
triage-pass-2,doubted,keep
triage-pass-2,downing,keep
triage-pass-2,duly,keep
triage-pass-2,dusk,keep
triage-pass-2,edits,keep
triage-pass-2,enchanted,keep
triage-pass-2,episcopal,keep
triage-pass-2,escalated,keep
triage-pass-2,everlasting,keep
triage-pass-2,excellency,keep
triage-pass-2,executions,keep
triage-pass-2,faking,keep
triage-pass-2,feasibility,keep
triage-pass-2,federally,keep
triage-pass-2,flavored,keep
triage-pass-2,formulas,keep
triage-pass-2,fuckers,keep
triage-pass-2,fulfillment,keep
triage-pass-2,godfather,keep
triage-pass-2,gran,keep
triage-pass-2,groundwater,keep
triage-pass-2,hospitalized,keep
triage-pass-2,hostilities,keep
triage-pass-2,illusions,keep
triage-pass-2,indifferent,keep
triage-pass-2,inject,keep
triage-pass-2,insistence,keep
triage-pass-2,interiors,keep
triage-pass-2,intimidated,keep
triage-pass-2,invariably,keep
triage-pass-2,invincible,keep
triage-pass-2,jubilee,keep
triage-pass-2,kinetic,keep
triage-pass-2,lashes,keep
triage-pass-2,lavender,keep
triage-pass-2,lemonade,keep
triage-pass-2,lodging,keep
triage-pass-2,malls,keep
triage-pass-2,mania,keep
triage-pass-2,medically,keep
triage-pass-2,menus,keep
triage-pass-2,mule,keep
triage-pass-2,mythical,keep
triage-pass-2,neutron,keep
triage-pass-2,newcomers,keep
triage-pass-2,nicknamed,keep
triage-pass-2,occupations,keep
triage-pass-2,orderly,keep
triage-pass-2,orient,keep
triage-pass-2,outset,keep
triage-pass-2,paralyzed,keep
triage-pass-2,parry,keep
triage-pass-2,parted,keep
triage-pass-2,patio,keep
triage-pass-2,peacock,keep
triage-pass-2,pedestrians,keep
triage-pass-2,pines,keep
triage-pass-2,pitchers,keep
triage-pass-2,plugged,keep
triage-pass-2,postcard,keep
triage-pass-2,powerhouse,keep
triage-pass-2,precursor,keep
triage-pass-2,preferable,keep
triage-pass-2,preparatory,keep
triage-pass-2,prism,keep
triage-pass-2,proclamation,keep
triage-pass-2,proponents,keep
triage-pass-2,provocative,keep
triage-pass-2,purposely,keep
triage-pass-2,reclaim,keep
triage-pass-2,reflex,keep
triage-pass-2,relocate,keep
triage-pass-2,rematch,keep
triage-pass-2,renal,keep
triage-pass-2,repayment,keep
triage-pass-2,residences,keep
triage-pass-2,restrained,keep
triage-pass-2,rhythms,keep
triage-pass-2,riddle,keep
triage-pass-2,rites,keep
triage-pass-2,roach,keep
triage-pass-2,royalties,keep
triage-pass-2,rubble,keep
triage-pass-2,sacrificing,keep
triage-pass-2,sapphire,keep
triage-pass-2,screwing,keep
triage-pass-2,seam,keep
triage-pass-2,sectional,keep
triage-pass-2,servicing,keep
triage-pass-2,shrinking,keep
triage-pass-2,simulate,keep
triage-pass-2,sniff,keep
triage-pass-2,soaring,keep
triage-pass-2,soluble,keep
triage-pass-2,solvent,keep
triage-pass-2,spaced,keep
triage-pass-2,stocked,keep
triage-pass-2,stoked,keep
triage-pass-2,strapped,keep
triage-pass-2,streamed,keep
triage-pass-2,sturdy,keep
triage-pass-2,swarm,keep
triage-pass-2,tanker,keep
triage-pass-2,taxis,keep
triage-pass-2,terra,ditch
triage-pass-2,timetable,keep
triage-pass-2,torpedo,keep
triage-pass-2,traitors,keep
triage-pass-2,trolley,keep
triage-pass-2,trolling,keep
triage-pass-2,undertook,keep
triage-pass-2,undocumented,keep
triage-pass-2,vaginal,keep
triage-pass-2,verbs,keep
triage-pass-2,viability,keep
triage-pass-2,villas,keep
triage-pass-2,whispered,keep
triage-pass-2,widening,keep
triage-pass-2,winged,keep
triage-pass-2,wiping,keep
triage-pass-2,wolverine,keep
triage-pass-2,wrought,keep
triage-pass-2,yearbook,keep
triage-pass-2,yikes,keep
triage-pass-2,abbot,keep
triage-pass-2,abduction,keep
triage-pass-2,ache,keep
triage-pass-2,advises,keep
triage-pass-2,ancestral,keep
triage-pass-2,anchors,keep
triage-pass-2,antiquity,keep
triage-pass-2,apocalyptic,keep
triage-pass-2,appraisal,keep
triage-pass-2,aspen,keep
triage-pass-2,autistic,keep
triage-pass-2,bearer,keep
triage-pass-2,bins,keep
triage-pass-2,bleak,keep
triage-pass-2,blender,keep
triage-pass-2,bogus,keep
triage-pass-2,booming,keep
triage-pass-2,bruises,keep
triage-pass-2,cages,keep
triage-pass-2,centric,ditch
triage-pass-2,chaired,keep
triage-pass-2,chaplain,keep
triage-pass-2,chlorine,keep
triage-pass-2,clement,keep
triage-pass-2,collusion,keep
triage-pass-2,contenders,keep
triage-pass-2,contractual,keep
triage-pass-2,coroner,keep
triage-pass-2,correctional,keep
triage-pass-2,corridors,keep
triage-pass-2,creamy,keep
triage-pass-2,cubes,keep
triage-pass-2,diapers,keep
triage-pass-2,dirk,ditch
triage-pass-2,disbelief,keep
triage-pass-2,discreet,keep
triage-pass-2,distracting,keep
triage-pass-2,duet,keep
triage-pass-2,dyed,keep
triage-pass-2,enact,keep
triage-pass-2,evaluations,keep
triage-pass-2,exporting,keep
triage-pass-2,expressive,keep
triage-pass-2,facilitating,keep
triage-pass-2,fiddle,keep
triage-pass-2,fists,keep
triage-pass-2,flaming,keep
triage-pass-2,foes,keep
triage-pass-2,folds,keep
triage-pass-2,fortified,keep
triage-pass-2,generalized,keep
triage-pass-2,glossy,keep
triage-pass-2,grit,keep
triage-pass-2,hammered,keep
triage-pass-2,harassing,keep
triage-pass-2,hauled,keep
triage-pass-2,hectares,keep
triage-pass-2,homelessness,keep
triage-pass-2,hopping,keep
triage-pass-2,horrendous,keep
triage-pass-2,horrified,keep
triage-pass-2,hostel,keep
triage-pass-2,hound,keep
triage-pass-2,hugged,keep
triage-pass-2,illegitimate,keep
triage-pass-2,illicit,keep
triage-pass-2,importing,keep
triage-pass-2,incompetence,keep
triage-pass-2,insomnia,keep
triage-pass-2,interception,keep
triage-pass-2,invaders,keep
triage-pass-2,juniors,keep
triage-pass-2,karaoke,keep
triage-pass-2,lagoon,keep
triage-pass-2,lesions,keep
triage-pass-2,limp,keep
triage-pass-2,lingering,keep
triage-pass-2,linguistics,keep
triage-pass-2,locating,keep
triage-pass-2,logically,keep
triage-pass-2,lucifer,ditch
triage-pass-2,lunatic,keep
triage-pass-2,lyrical,keep
triage-pass-2,manufactures,keep
triage-pass-2,mastering,keep
triage-pass-2,mead,keep
triage-pass-2,mergers,keep
triage-pass-2,migrate,keep
triage-pass-2,mildly,keep
triage-pass-2,miraculous,keep
triage-pass-2,moaning,keep
triage-pass-2,mocked,keep
triage-pass-2,mosquitoes,keep
triage-pass-2,mourn,keep
triage-pass-2,mundane,keep
triage-pass-2,narrowed,keep
triage-pass-2,nests,keep
triage-pass-2,nutshell,keep
triage-pass-2,obsessive,keep
triage-pass-2,offending,keep
triage-pass-2,overboard,keep
triage-pass-2,paws,keep
triage-pass-2,pendant,keep
triage-pass-2,petite,keep
triage-pass-2,petitions,keep
triage-pass-2,pimp,keep
triage-pass-2,pipelines,keep
triage-pass-2,poised,keep
triage-pass-2,posterior,keep
triage-pass-2,pouch,keep
triage-pass-2,predicts,keep
triage-pass-2,probes,keep
triage-pass-2,proficiency,keep
triage-pass-2,progresses,keep
triage-pass-2,protestors,keep
triage-pass-2,psychotic,keep
triage-pass-2,racists,keep
triage-pass-2,referees,keep
triage-pass-2,relegation,keep
triage-pass-2,repertoire,keep
triage-pass-2,repository,keep
triage-pass-2,reversing,keep
triage-pass-2,rumble,keep
triage-pass-2,saloon,keep
triage-pass-2,sanction,keep
triage-pass-2,sexes,keep
triage-pass-2,sinners,keep
triage-pass-2,sire,keep
triage-pass-2,slated,keep
triage-pass-2,soaking,keep
triage-pass-2,stale,keep
triage-pass-2,stereotype,keep
triage-pass-2,sterile,keep
triage-pass-2,stride,keep
triage-pass-2,stringent,keep
triage-pass-2,sulfur,keep
triage-pass-2,surfaced,keep
triage-pass-2,tacos,keep
triage-pass-2,therapists,keep
triage-pass-2,torrent,keep
triage-pass-2,trainee,keep
triage-pass-2,transmitting,keep
triage-pass-2,trey,ditch
triage-pass-2,tripped,keep
triage-pass-2,trough,keep
triage-pass-2,trunks,keep
triage-pass-2,tummy,keep
triage-pass-2,unjust,keep
triage-pass-2,upbringing,keep
triage-pass-2,uploading,keep
triage-pass-2,wager,keep
triage-pass-2,walled,keep
triage-pass-2,warehouses,keep
triage-pass-2,whoops,keep
triage-pass-2,accelerator,keep
triage-pass-2,accuses,keep
triage-pass-2,acrylic,keep
triage-pass-2,anchorage,keep
triage-pass-2,annexation,keep
triage-pass-2,approves,keep
triage-pass-2,ascent,keep
triage-pass-2,assassins,keep
triage-pass-2,ballad,keep
triage-pass-2,banged,keep
triage-pass-2,betray,keep
triage-pass-2,bigotry,keep
triage-pass-2,bookstore,keep
triage-pass-2,boomers,keep
triage-pass-2,bots,keep
triage-pass-2,breakers,keep
triage-pass-2,broom,keep
triage-pass-2,brute,keep
triage-pass-2,busiest,keep
triage-pass-2,camouflage,keep
triage-pass-2,chiefly,keep
triage-pass-2,childbirth,keep
triage-pass-2,chills,keep
triage-pass-2,compliant,keep
triage-pass-2,conservatism,keep
triage-pass-2,continuum,keep
triage-pass-2,corona,keep
triage-pass-2,cosplay,keep
triage-pass-2,cowardly,keep
triage-pass-2,cruises,keep
triage-pass-2,cultivate,keep
triage-pass-2,curls,keep
triage-pass-2,dealership,keep
triage-pass-2,dearest,keep
triage-pass-2,denotes,keep
triage-pass-2,densely,keep
triage-pass-2,derives,keep
triage-pass-2,devoid,keep
triage-pass-2,diagrams,keep
triage-pass-2,disparity,keep
triage-pass-2,diva,keep
triage-pass-2,divert,keep
triage-pass-2,drawers,keep
triage-pass-2,eater,keep
triage-pass-2,elegance,keep
triage-pass-2,encrypted,keep
triage-pass-2,escorts,keep
triage-pass-2,exposes,keep
triage-pass-2,facade,keep
triage-pass-2,farmhouse,keep
triage-pass-2,fertilizer,keep
triage-pass-2,filler,keep
triage-pass-2,fishes,keep
triage-pass-2,flea,keep
triage-pass-2,footwear,keep
triage-pass-2,frying,keep
triage-pass-2,goodies,keep
triage-pass-2,handbag,keep
triage-pass-2,handicapped,keep
triage-pass-2,helium,keep
triage-pass-2,hemp,keep
triage-pass-2,hitch,keep
triage-pass-2,incarnation,keep
triage-pass-2,inhibitors,keep
triage-pass-2,intrusion,keep
triage-pass-2,inverse,keep
triage-pass-2,inverted,keep
triage-pass-2,irritation,keep
triage-pass-2,juices,keep
triage-pass-2,keywords,keep
triage-pass-2,lavish,keep
triage-pass-2,livelihood,keep
triage-pass-2,marches,keep
triage-pass-2,medic,keep
triage-pass-2,merlin,ditch
triage-pass-2,midland,keep
triage-pass-2,misguided,keep
triage-pass-2,morrow,keep
triage-pass-2,motivations,keep
triage-pass-2,muster,keep
triage-pass-2,mutants,keep
triage-pass-2,muted,keep
triage-pass-2,noodle,keep
triage-pass-2,nylon,keep
triage-pass-2,override,keep
triage-pass-2,paranoia,keep
triage-pass-2,paving,keep
triage-pass-2,persecuted,keep
triage-pass-2,phosphate,keep
triage-pass-2,physicist,keep
triage-pass-2,piping,keep
triage-pass-2,plurality,keep
triage-pass-2,prehistoric,keep
triage-pass-2,prohibits,keep
triage-pass-2,pronouns,keep
triage-pass-2,proton,keep
triage-pass-2,psyche,keep
triage-pass-2,redesign,keep
triage-pass-2,relocated,keep
triage-pass-2,reluctance,keep
triage-pass-2,rentals,keep
triage-pass-2,reopen,keep
triage-pass-2,replication,keep
triage-pass-2,rigging,keep
triage-pass-2,rotor,keep
triage-pass-2,sediment,keep
triage-pass-2,seeming,keep
triage-pass-2,selves,keep
triage-pass-2,sneaking,keep
triage-pass-2,solitude,keep
triage-pass-2,spacing,keep
triage-pass-2,standby,keep
triage-pass-2,straps,keep
triage-pass-2,strikers,keep
triage-pass-2,stronghold,keep
triage-pass-2,stumble,keep
triage-pass-2,suicides,keep
triage-pass-2,supermarkets,keep
triage-pass-2,theorists,keep
triage-pass-2,therein,keep
triage-pass-2,triangular,keep
triage-pass-2,tricked,keep
triage-pass-2,trooper,keep
triage-pass-2,truthful,keep
triage-pass-2,turret,keep
triage-pass-2,ubiquitous,keep
triage-pass-2,unbelievably,keep
triage-pass-2,unnoticed,keep
triage-pass-2,untouched,keep
triage-pass-2,vibrations,keep
triage-pass-2,visionary,keep
triage-pass-2,voodoo,keep
triage-pass-2,wilder,keep
triage-pass-2,witchcraft,keep
triage-pass-2,withdrawals,keep
triage-pass-2,withdrawing,keep
triage-pass-2,wrestlers,keep
triage-pass-2,adultery,keep
triage-pass-2,agile,keep
triage-pass-2,aides,keep
triage-pass-2,anonymously,keep
triage-pass-2,artifact,keep
triage-pass-2,austerity,keep
triage-pass-2,awfully,keep
triage-pass-2,battered,keep
triage-pass-2,biking,keep
triage-pass-2,boob,keep
triage-pass-2,boosts,keep
triage-pass-2,bouquet,keep
triage-pass-2,boxers,keep
triage-pass-2,browning,keep
triage-pass-2,bullock,keep
triage-pass-2,candidacy,keep
triage-pass-2,cartridges,keep
triage-pass-2,carve,keep
triage-pass-2,cherished,keep
triage-pass-2,climbs,keep
triage-pass-2,clubhouse,keep
triage-pass-2,coarse,keep
triage-pass-2,collegiate,keep
triage-pass-2,commonplace,keep
triage-pass-2,compute,keep
triage-pass-2,confidently,keep
triage-pass-2,constrained,keep
triage-pass-2,contemplate,keep
triage-pass-2,converter,keep
triage-pass-2,coop,keep
triage-pass-2,cooperating,keep
triage-pass-2,coronary,keep
triage-pass-2,cottages,keep
triage-pass-2,crook,keep
triage-pass-2,cucumber,keep
triage-pass-2,cupcakes,keep
triage-pass-2,darts,keep
triage-pass-2,deco,ditch
triage-pass-2,depict,keep
triage-pass-2,diagnose,keep
triage-pass-2,directorate,keep
triage-pass-2,disliked,keep
triage-pass-2,diver,keep
triage-pass-2,dora,ditch
triage-pass-2,dormant,keep
triage-pass-2,dotted,keep
triage-pass-2,drifted,keep
triage-pass-2,embarrass,keep
triage-pass-2,emulate,keep
triage-pass-2,encompasses,keep
triage-pass-2,endowed,keep
triage-pass-2,enquiry,keep
triage-pass-2,evasion,keep
triage-pass-2,evergreen,keep
triage-pass-2,eviction,keep
triage-pass-2,excerpts,keep
triage-pass-2,explodes,keep
triage-pass-2,explorers,keep
triage-pass-2,expulsion,keep
triage-pass-2,fades,keep
triage-pass-2,figs,keep
triage-pass-2,filth,keep
triage-pass-2,floated,keep
triage-pass-2,foliage,keep
triage-pass-2,foreclosure,keep
triage-pass-2,forgets,keep
triage-pass-2,fortnight,keep
triage-pass-2,funnier,keep
triage-pass-2,genie,keep
triage-pass-2,glued,keep
triage-pass-2,heartbroken,keep
triage-pass-2,heats,keep
triage-pass-2,helper,keep
triage-pass-2,hesitant,keep
triage-pass-2,hoop,keep
triage-pass-2,humiliated,keep
triage-pass-2,hurdle,keep
triage-pass-2,hypertension,keep
triage-pass-2,immersed,keep
triage-pass-2,immortality,keep
triage-pass-2,indefinite,keep
triage-pass-2,indices,keep
triage-pass-2,insightful,keep
triage-pass-2,invitations,keep
triage-pass-2,irrespective,keep
triage-pass-2,kicker,keep
triage-pass-2,leaned,keep
triage-pass-2,leases,keep
triage-pass-2,ledge,keep
triage-pass-2,levin,ditch
triage-pass-2,lunches,keep
triage-pass-2,malt,keep
triage-pass-2,mayors,keep
triage-pass-2,melts,keep
triage-pass-2,mindfulness,keep
triage-pass-2,mined,keep
triage-pass-2,moderator,keep
triage-pass-2,momma,keep
triage-pass-2,monstrous,keep
triage-pass-2,morphology,keep
triage-pass-2,mustache,keep
triage-pass-2,natal,keep
triage-pass-2,nodded,keep
triage-pass-2,novice,keep
triage-pass-2,obituary,keep
triage-pass-2,ordination,keep
triage-pass-2,owls,keep
triage-pass-2,parity,keep
triage-pass-2,percentages,keep
triage-pass-2,persuasive,keep
triage-pass-2,pests,keep
triage-pass-2,piled,keep
triage-pass-2,poking,keep
triage-pass-2,populous,keep
triage-pass-2,postwar,keep
triage-pass-2,presided,keep
triage-pass-2,prevailed,keep
triage-pass-2,proactive,keep
triage-pass-2,prob,ditch
triage-pass-2,projector,keep
triage-pass-2,prominently,keep
triage-pass-2,prudent,keep
triage-pass-2,qualifier,keep
triage-pass-2,radios,keep
triage-pass-2,ratified,keep
triage-pass-2,refining,keep
triage-pass-2,regretted,keep
triage-pass-2,reliant,keep
triage-pass-2,reputable,keep
triage-pass-2,revolver,keep
triage-pass-2,revolving,keep
triage-pass-2,rink,keep
triage-pass-2,ripple,keep
triage-pass-2,robbers,keep
triage-pass-2,salts,keep
triage-pass-2,sampled,keep
triage-pass-2,scrolls,keep
triage-pass-2,seeker,keep
triage-pass-2,sentinel,keep
triage-pass-2,signalling,keep
triage-pass-2,sirens,keep
triage-pass-2,solemn,keep
triage-pass-2,spacious,keep
triage-pass-2,spheres,keep
triage-pass-2,spraying,keep
triage-pass-2,sprung,keep
triage-pass-2,substantive,keep
triage-pass-2,substitution,keep
triage-pass-2,sugars,keep
triage-pass-2,sweetest,keep
triage-pass-2,taxing,keep
triage-pass-2,torah,keep
triage-pass-2,torso,keep
triage-pass-2,transcripts,keep
triage-pass-2,tremendously,keep
triage-pass-2,tumble,keep
triage-pass-2,unleash,keep
triage-pass-2,unpublished,keep
triage-pass-2,untrue,keep
triage-pass-2,verbally,keep
triage-pass-2,vitality,keep
triage-pass-2,weeping,keep
triage-pass-2,whispering,keep
triage-pass-2,windshield,keep
triage-pass-2,abandonment,keep
triage-pass-2,abyss,keep
triage-pass-2,accession,keep
triage-pass-2,amateurs,keep
triage-pass-2,amir,ditch
triage-pass-2,archived,keep
triage-pass-2,arithmetic,keep
triage-pass-2,arson,keep
triage-pass-2,astronomers,keep
triage-pass-2,auditions,keep
triage-pass-2,awarding,keep
triage-pass-2,barren,keep
triage-pass-2,basal,keep
triage-pass-2,batsman,keep
triage-pass-2,bedding,keep
triage-pass-2,bender,keep
triage-pass-2,bicycles,keep
triage-pass-2,bourgeois,keep
triage-pass-2,braking,keep
triage-pass-2,bribery,keep
triage-pass-2,brunette,keep
triage-pass-2,bureaucratic,keep
triage-pass-2,cactus,keep
triage-pass-2,cassette,keep
triage-pass-2,chants,keep
triage-pass-2,childcare,keep
triage-pass-2,chocolates,keep
triage-pass-2,cleavage,keep
triage-pass-2,clones,keep
triage-pass-2,cohort,keep
triage-pass-2,commandments,keep
triage-pass-2,conceive,keep
triage-pass-2,condensed,keep
triage-pass-2,convened,keep
triage-pass-2,conveyed,keep
triage-pass-2,crabs,keep
triage-pass-2,cuddle,keep
triage-pass-2,culprit,keep
triage-pass-2,daunting,keep
triage-pass-2,demos,keep
triage-pass-2,deviation,keep
triage-pass-2,diffusion,keep
triage-pass-2,dildo,keep
triage-pass-2,distrust,keep
triage-pass-2,dominates,keep
triage-pass-2,echoed,keep
triage-pass-2,elbows,keep
triage-pass-2,elves,keep
triage-pass-2,embark,keep
triage-pass-2,empires,keep
triage-pass-2,ether,keep
triage-pass-2,etiquette,keep
triage-pass-2,exhibiting,keep
triage-pass-2,extravagant,keep
triage-pass-2,familiarity,keep
triage-pass-2,fender,keep
triage-pass-2,fetal,keep
triage-pass-2,finer,keep
triage-pass-2,fittings,keep
triage-pass-2,flushing,keep
triage-pass-2,freeing,keep
triage-pass-2,fused,keep
triage-pass-2,gorge,keep
triage-pass-2,greenwood,ditch
triage-pass-2,groves,keep
triage-pass-2,gutted,keep
triage-pass-2,harp,keep
triage-pass-2,heartfelt,keep
triage-pass-2,hinted,keep
triage-pass-2,hoodie,keep
triage-pass-2,housewife,keep
triage-pass-2,housewives,keep
triage-pass-2,hubs,keep
triage-pass-2,hypocrite,keep
triage-pass-2,insure,keep
triage-pass-2,lacrosse,keep
triage-pass-2,latex,keep
triage-pass-2,leftover,keep
triage-pass-2,legalization,keep
triage-pass-2,localized,keep
triage-pass-2,mammoth,keep
triage-pass-2,martyrs,keep
triage-pass-2,matchup,keep
triage-pass-2,modem,keep
triage-pass-2,mosques,keep
triage-pass-2,motif,keep
triage-pass-2,necks,keep
triage-pass-2,newcomer,keep
triage-pass-2,nobles,keep
triage-pass-2,oats,keep
triage-pass-2,ominous,keep
triage-pass-2,openness,keep
triage-pass-2,optimized,keep
triage-pass-2,overheard,keep
triage-pass-2,oversized,keep
triage-pass-2,pandora,ditch
triage-pass-2,panicked,keep
triage-pass-2,papal,keep
triage-pass-2,peril,keep
triage-pass-2,playable,keep
triage-pass-2,plunged,keep
triage-pass-2,pores,keep
triage-pass-2,posh,keep
triage-pass-2,practising,keep
triage-pass-2,precaution,keep
triage-pass-2,principally,keep
triage-pass-2,puppets,keep
triage-pass-2,rampage,keep
triage-pass-2,reassuring,keep
triage-pass-2,rebirth,keep
triage-pass-2,recharge,keep
triage-pass-2,rehearsals,keep
triage-pass-2,reliably,keep
triage-pass-2,renovations,keep
triage-pass-2,reservoirs,keep
triage-pass-2,retina,keep
triage-pass-2,revolves,keep
triage-pass-2,riff,keep
triage-pass-2,scattering,keep
triage-pass-2,scrape,keep
triage-pass-2,scripted,keep
triage-pass-2,semantic,keep
triage-pass-2,shear,keep
triage-pass-2,shedding,keep
triage-pass-2,sherry,keep
triage-pass-2,shitting,keep
triage-pass-2,silicone,keep
triage-pass-2,skepticism,keep
triage-pass-2,smiley,keep
triage-pass-2,snoop,keep
triage-pass-2,sponsoring,keep
triage-pass-2,stables,keep
triage-pass-2,startling,keep
triage-pass-2,strands,keep
triage-pass-2,strife,keep
triage-pass-2,stylist,keep
triage-pass-2,superheroes,keep
triage-pass-2,tattooed,keep
triage-pass-2,tenor,keep
triage-pass-2,thrift,keep
triage-pass-2,toured,keep
triage-pass-2,traverse,keep
triage-pass-2,turnaround,keep
triage-pass-2,uterus,keep
triage-pass-2,validate,keep
triage-pass-2,vocalist,keep
triage-pass-2,warranted,keep
triage-pass-2,weakening,keep
triage-pass-2,wildcats,keep
triage-pass-2,wipes,keep
triage-pass-2,wrists,keep
triage-pass-2,yielding,keep
triage-pass-2,aces,keep
triage-pass-2,anesthesia,keep
triage-pass-2,anonymity,keep
triage-pass-2,anticipating,keep
triage-pass-2,aria,keep
triage-pass-2,articulated,keep
triage-pass-2,assassinated,keep
triage-pass-2,babes,keep
triage-pass-2,bandits,keep
triage-pass-2,banished,keep
triage-pass-2,barefoot,keep
triage-pass-2,barrage,keep
triage-pass-2,beauties,keep
triage-pass-2,bestowed,keep
triage-pass-2,bordering,keep
triage-pass-2,brilliance,keep
triage-pass-2,broth,keep
triage-pass-2,bruised,keep
triage-pass-2,buns,keep
triage-pass-2,cabins,keep
triage-pass-2,campaigned,keep
triage-pass-2,centenary,keep
triage-pass-2,checkpoint,keep
triage-pass-2,chloride,keep
triage-pass-2,classify,keep
triage-pass-2,clinically,keep
triage-pass-2,coefficient,keep
triage-pass-2,coined,keep
triage-pass-2,collapsing,keep
triage-pass-2,collisions,keep
triage-pass-2,condemning,keep
triage-pass-2,conditioner,keep
triage-pass-2,conductors,keep
triage-pass-2,cones,keep
triage-pass-2,conglomerate,keep
triage-pass-2,conversions,keep
triage-pass-2,cornerstone,keep
triage-pass-2,correctness,keep
triage-pass-2,counterfeit,keep
triage-pass-2,deacon,keep
triage-pass-2,debuts,keep
triage-pass-2,deceived,keep
triage-pass-2,delaying,keep
triage-pass-2,dentistry,keep
triage-pass-2,desks,keep
triage-pass-2,detainees,keep
triage-pass-2,dictated,keep
triage-pass-2,disks,keep
triage-pass-2,dismissing,keep
triage-pass-2,edgy,keep
triage-pass-2,elevators,keep
triage-pass-2,encore,keep
triage-pass-2,engages,keep
triage-pass-2,enormously,keep
triage-pass-2,erupted,keep
triage-pass-2,espresso,keep
triage-pass-2,evade,keep
triage-pass-2,fairs,keep
triage-pass-2,freaky,keep
triage-pass-2,freshmen,keep
triage-pass-2,futile,keep
triage-pass-2,genera,keep
triage-pass-2,germs,keep
triage-pass-2,glacial,keep
triage-pass-2,glands,keep
triage-pass-2,gloomy,keep
triage-pass-2,graceful,keep
triage-pass-2,grievances,keep
triage-pass-2,gritty,keep
triage-pass-2,heartbreak,keep
triage-pass-2,heist,keep
triage-pass-2,heterosexual,keep
triage-pass-2,hinder,keep
triage-pass-2,hobbit,keep
triage-pass-2,horseback,keep
triage-pass-2,hospice,keep
triage-pass-2,hotline,keep
triage-pass-2,inhibition,keep
triage-pass-2,integer,keep
triage-pass-2,intermittent,keep
triage-pass-2,intimidation,keep
triage-pass-2,iteration,keep
triage-pass-2,kitchens,keep
triage-pass-2,kremlin,keep
triage-pass-2,liners,keep
triage-pass-2,magnum,keep
triage-pass-2,mandates,keep
triage-pass-2,martian,keep
triage-pass-2,mashed,keep
triage-pass-2,melancholy,keep
triage-pass-2,milf,ditch
triage-pass-2,misplaced,keep
triage-pass-2,misty,keep
triage-pass-2,modifying,keep
triage-pass-2,monsieur,keep
triage-pass-2,nearing,keep
triage-pass-2,negatives,keep
triage-pass-2,negligible,keep
triage-pass-2,nesting,keep
triage-pass-2,nudity,keep
triage-pass-2,obligatory,keep
triage-pass-2,oceanic,keep
triage-pass-2,ornaments,keep
triage-pass-2,outpost,keep
triage-pass-2,outputs,keep
triage-pass-2,overflow,keep
triage-pass-2,oxidation,keep
triage-pass-2,panorama,keep
triage-pass-2,pascal,keep
triage-pass-2,peep,keep
triage-pass-2,pencils,keep
triage-pass-2,pervasive,keep
triage-pass-2,pickle,keep
triage-pass-2,playwright,keep
triage-pass-2,pledges,keep
triage-pass-2,predatory,keep
triage-pass-2,preface,keep
triage-pass-2,prescribe,keep
triage-pass-2,punitive,keep
triage-pass-2,rainforest,keep
triage-pass-2,reborn,keep
triage-pass-2,reddish,keep
triage-pass-2,refurbished,keep
triage-pass-2,reprint,keep
triage-pass-2,restroom,keep
triage-pass-2,rhythmic,keep
triage-pass-2,robber,keep
triage-pass-2,robes,keep
triage-pass-2,roommates,keep
triage-pass-2,roulette,keep
triage-pass-2,rounding,keep
triage-pass-2,rowing,keep
triage-pass-2,rulings,keep
triage-pass-2,rumored,keep
triage-pass-2,rupees,keep
triage-pass-2,satin,keep
triage-pass-2,scatter,keep
triage-pass-2,scramble,keep
triage-pass-2,scraps,keep
triage-pass-2,segregated,keep
triage-pass-2,semantics,keep
triage-pass-2,settles,keep
triage-pass-2,shameless,keep
triage-pass-2,showtime,keep
triage-pass-2,silenced,keep
triage-pass-2,sinner,keep
triage-pass-2,skeletal,keep
triage-pass-2,skeletons,keep
triage-pass-2,skulls,keep
triage-pass-2,slows,keep
triage-pass-2,snapshot,keep
triage-pass-2,soar,keep
triage-pass-2,spherical,keep
triage-pass-2,spotting,keep
triage-pass-2,sprinkle,keep
triage-pass-2,spruce,keep
triage-pass-2,squared,keep
triage-pass-2,squirrels,keep
triage-pass-2,stamina,keep
triage-pass-2,standalone,keep
triage-pass-2,stimuli,keep
triage-pass-2,subconscious,keep
triage-pass-2,thinker,keep
triage-pass-2,tonic,keep
triage-pass-2,tossing,keep
triage-pass-2,troublesome,keep
triage-pass-2,twain,keep
triage-pass-2,utopia,keep
triage-pass-2,vanish,keep
triage-pass-2,vigorously,keep
triage-pass-2,visibly,keep
triage-pass-2,vowed,keep
triage-pass-2,waterways,keep
triage-pass-2,wetlands,keep
triage-pass-2,wrecking,keep
triage-pass-2,abigail,ditch
triage-pass-2,abrupt,keep
triage-pass-2,acronym,keep
triage-pass-2,adaptations,keep
triage-pass-2,adversity,keep
triage-pass-2,advertiser,keep
triage-pass-2,affidavit,keep
triage-pass-2,antics,keep
triage-pass-2,appreciates,keep
triage-pass-2,artworks,keep
triage-pass-2,asserts,keep
triage-pass-2,astrology,keep
triage-pass-2,attachments,keep
triage-pass-2,authorize,keep
triage-pass-2,baroness,keep
triage-pass-2,barrow,keep
triage-pass-2,begs,keep
triage-pass-2,binds,keep
triage-pass-2,biographical,keep
triage-pass-2,biomass,keep
triage-pass-2,bitcoins,keep
triage-pass-2,blouse,keep
triage-pass-2,bodyguard,keep
triage-pass-2,borrowers,keep
triage-pass-2,botany,keep
triage-pass-2,bras,keep
triage-pass-2,bulldog,keep
triage-pass-2,caterpillar,keep
triage-pass-2,censored,keep
triage-pass-2,chatter,keep
triage-pass-2,cheered,keep
triage-pass-2,chops,keep
triage-pass-2,cleric,keep
triage-pass-2,comedic,keep
triage-pass-2,compile,keep
triage-pass-2,compressor,keep
triage-pass-2,conferred,keep
triage-pass-2,conn,ditch
triage-pass-2,contrasts,keep
triage-pass-2,cougar,keep
triage-pass-2,creeps,keep
triage-pass-2,cutler,ditch
triage-pass-2,deadlines,keep
triage-pass-2,deceive,keep
triage-pass-2,defamation,keep
triage-pass-2,digs,keep
triage-pass-2,diminishing,keep
triage-pass-2,directional,keep
triage-pass-2,disciple,keep
triage-pass-2,ditto,keep
triage-pass-2,divergent,keep
triage-pass-2,doctorate,keep
triage-pass-2,downright,keep
triage-pass-2,dues,keep
triage-pass-2,dumbest,keep
triage-pass-2,dwellings,keep
triage-pass-2,electrode,keep
triage-pass-2,elemental,keep
triage-pass-2,elevate,keep
triage-pass-2,eliminates,keep
triage-pass-2,encoding,keep
triage-pass-2,excludes,keep
triage-pass-2,exemplary,keep
triage-pass-2,exited,keep
triage-pass-2,expansive,keep
triage-pass-2,fife,keep
triage-pass-2,flakes,keep
triage-pass-2,gland,keep
triage-pass-2,gotcha,keep
triage-pass-2,guerrilla,keep
triage-pass-2,gutter,keep
triage-pass-2,hearty,keep
triage-pass-2,hillside,keep
triage-pass-2,hovering,keep
triage-pass-2,hysteria,keep
triage-pass-2,impartial,keep
triage-pass-2,imperialism,keep
triage-pass-2,imprint,keep
triage-pass-2,incremental,keep
triage-pass-2,independents,keep
triage-pass-2,infancy,keep
triage-pass-2,infused,keep
triage-pass-2,inhibitor,keep
triage-pass-2,initiating,keep
triage-pass-2,injuring,keep
triage-pass-2,inquire,keep
triage-pass-2,inscribed,keep
triage-pass-2,insulated,keep
triage-pass-2,jogging,keep
triage-pass-2,kale,keep
triage-pass-2,keyboards,keep
triage-pass-2,kraft,ditch
triage-pass-2,landowners,keep
triage-pass-2,lash,keep
triage-pass-2,leftovers,keep
triage-pass-2,madras,keep
triage-pass-2,magnets,keep
triage-pass-2,manageable,keep
triage-pass-2,manslaughter,keep
triage-pass-2,manuals,keep
triage-pass-2,mecca,keep
triage-pass-2,meridian,keep
triage-pass-2,misdemeanor,keep
triage-pass-2,misfortune,keep
triage-pass-2,moons,keep
triage-pass-2,mountainous,keep
triage-pass-2,nearer,keep
triage-pass-2,obnoxious,keep
triage-pass-2,orphanage,keep
triage-pass-2,overseeing,keep
triage-pass-2,paused,keep
triage-pass-2,penned,keep
triage-pass-2,perpetrators,keep
triage-pass-2,phoebe,ditch
triage-pass-2,pilgrim,keep
triage-pass-2,plainly,keep
triage-pass-2,positives,keep
triage-pass-2,punishments,keep
triage-pass-2,qualifies,keep
triage-pass-2,rake,keep
triage-pass-2,recalling,keep
triage-pass-2,resent,keep
triage-pass-2,retreated,keep
triage-pass-2,retribution,keep
triage-pass-2,revolutions,keep
triage-pass-2,rhetorical,keep
triage-pass-2,rightful,keep
triage-pass-2,robbing,keep
triage-pass-2,safeguards,keep
triage-pass-2,savages,keep
triage-pass-2,semen,keep
triage-pass-2,sequencing,keep
triage-pass-2,shorten,keep
triage-pass-2,sighs,keep
triage-pass-2,sixteenth,keep
triage-pass-2,slime,keep
triage-pass-2,sparkle,keep
triage-pass-2,spawn,keep
triage-pass-2,successors,keep
triage-pass-2,suffrage,keep
triage-pass-2,superiors,keep
triage-pass-2,surrogate,keep
triage-pass-2,synopsis,keep
triage-pass-2,tainted,keep
triage-pass-2,ticks,keep
triage-pass-2,toddlers,keep
triage-pass-2,toothbrush,keep
triage-pass-2,towed,keep
triage-pass-2,trapping,keep
triage-pass-2,treatise,keep
triage-pass-2,uphill,keep
triage-pass-2,validated,keep
triage-pass-2,variability,keep
triage-pass-2,wooded,keep
triage-pass-2,workings,keep
triage-pass-2,adhesive,keep
triage-pass-2,adorned,keep
triage-pass-2,affluent,keep
triage-pass-2,ambiguity,keep
triage-pass-2,anguish,keep
triage-pass-2,annals,keep
triage-pass-2,antitrust,keep
triage-pass-2,apologizing,keep
triage-pass-2,arid,keep
triage-pass-2,bandit,keep
triage-pass-2,barrister,keep
triage-pass-2,beneficiary,keep
triage-pass-2,biker,keep
triage-pass-2,bipartisan,keep
triage-pass-2,birthplace,keep
triage-pass-2,bracelets,keep
triage-pass-2,brides,keep
triage-pass-2,brochure,keep
triage-pass-2,brokerage,keep
triage-pass-2,buildup,keep
triage-pass-2,butch,keep
triage-pass-2,carpets,keep
triage-pass-2,carriages,keep
triage-pass-2,chained,keep
triage-pass-2,chats,keep
triage-pass-2,ching,ditch
triage-pass-2,chopping,keep
triage-pass-2,cigars,keep
triage-pass-2,closures,keep
triage-pass-2,coasts,keep
triage-pass-2,cobalt,keep
triage-pass-2,collaborated,keep
triage-pass-2,collapses,keep
triage-pass-2,collier,ditch
triage-pass-2,colossal,keep
triage-pass-2,comm,ditch
triage-pass-2,commodore,keep
triage-pass-2,compiler,keep
triage-pass-2,conserve,keep
triage-pass-2,contour,keep
triage-pass-2,crispy,keep
triage-pass-2,cropped,keep
triage-pass-2,crore,ditch
triage-pass-2,curfew,keep
triage-pass-2,decidedly,keep
triage-pass-2,delusion,keep
triage-pass-2,depreciation,keep
triage-pass-2,designate,keep
triage-pass-2,discard,keep
triage-pass-2,discontent,keep
triage-pass-2,dixie,ditch
triage-pass-2,dopamine,keep
triage-pass-2,douche,keep
triage-pass-2,dunes,keep
triage-pass-2,echoing,keep
triage-pass-2,eclectic,keep
triage-pass-2,ecstatic,keep
triage-pass-2,ejected,keep
triage-pass-2,endemic,keep
triage-pass-2,enlist,keep
triage-pass-2,entails,keep
triage-pass-2,envisioned,keep
triage-pass-2,exchanging,keep
triage-pass-2,exiled,keep
triage-pass-2,eyebrow,keep
triage-pass-2,fascists,keep
triage-pass-2,firefighter,keep
triage-pass-2,flashbacks,keep
triage-pass-2,fluorescent,keep
triage-pass-2,futuristic,keep
triage-pass-2,gearing,keep
triage-pass-2,hallmark,keep
triage-pass-2,haste,keep
triage-pass-2,hauling,keep
triage-pass-2,hybrids,keep
triage-pass-2,identifiable,keep
triage-pass-2,illiterate,keep
triage-pass-2,immaculate,keep
triage-pass-2,improvised,keep
triage-pass-2,inclination,keep
triage-pass-2,infested,keep
triage-pass-2,insurgents,keep
triage-pass-2,interracial,keep
triage-pass-2,intruder,keep
triage-pass-2,inward,keep
triage-pass-2,itching,keep
triage-pass-2,landings,keep
triage-pass-2,launcher,keep
triage-pass-2,legality,keep
triage-pass-2,lessen,keep
triage-pass-2,lifespan,keep
triage-pass-2,longitudinal,keep
triage-pass-2,loosen,keep
triage-pass-2,masculinity,keep
triage-pass-2,matured,keep
triage-pass-2,microscopic,keep
triage-pass-2,midday,keep
triage-pass-2,moan,keep
triage-pass-2,moods,keep
triage-pass-2,morphine,keep
triage-pass-2,motherhood,keep
triage-pass-2,murderous,keep
triage-pass-2,nirvana,keep
triage-pass-2,nonstop,keep
triage-pass-2,notoriously,keep
triage-pass-2,oatmeal,keep
triage-pass-2,ordnance,keep
triage-pass-2,originate,keep
triage-pass-2,otter,keep
triage-pass-2,parting,keep
triage-pass-2,pelvic,keep
triage-pass-2,percussion,keep
triage-pass-2,pigment,keep
triage-pass-2,populist,keep
triage-pass-2,porous,keep
triage-pass-2,preached,keep
triage-pass-2,predictive,keep
triage-pass-2,proofs,keep
triage-pass-2,pulses,keep
triage-pass-2,racially,keep
triage-pass-2,racks,keep
triage-pass-2,refunds,keep
triage-pass-2,registrar,keep
triage-pass-2,regulars,keep
triage-pass-2,rein,keep
triage-pass-2,relic,keep
triage-pass-2,retard,ditch
triage-pass-2,reunite,keep
triage-pass-2,reuse,keep
triage-pass-2,risked,keep
triage-pass-2,roadway,keep
triage-pass-2,rustic,keep
triage-pass-2,sanitary,keep
triage-pass-2,saturation,keep
triage-pass-2,scams,keep
triage-pass-2,scarcity,keep
triage-pass-2,scorpion,keep
triage-pass-2,setback,keep
triage-pass-2,shaming,keep
triage-pass-2,shrubs,keep
triage-pass-2,sizable,keep
triage-pass-2,slippers,keep
triage-pass-2,smoker,keep
triage-pass-2,spartan,keep
triage-pass-2,speculated,keep
triage-pass-2,spilling,keep
triage-pass-2,stalled,keep
triage-pass-2,stimulated,keep
triage-pass-2,straits,keep
triage-pass-2,stun,keep
triage-pass-2,subdued,keep
triage-pass-2,surpass,keep
triage-pass-2,swapped,keep
triage-pass-2,tack,keep
triage-pass-2,tagging,keep
triage-pass-2,tart,keep
triage-pass-2,throats,keep
triage-pass-2,ting,ditch
triage-pass-2,tiring,keep
triage-pass-2,toothpaste,keep
triage-pass-2,totaled,keep
triage-pass-2,transformer,keep
triage-pass-2,transient,keep
triage-pass-2,triumphant,keep
triage-pass-2,umpire,keep
triage-pass-2,unborn,keep
triage-pass-2,undisclosed,keep
triage-pass-2,undone,keep
triage-pass-2,unheard,keep
triage-pass-2,vending,keep
triage-pass-2,vicar,keep
triage-pass-2,wallets,keep
triage-pass-2,weep,keep
triage-pass-2,welch,keep
triage-pass-2,woes,keep
triage-pass-2,woken,keep
triage-pass-2,wrench,keep
triage-pass-2,wretched,keep
triage-pass-2,adolescence,keep
triage-pass-2,affirmed,keep
triage-pass-2,afterlife,keep
triage-pass-2,allowances,keep
triage-pass-2,ammonia,keep
triage-pass-2,analogous,keep
triage-pass-2,anarchist,keep
triage-pass-2,anecdotes,keep
triage-pass-2,animations,keep
triage-pass-2,apron,keep
triage-pass-2,archaic,keep
triage-pass-2,assaulting,keep
triage-pass-2,attribution,keep
triage-pass-2,baffled,keep
triage-pass-2,biochemistry,keep
triage-pass-2,breached,keep
triage-pass-2,burr,keep
triage-pass-2,carbs,keep
triage-pass-2,cavaliers,keep
triage-pass-2,censor,keep
triage-pass-2,centennial,keep
triage-pass-2,clapping,keep
triage-pass-2,clinging,keep
triage-pass-2,clover,keep
triage-pass-2,coatings,keep
triage-pass-2,coils,keep
triage-pass-2,colonization,keep
triage-pass-2,cookbook,keep
triage-pass-2,cosmopolitan,keep
triage-pass-2,counselors,keep
triage-pass-2,coyote,keep
triage-pass-2,crippling,keep
triage-pass-2,decorate,keep
triage-pass-2,decorating,keep
triage-pass-2,deductible,keep
triage-pass-2,diagonal,keep
triage-pass-2,discredit,keep
triage-pass-2,dresser,keep
triage-pass-2,duff,keep
triage-pass-2,emphasizing,keep
triage-pass-2,enquiries,keep
triage-pass-2,equitable,keep
triage-pass-2,estrogen,keep
triage-pass-2,exert,keep
triage-pass-2,expeditions,keep
triage-pass-2,faculties,keep
triage-pass-2,felicity,keep
triage-pass-2,feudal,keep
triage-pass-2,fins,keep
triage-pass-2,flattened,keep
triage-pass-2,fleece,keep
triage-pass-2,fodder,keep
triage-pass-2,forwarded,keep
triage-pass-2,fumble,keep
triage-pass-2,giggles,keep
triage-pass-2,glare,keep
triage-pass-2,gourmet,keep
triage-pass-2,gripping,keep
triage-pass-2,handheld,keep
triage-pass-2,handshake,keep
triage-pass-2,harming,keep
triage-pass-2,hayward,ditch
triage-pass-2,herbal,keep
triage-pass-2,hippie,keep
triage-pass-2,hops,keep
triage-pass-2,hump,keep
triage-pass-2,idiotic,keep
triage-pass-2,implements,keep
triage-pass-2,incest,keep
triage-pass-2,infect,keep
triage-pass-2,insertion,keep
triage-pass-2,interruption,keep
triage-pass-2,intrigue,keep
triage-pass-2,itch,keep
triage-pass-2,lattice,keep
triage-pass-2,leaps,keep
triage-pass-2,legitimately,keep
triage-pass-2,lends,keep
triage-pass-2,linebacker,keep
triage-pass-2,lowers,keep
triage-pass-2,magically,keep
triage-pass-2,marketers,keep
triage-pass-2,mastermind,keep
triage-pass-2,materially,keep
triage-pass-2,metadata,keep
triage-pass-2,mischief,keep
triage-pass-2,necessities,keep
triage-pass-2,nerds,keep
triage-pass-2,noticeably,keep
triage-pass-2,occupancy,keep
triage-pass-2,oncology,keep
triage-pass-2,opposes,keep
triage-pass-2,outsourcing,keep
triage-pass-2,overrun,keep
triage-pass-2,parcels,keep
triage-pass-2,pasture,keep
triage-pass-2,pathological,keep
triage-pass-2,payload,keep
triage-pass-2,payout,keep
triage-pass-2,pertinent,keep
triage-pass-2,pigeons,keep
triage-pass-2,plentiful,keep
triage-pass-2,plumber,keep
triage-pass-2,porno,keep
triage-pass-2,portfolios,keep
triage-pass-2,preserves,keep
triage-pass-2,promoters,keep
triage-pass-2,prosecuting,keep
triage-pass-2,purchaser,keep
triage-pass-2,rapes,keep
triage-pass-2,rarity,keep
triage-pass-2,realty,keep
triage-pass-2,rebellious,keep
triage-pass-2,reefs,keep
triage-pass-2,referencing,keep
triage-pass-2,reminders,keep
triage-pass-2,repealed,keep
triage-pass-2,reptiles,keep
triage-pass-2,revisit,keep
triage-pass-2,ribbons,keep
triage-pass-2,satirical,keep
triage-pass-2,screenings,keep
triage-pass-2,sensual,keep
triage-pass-2,sixties,keep
triage-pass-2,slapping,keep
triage-pass-2,slump,keep
triage-pass-2,soften,keep
triage-pass-2,souvenir,keep
triage-pass-2,spaceship,keep
triage-pass-2,sparse,keep
triage-pass-2,spinner,keep
triage-pass-2,steamer,keep
triage-pass-2,subsidized,keep
triage-pass-2,suction,keep
triage-pass-2,sunflower,keep
triage-pass-2,surveyor,keep
triage-pass-2,swallowing,keep
triage-pass-2,tailed,keep
triage-pass-2,temperament,keep
triage-pass-2,thirteenth,keep
triage-pass-2,topless,keep
triage-pass-2,torment,keep
triage-pass-2,tyrant,keep
triage-pass-2,unattractive,keep
triage-pass-2,unbeaten,keep
triage-pass-2,undesirable,keep
triage-pass-2,unfairly,keep
triage-pass-2,unification,keep
triage-pass-2,vineyards,keep
triage-pass-2,wastes,keep
triage-pass-2,wastewater,keep
triage-pass-2,weaponry,keep
triage-pass-2,webpage,keep
triage-pass-2,wheeled,keep
triage-pass-2,whipping,keep
triage-pass-2,widows,keep
triage-pass-2,wildfire,keep
triage-pass-2,withheld,keep
triage-pass-2,withholding,keep
triage-pass-2,wreath,keep
triage-pass-2,afar,keep
triage-pass-2,affectionate,keep
triage-pass-2,agitated,keep
triage-pass-2,annuity,keep
triage-pass-2,appliance,keep
triage-pass-2,aroused,keep
triage-pass-2,asserting,keep
triage-pass-2,awaken,keep
triage-pass-2,bedside,keep
triage-pass-2,besieged,keep
triage-pass-2,biologist,keep
triage-pass-2,boilers,keep
triage-pass-2,bonnet,keep
triage-pass-2,bourne,ditch
triage-pass-2,breaches,keep
triage-pass-2,breeder,keep
triage-pass-2,burying,keep
triage-pass-2,byzantine,keep
triage-pass-2,cadet,keep
triage-pass-2,calming,keep
triage-pass-2,casing,keep
triage-pass-2,catfish,keep
triage-pass-2,clerical,keep
triage-pass-2,coincided,keep
triage-pass-2,collage,keep
triage-pass-2,colonists,keep
triage-pass-2,compounded,keep
triage-pass-2,computation,keep
triage-pass-2,conjecture,keep
triage-pass-2,conspicuous,keep
triage-pass-2,continual,keep
triage-pass-2,contradict,keep
triage-pass-2,cords,keep
triage-pass-2,crackdown,keep
triage-pass-2,crusaders,keep
triage-pass-2,cupcake,keep
triage-pass-2,davenport,ditch
triage-pass-2,degrading,keep
triage-pass-2,deli,keep
triage-pass-2,deteriorated,keep
triage-pass-2,dreaded,keep
triage-pass-2,dumps,keep
triage-pass-2,dyer,keep
triage-pass-2,elongated,keep
triage-pass-2,embraces,keep
triage-pass-2,enamel,keep
triage-pass-2,encompassing,keep
triage-pass-2,escalate,keep
triage-pass-2,evicted,keep
triage-pass-2,evils,keep
triage-pass-2,exceedingly,keep
triage-pass-2,excessively,keep
triage-pass-2,faked,keep
triage-pass-2,farmland,keep
triage-pass-2,fetched,keep
triage-pass-2,fiercely,keep
triage-pass-2,flashed,keep
triage-pass-2,fostering,keep
triage-pass-2,fourteenth,keep
triage-pass-2,frontline,keep
triage-pass-2,geese,keep
triage-pass-2,genealogy,keep
triage-pass-2,giggle,keep
triage-pass-2,goggles,keep
triage-pass-2,golfer,keep
triage-pass-2,grammatical,keep
triage-pass-2,graphite,keep
triage-pass-2,handgun,keep
triage-pass-2,heaviest,keep
triage-pass-2,heresy,keep
triage-pass-2,herpes,keep
triage-pass-2,hipster,keep
triage-pass-2,hostess,keep
triage-pass-2,hunts,keep
triage-pass-2,iceberg,keep
triage-pass-2,ideologies,keep
triage-pass-2,ignite,keep
triage-pass-2,illumination,keep
triage-pass-2,impoverished,keep
triage-pass-2,improperly,keep
triage-pass-2,ingenious,keep
triage-pass-2,inquisition,keep
triage-pass-2,interns,keep
triage-pass-2,intervened,keep
triage-pass-2,landfill,keep
triage-pass-2,learner,keep
triage-pass-2,lighten,keep
triage-pass-2,maroon,keep
triage-pass-2,masonry,keep
triage-pass-2,mechanically,keep
triage-pass-2,millionaires,keep
triage-pass-2,mina,ditch
triage-pass-2,moor,keep
triage-pass-2,muffin,keep
triage-pass-2,nigger,ditch
triage-pass-2,oily,keep
triage-pass-2,olives,keep
triage-pass-2,ostensibly,keep
triage-pass-2,outbreaks,keep
triage-pass-2,outnumbered,keep
triage-pass-2,outspoken,keep
triage-pass-2,pacing,keep
triage-pass-2,palate,keep
triage-pass-2,pancake,keep
triage-pass-2,parkway,keep
triage-pass-2,pedestal,keep
triage-pass-2,pedigree,keep
triage-pass-2,pennies,keep
triage-pass-2,phony,keep
triage-pass-2,pinpoint,keep
triage-pass-2,pleasantly,keep
triage-pass-2,ponder,keep
triage-pass-2,protestants,keep
triage-pass-2,prowess,keep
triage-pass-2,pursuits,keep
triage-pass-2,ramen,keep
triage-pass-2,rattle,keep
triage-pass-2,recycle,keep
triage-pass-2,reinforcing,keep
triage-pass-2,reinstated,keep
triage-pass-2,repent,keep
triage-pass-2,rescuing,keep
triage-pass-2,revert,keep
triage-pass-2,ridges,keep
triage-pass-2,saliva,keep
triage-pass-2,senseless,keep
triage-pass-2,sermons,keep
triage-pass-2,seventeenth,keep
triage-pass-2,shortcut,keep
triage-pass-2,slamming,keep
triage-pass-2,slay,keep
triage-pass-2,smoother,keep
triage-pass-2,spence,ditch
triage-pass-2,spills,keep
triage-pass-2,staffed,keep
triage-pass-2,stumbling,keep
triage-pass-2,stunts,keep
triage-pass-2,summarized,keep
triage-pass-2,synth,keep
triage-pass-2,tackled,keep
triage-pass-2,takeoff,keep
triage-pass-2,tammy,ditch
triage-pass-2,taxable,keep
triage-pass-2,treadmill,keep
triage-pass-2,trucking,keep
triage-pass-2,unavoidable,keep
triage-pass-2,unilateral,keep
triage-pass-2,warped,keep
triage-pass-2,wasp,keep
triage-pass-2,watermelon,keep
triage-pass-2,westward,keep
triage-pass-2,whores,keep
triage-pass-2,widened,keep
triage-pass-2,academies,keep
triage-pass-2,acidic,keep
triage-pass-2,adherence,keep
triage-pass-2,adjective,keep
triage-pass-2,adjourned,keep
triage-pass-2,amnesia,keep
triage-pass-2,amplified,keep
triage-pass-2,angrily,keep
triage-pass-2,appellate,keep
triage-pass-2,approving,keep
triage-pass-2,ascension,keep
triage-pass-2,aspirin,keep
triage-pass-2,atheists,keep
triage-pass-2,bard,keep
triage-pass-2,bearded,keep
triage-pass-2,beetles,keep
triage-pass-2,bends,keep
triage-pass-2,benevolent,keep
triage-pass-2,bestseller,keep
triage-pass-2,blazers,keep
triage-pass-2,blends,keep
triage-pass-2,blooded,keep
triage-pass-2,blossoms,keep
triage-pass-2,bombardment,keep
triage-pass-2,borderline,keep
triage-pass-2,brows,keep
triage-pass-2,bungalow,keep
triage-pass-2,burglar,keep
triage-pass-2,calibration,keep
triage-pass-2,cams,keep
triage-pass-2,capitalize,keep
triage-pass-2,charisma,keep
triage-pass-2,classmate,keep
triage-pass-2,cognition,keep
triage-pass-2,cooker,keep
triage-pass-2,coupe,keep
triage-pass-2,coveted,keep
triage-pass-2,crumbs,keep
triage-pass-2,cures,keep
triage-pass-2,curled,keep
triage-pass-2,cylindrical,keep
triage-pass-2,deceptive,keep
triage-pass-2,deem,keep
triage-pass-2,deficiencies,keep
triage-pass-2,devastation,keep
triage-pass-2,devout,keep
triage-pass-2,disturbances,keep
triage-pass-2,divisive,keep
triage-pass-2,ebony,keep
triage-pass-2,embodied,keep
triage-pass-2,embroidered,keep
triage-pass-2,embryo,keep
triage-pass-2,ensued,keep
triage-pass-2,erratic,keep
triage-pass-2,exiting,keep
triage-pass-2,fang,keep
triage-pass-2,fiesta,keep
triage-pass-2,folly,keep
triage-pass-2,foreseeable,keep
triage-pass-2,fumes,keep
triage-pass-2,garnered,keep
triage-pass-2,hardwood,keep
triage-pass-2,highness,keep
triage-pass-2,hikes,keep
triage-pass-2,hindsight,keep
triage-pass-2,hinges,keep
triage-pass-2,homophobia,keep
triage-pass-2,hymns,keep
triage-pass-2,indifference,keep
triage-pass-2,infirmary,keep
triage-pass-2,inflict,keep
triage-pass-2,inhibit,keep
triage-pass-2,insanely,keep
triage-pass-2,interstellar,keep
triage-pass-2,intoxicated,keep
triage-pass-2,involuntary,keep
triage-pass-2,issuance,keep
triage-pass-2,itchy,keep
triage-pass-2,junta,keep
triage-pass-2,latch,keep
triage-pass-2,libel,keep
triage-pass-2,ligament,keep
triage-pass-2,likeness,keep
triage-pass-2,loaned,keep
triage-pass-2,lofty,keep
triage-pass-2,loom,keep
triage-pass-2,ludicrous,keep
triage-pass-2,malice,keep
triage-pass-2,marginalized,keep
triage-pass-2,milestones,keep
triage-pass-2,milling,keep
triage-pass-2,mods,keep
triage-pass-2,motivating,keep
triage-pass-2,munitions,keep
triage-pass-2,myrtle,keep
triage-pass-2,nemesis,keep
triage-pass-2,originality,keep
triage-pass-2,orioles,keep
triage-pass-2,ornamental,keep
triage-pass-2,oysters,keep
triage-pass-2,pancreatic,keep
triage-pass-2,parlor,keep
triage-pass-2,partnering,keep
triage-pass-2,pebble,keep
triage-pass-2,peeled,keep
triage-pass-2,perseverance,keep
triage-pass-2,persisted,keep
triage-pass-2,pharmacist,keep
triage-pass-2,pistons,keep
triage-pass-2,populace,keep
triage-pass-2,pricey,keep
triage-pass-2,profiling,keep
triage-pass-2,progressives,keep
triage-pass-2,prompts,keep
triage-pass-2,propagation,keep
triage-pass-2,psychedelic,keep
triage-pass-2,quieter,keep
triage-pass-2,radiator,keep
triage-pass-2,randomized,keep
triage-pass-2,rapists,keep
triage-pass-2,rector,keep
triage-pass-2,redeemed,keep
triage-pass-2,regal,keep
triage-pass-2,relativity,keep
triage-pass-2,revered,keep
triage-pass-2,ridicule,keep
triage-pass-2,roasting,keep
triage-pass-2,rocker,keep
triage-pass-2,rotting,keep
triage-pass-2,sculptor,keep
triage-pass-2,semifinals,keep
triage-pass-2,shalt,keep
triage-pass-2,sheen,keep
triage-pass-2,showcasing,keep
triage-pass-2,sincerity,keep
triage-pass-2,sinful,keep
triage-pass-2,slander,keep
triage-pass-2,sleek,keep
triage-pass-2,slew,keep
triage-pass-2,sling,keep
triage-pass-2,solicitors,keep
triage-pass-2,steamed,keep
triage-pass-2,studs,keep
triage-pass-2,sturgeon,keep
triage-pass-2,subpoena,keep
triage-pass-2,swam,keep
triage-pass-2,sweeps,keep
triage-pass-2,syllabus,keep
triage-pass-2,teaming,keep
triage-pass-2,textual,keep
triage-pass-2,toad,keep
triage-pass-2,tombs,keep
triage-pass-2,troopers,keep
triage-pass-2,unaffected,keep
triage-pass-2,uncles,keep
triage-pass-2,undeniable,keep
triage-pass-2,upstate,keep
triage-pass-2,vigilant,keep
triage-pass-2,visitation,keep
triage-pass-2,viva,keep
triage-pass-2,volcanoes,keep
triage-pass-2,washer,keep
triage-pass-2,watered,keep
triage-pass-2,worldly,keep
triage-pass-2,achieves,keep
triage-pass-2,additive,keep
triage-pass-2,adept,keep
triage-pass-2,advantageous,keep
triage-pass-2,aero,ditch
triage-pass-2,afloat,keep
triage-pass-2,agility,keep
triage-pass-2,airbus,ditch
triage-pass-2,alba,ditch
triage-pass-2,alteration,keep
triage-pass-2,annoyance,keep
triage-pass-2,anon,keep
triage-pass-2,ante,keep
triage-pass-2,appointing,keep
triage-pass-2,archipelago,keep
triage-pass-2,assembling,keep
triage-pass-2,bailed,keep
triage-pass-2,bidders,keep
triage-pass-2,bloated,keep
triage-pass-2,blooming,keep
triage-pass-2,blooms,keep
triage-pass-2,boating,keep
triage-pass-2,bonfire,keep
triage-pass-2,bookings,keep
triage-pass-2,bowed,keep
triage-pass-2,bullpen,keep
triage-pass-2,canine,keep
triage-pass-2,capsules,keep
triage-pass-2,carver,keep
triage-pass-2,causal,keep
triage-pass-2,centrally,keep
triage-pass-2,cheerleader,keep
triage-pass-2,christy,ditch
triage-pass-2,circling,keep
triage-pass-2,citadel,keep
triage-pass-2,climates,keep
triage-pass-2,colonialism,keep
triage-pass-2,comforts,keep
triage-pass-2,compromising,keep
triage-pass-2,corvette,keep
triage-pass-2,cowards,keep
triage-pass-2,cranes,keep
triage-pass-2,cunts,keep
triage-pass-2,cutest,keep
triage-pass-2,dashboard,keep
triage-pass-2,deficient,keep
triage-pass-2,degenerate,keep
triage-pass-2,demonic,keep
triage-pass-2,deterrent,keep
triage-pass-2,disdain,keep
triage-pass-2,disgraceful,keep
triage-pass-2,doggy,keep
triage-pass-2,dole,keep
triage-pass-2,eerie,keep
triage-pass-2,electing,keep
triage-pass-2,enraged,keep
triage-pass-2,envelopes,keep
triage-pass-2,eroded,keep
triage-pass-2,estimating,keep
triage-pass-2,excursion,keep
triage-pass-2,exemptions,keep
triage-pass-2,exponential,keep
triage-pass-2,farce,keep
triage-pass-2,fatally,keep
triage-pass-2,fingerprints,keep
triage-pass-2,fling,keep
triage-pass-2,flowed,keep
triage-pass-2,flung,keep
triage-pass-2,fragmented,keep
triage-pass-2,frantic,keep
triage-pass-2,fudge,keep
triage-pass-2,gemma,ditch
triage-pass-2,glide,keep
triage-pass-2,glover,ditch
triage-pass-2,grieve,keep
triage-pass-2,grimes,ditch
triage-pass-2,grossly,keep
triage-pass-2,grudge,keep
triage-pass-2,hairstyle,keep
triage-pass-2,handwritten,keep
triage-pass-2,hardships,keep
triage-pass-2,harmonic,keep
triage-pass-2,headlights,keep
triage-pass-2,heartless,keep
triage-pass-2,hectic,keep
triage-pass-2,holistic,keep
triage-pass-2,hooper,ditch
triage-pass-2,hormonal,keep
triage-pass-2,implanted,keep
triage-pass-2,informant,keep
triage-pass-2,inhabit,keep
triage-pass-2,intervening,keep
triage-pass-2,intrusive,keep
triage-pass-2,investigates,keep
triage-pass-2,invoke,keep
triage-pass-2,invoked,keep
triage-pass-2,joyous,keep
triage-pass-2,kiwi,keep
triage-pass-2,leaflets,keep
triage-pass-2,licences,keep
triage-pass-2,limo,keep
triage-pass-2,lulu,keep
triage-pass-2,lunchtime,keep
triage-pass-2,mace,keep
triage-pass-2,malignant,keep
triage-pass-2,mane,keep
triage-pass-2,mascara,keep
triage-pass-2,matchmaking,keep
triage-pass-2,maverick,keep
triage-pass-2,measles,keep
triage-pass-2,mend,keep
triage-pass-2,mentoring,keep
triage-pass-2,microbial,keep
triage-pass-2,migraine,keep
triage-pass-2,millennial,keep
triage-pass-2,mitt,keep
triage-pass-2,molten,keep
triage-pass-2,monsoon,keep
triage-pass-2,montage,keep
triage-pass-2,negligent,keep
triage-pass-2,opioid,keep
triage-pass-2,optimize,keep
triage-pass-2,passionately,keep
triage-pass-2,pastors,keep
triage-pass-2,pathogens,keep
triage-pass-2,penetrating,keep
triage-pass-2,persuasion,keep
triage-pass-2,phased,keep
triage-pass-2,plaid,keep
triage-pass-2,playback,keep
triage-pass-2,plush,keep
triage-pass-2,portraying,keep
triage-pass-2,portrays,keep
triage-pass-2,positivity,keep
triage-pass-2,practised,keep
triage-pass-2,precedence,keep
triage-pass-2,preferring,keep
triage-pass-2,previews,keep
triage-pass-2,pristine,keep
triage-pass-2,prognosis,keep
triage-pass-2,propeller,keep
triage-pass-2,pyramids,keep
triage-pass-2,quotas,keep
triage-pass-2,racket,keep
triage-pass-2,rags,keep
triage-pass-2,reclaimed,keep
triage-pass-2,relatable,keep
triage-pass-2,resembled,keep
triage-pass-2,resided,keep
triage-pass-2,retrieval,keep
triage-pass-2,rotated,keep
triage-pass-2,roundabout,keep
triage-pass-2,saline,keep
triage-pass-2,saviour,keep
triage-pass-2,scarcely,keep
triage-pass-2,scraping,keep
triage-pass-2,shipbuilding,keep
triage-pass-2,shiva,keep
triage-pass-2,shrugged,keep
triage-pass-2,siemens,ditch
triage-pass-2,signings,keep
triage-pass-2,slogans,keep
triage-pass-2,solids,keep
triage-pass-2,solos,keep
triage-pass-2,spade,keep
triage-pass-2,spoils,keep
triage-pass-2,steroid,keep
triage-pass-2,supplemented,keep
triage-pass-2,surveying,keep
triage-pass-2,swans,keep
triage-pass-2,temperate,keep
triage-pass-2,temps,keep
triage-pass-2,thematic,keep
triage-pass-2,threesome,keep
triage-pass-2,tilted,keep
triage-pass-2,toaster,keep
triage-pass-2,treble,keep
triage-pass-2,turquoise,keep
triage-pass-2,ultraviolet,keep
triage-pass-2,unbiased,keep
triage-pass-2,uncanny,keep
triage-pass-2,underdog,keep
triage-pass-2,unfolding,keep
triage-pass-2,ungrateful,keep
triage-pass-2,untreated,keep
triage-pass-2,usefulness,keep
triage-pass-2,vandalism,keep
triage-pass-2,vibrating,keep
triage-pass-2,vowel,keep
triage-pass-2,voyager,keep
triage-pass-2,weirdo,keep
triage-pass-2,weld,keep
triage-pass-2,werewolf,keep
triage-pass-2,wrongful,keep
triage-pass-2,adored,keep
triage-pass-2,alerted,keep
triage-pass-2,alleges,keep
triage-pass-2,alligator,keep
triage-pass-2,amends,keep
triage-pass-2,annoys,keep
triage-pass-2,antagonist,keep
triage-pass-2,aromatic,keep
triage-pass-2,assurances,keep
triage-pass-2,attendants,keep
triage-pass-2,baroque,keep
triage-pass-2,bays,keep
triage-pass-2,benefiting,keep
triage-pass-2,berg,keep
triage-pass-2,biases,keep
triage-pass-2,binder,keep
triage-pass-2,blindly,keep
triage-pass-2,brig,keep
triage-pass-2,buggy,keep
triage-pass-2,bundled,keep
triage-pass-2,calves,keep
triage-pass-2,canonical,keep
triage-pass-2,cautiously,keep
triage-pass-2,ceasefire,keep
triage-pass-2,celery,keep
triage-pass-2,characterize,keep
triage-pass-2,counsellor,keep
triage-pass-2,countered,keep
triage-pass-2,couture,keep
triage-pass-2,cramps,keep
triage-pass-2,crowdfunding,keep
triage-pass-2,cutie,keep
triage-pass-2,dentists,keep
triage-pass-2,deploying,keep
triage-pass-2,deserts,keep
triage-pass-2,dictates,keep
triage-pass-2,dodgy,keep
triage-pass-2,earthly,keep
triage-pass-2,eaters,keep
triage-pass-2,elective,keep
triage-pass-2,emitted,keep
triage-pass-2,endeavors,keep
triage-pass-2,enslaved,keep
triage-pass-2,entrances,keep
triage-pass-2,escalation,keep
triage-pass-2,ethos,keep
triage-pass-2,eureka,keep
triage-pass-2,eyewitness,keep
triage-pass-2,fleeting,keep
triage-pass-2,flourished,keep
triage-pass-2,forfeit,keep
triage-pass-2,forging,keep
triage-pass-2,foundry,keep
triage-pass-2,fractions,keep
triage-pass-2,funerals,keep
triage-pass-2,furnishings,keep
triage-pass-2,giraffe,keep
triage-pass-2,grinder,keep
triage-pass-2,gunman,keep
triage-pass-2,hampered,keep
triage-pass-2,hardcover,keep
triage-pass-2,healer,keep
triage-pass-2,heals,keep
triage-pass-2,hinge,keep
triage-pass-2,hurley,ditch
triage-pass-2,illustrating,keep
triage-pass-2,inaugurated,keep
triage-pass-2,indexes,keep
triage-pass-2,insiders,keep
triage-pass-2,intestinal,keep
triage-pass-2,irons,keep
triage-pass-2,jumpers,keep
triage-pass-2,kneeling,keep
triage-pass-2,knuckles,keep
triage-pass-2,lifestyles,keep
triage-pass-2,mamma,keep
triage-pass-2,manic,keep
triage-pass-2,manifold,keep
triage-pass-2,measurable,keep
triage-pass-2,meek,keep
triage-pass-2,mellow,keep
triage-pass-2,melon,keep
triage-pass-2,mirrored,keep
triage-pass-2,miscarriage,keep
triage-pass-2,narration,keep
triage-pass-2,oblivion,keep
triage-pass-2,observes,keep
triage-pass-2,oilers,keep
triage-pass-2,ornament,keep
triage-pass-2,outpatient,keep
triage-pass-2,pamphlet,keep
triage-pass-2,parishes,keep
triage-pass-2,pats,keep
triage-pass-2,perish,keep
triage-pass-2,perpetrator,keep
triage-pass-2,pervert,keep
triage-pass-2,pharaoh,keep
triage-pass-2,philanthropy,keep
triage-pass-2,photon,keep
triage-pass-2,polluted,keep
triage-pass-2,potion,keep
triage-pass-2,premiered,keep
triage-pass-2,preparedness,keep
triage-pass-2,pretends,keep
triage-pass-2,prettier,keep
triage-pass-2,primal,keep
triage-pass-2,princesses,keep
triage-pass-2,prohibiting,keep
triage-pass-2,psalms,keep
triage-pass-2,psychopath,keep
triage-pass-2,pups,keep
triage-pass-2,receptive,keep
triage-pass-2,redundancy,keep
triage-pass-2,reelection,keep
triage-pass-2,reindeer,keep
triage-pass-2,relapse,keep
triage-pass-2,relish,keep
triage-pass-2,rendezvous,keep
triage-pass-2,republics,keep
triage-pass-2,reversible,keep
triage-pass-2,rodents,keep
triage-pass-2,rowan,keep
triage-pass-2,scumbag,keep
triage-pass-2,seams,keep
triage-pass-2,seizing,keep
triage-pass-2,selectively,keep
triage-pass-2,sensed,keep
triage-pass-2,shred,keep
triage-pass-2,sideline,keep
triage-pass-2,sidelines,keep
triage-pass-2,simplistic,keep
triage-pass-2,skater,keep
triage-pass-2,skincare,keep
triage-pass-2,spawning,keep
triage-pass-2,stabilized,keep
triage-pass-2,stares,keep
triage-pass-2,steaming,keep
triage-pass-2,substitutes,keep
triage-pass-2,supervise,keep
triage-pass-2,supervising,keep
triage-pass-2,supervisory,keep
triage-pass-2,swapping,keep
triage-pass-2,sweeter,keep
triage-pass-2,syllable,keep
triage-pass-2,synod,keep
triage-pass-2,takeaway,keep
triage-pass-2,teased,keep
triage-pass-2,tees,keep
triage-pass-2,towing,keep
triage-pass-2,treacherous,keep
triage-pass-2,undermined,keep
triage-pass-2,undermining,keep
triage-pass-2,untold,keep
triage-pass-2,uplifting,keep
triage-pass-2,upsets,keep
triage-pass-2,vaccinated,keep
triage-pass-2,vents,keep
triage-pass-2,versatility,keep
triage-pass-2,voicemail,keep
triage-pass-2,volt,keep
triage-pass-2,wielding,keep
triage-pass-2,wingers,keep
triage-pass-2,wits,keep
triage-pass-2,wrongs,keep
triage-pass-2,allocate,keep
triage-pass-2,analytic,keep
triage-pass-2,apprehended,keep
triage-pass-2,ascending,keep
triage-pass-2,attributable,keep
triage-pass-2,barb,keep
triage-pass-2,bastion,keep
triage-pass-2,biopsy,keep
triage-pass-2,bolster,keep
triage-pass-2,bray,keep
triage-pass-2,briefs,keep
triage-pass-2,cancelling,keep
triage-pass-2,canning,keep
triage-pass-2,capitalists,keep
triage-pass-2,categorized,keep
triage-pass-2,chopper,keep
triage-pass-2,chromosomes,keep
triage-pass-2,classed,keep
triage-pass-2,clerks,keep
triage-pass-2,cohesive,keep
triage-pass-2,commando,keep
triage-pass-2,complication,keep
triage-pass-2,computed,keep
triage-pass-2,conquering,keep
triage-pass-2,contentious,keep
triage-pass-2,contra,keep
triage-pass-2,cosy,keep
triage-pass-2,coyotes,keep
triage-pass-2,crease,keep
triage-pass-2,cursing,keep
triage-pass-2,deadliest,keep
triage-pass-2,degraded,keep
triage-pass-2,dehydration,keep
triage-pass-2,delights,keep
triage-pass-2,denomination,keep
triage-pass-2,desserts,keep
triage-pass-2,digestion,keep
triage-pass-2,dismantled,keep
triage-pass-2,dissatisfied,keep
triage-pass-2,distinctions,keep
triage-pass-2,docking,keep
triage-pass-2,dodging,keep
triage-pass-2,donut,keep
triage-pass-2,doubting,keep
triage-pass-2,dungeons,keep
triage-pass-2,effected,keep
triage-pass-2,embargo,keep
triage-pass-2,embodiment,keep
triage-pass-2,emptied,keep
triage-pass-2,encoded,keep
triage-pass-2,engraving,keep
triage-pass-2,enhances,keep
triage-pass-2,entrenched,keep
triage-pass-2,explanatory,keep
triage-pass-2,extremism,keep
triage-pass-2,fairies,keep
triage-pass-2,filtration,keep
triage-pass-2,finalized,keep
triage-pass-2,flagged,keep
triage-pass-2,fleets,keep
triage-pass-2,fooling,keep
triage-pass-2,formatting,keep
triage-pass-2,fracking,keep
triage-pass-2,fungal,keep
triage-pass-2,garth,ditch
triage-pass-2,glaciers,keep
triage-pass-2,glaring,keep
triage-pass-2,gloom,keep
triage-pass-2,goblin,keep
triage-pass-2,gunner,keep
triage-pass-2,hammers,keep
triage-pass-2,hamster,keep
triage-pass-2,heaps,keep
triage-pass-2,homosexuals,keep
triage-pass-2,hooking,keep
triage-pass-2,hopped,keep
triage-pass-2,hydra,keep
triage-pass-2,hypocritical,keep
triage-pass-2,illustrious,keep
triage-pass-2,incidental,keep
triage-pass-2,indigo,keep
triage-pass-2,inscriptions,keep
triage-pass-2,instruct,keep
triage-pass-2,insurgency,keep
triage-pass-2,intimidate,keep
triage-pass-2,jamming,keep
triage-pass-2,labyrinth,keep
triage-pass-2,latency,keep
triage-pass-2,limbo,keep
triage-pass-2,linger,keep
triage-pass-2,lousy,keep
triage-pass-2,luncheon,keep
triage-pass-2,mailbox,keep
triage-pass-2,mammal,keep
triage-pass-2,membranes,keep
triage-pass-2,memorabilia,keep
triage-pass-2,midterm,keep
triage-pass-2,midtown,keep
triage-pass-2,migrated,keep
triage-pass-2,nurture,keep
triage-pass-2,oblivious,keep
triage-pass-2,outlining,keep
triage-pass-2,overt,keep
triage-pass-2,pacers,keep
triage-pass-2,paisley,keep
triage-pass-2,pajamas,keep
triage-pass-2,patriarch,keep
triage-pass-2,penthouse,keep
triage-pass-2,perjury,keep
triage-pass-2,persists,keep
triage-pass-2,pious,keep
triage-pass-2,plotted,keep
triage-pass-2,powdered,keep
triage-pass-2,pregnancies,keep
triage-pass-2,prematurely,keep
triage-pass-2,presenters,keep
triage-pass-2,prioritize,keep
triage-pass-2,proprietor,keep
triage-pass-2,quarrel,keep
triage-pass-2,raider,keep
triage-pass-2,rained,keep
triage-pass-2,raja,keep
triage-pass-2,reasoned,keep
triage-pass-2,rebate,keep
triage-pass-2,regulates,keep
triage-pass-2,reins,keep
triage-pass-2,resurgence,keep
triage-pass-2,rollers,keep
triage-pass-2,rooster,keep
triage-pass-2,routed,keep
triage-pass-2,rushes,keep
triage-pass-2,salads,keep
triage-pass-2,scuba,keep
triage-pass-2,seamless,keep
triage-pass-2,selects,keep
triage-pass-2,sequels,keep
triage-pass-2,shattering,keep
triage-pass-2,shelly,ditch
triage-pass-2,shoreline,keep
triage-pass-2,sickening,keep
triage-pass-2,sidewalks,keep
triage-pass-2,silhouette,keep
triage-pass-2,slug,keep
triage-pass-2,smug,keep
triage-pass-2,soprano,keep
triage-pass-2,specialties,keep
triage-pass-2,spectroscopy,keep
triage-pass-2,spreadsheet,keep
triage-pass-2,stagnant,keep
triage-pass-2,startled,keep
triage-pass-2,steaks,keep
triage-pass-2,streaks,keep
triage-pass-2,strides,keep
triage-pass-2,strung,keep
triage-pass-2,summaries,keep
triage-pass-2,tanning,keep
triage-pass-2,tendon,keep
triage-pass-2,thine,keep
triage-pass-2,toughness,keep
triage-pass-2,tractors,keep
triage-pass-2,unanswered,keep
triage-pass-2,unethical,keep
triage-pass-2,uniting,keep
triage-pass-2,uptown,keep
triage-pass-2,urinary,keep
triage-pass-2,valiant,keep
triage-pass-2,vigilante,keep
triage-pass-2,viper,keep
triage-pass-2,weekday,keep
triage-pass-2,weirdest,keep
triage-pass-2,whistles,keep
triage-pass-2,wrinkles,keep
triage-pass-2,abstraction,keep
triage-pass-2,adjunct,keep
triage-pass-2,admiring,keep
triage-pass-2,ascended,keep
triage-pass-2,aspiration,keep
triage-pass-2,attentive,keep
triage-pass-2,auntie,keep
triage-pass-2,awakened,keep
triage-pass-2,ballpark,keep
triage-pass-2,barbarians,keep
triage-pass-2,beak,keep
triage-pass-2,beige,keep
triage-pass-2,blasphemy,keep
triage-pass-2,blinds,keep
triage-pass-2,blinking,keep
triage-pass-2,blueberry,keep
triage-pass-2,boar,keep
triage-pass-2,bran,keep
triage-pass-2,breathes,keep
triage-pass-2,bribes,keep
triage-pass-2,brigadier,keep
triage-pass-2,broaden,keep
triage-pass-2,bubba,keep
triage-pass-2,burdens,keep
triage-pass-2,cadets,keep
triage-pass-2,calendars,keep
triage-pass-2,camels,keep
triage-pass-2,cameraman,keep
triage-pass-2,carnage,keep
triage-pass-2,cavities,keep
triage-pass-2,colleen,ditch
triage-pass-2,comedies,keep
triage-pass-2,commended,keep
triage-pass-2,commune,keep
triage-pass-2,compiling,keep
triage-pass-2,conclusive,keep
triage-pass-2,conservatory,keep
triage-pass-2,considerate,keep
triage-pass-2,cultured,keep
triage-pass-2,daycare,keep
triage-pass-2,deductions,keep
triage-pass-2,depressive,keep
triage-pass-2,descendant,keep
triage-pass-2,dips,keep
triage-pass-2,disperse,keep
triage-pass-2,dives,keep
triage-pass-2,downed,keep
triage-pass-2,emery,keep
triage-pass-2,enrich,keep
triage-pass-2,entrants,keep
triage-pass-2,epidemiology,keep
triage-pass-2,errands,keep
triage-pass-2,exaggeration,keep
triage-pass-2,exhaustive,keep
triage-pass-2,exporters,keep
triage-pass-2,externally,keep
triage-pass-2,fermentation,keep
triage-pass-2,fiasco,keep
triage-pass-2,fifteenth,keep
triage-pass-2,flares,keep
triage-pass-2,flops,keep
triage-pass-2,footed,keep
triage-pass-2,fright,keep
triage-pass-2,fruitful,keep
triage-pass-2,gall,keep
triage-pass-2,gastric,keep
triage-pass-2,gilded,keep
triage-pass-2,hallelujah,keep
triage-pass-2,hastily,keep
triage-pass-2,headphone,keep
triage-pass-2,horizontally,keep
triage-pass-2,hurtful,keep
triage-pass-2,illuminate,keep
triage-pass-2,inaccessible,keep
triage-pass-2,incur,keep
triage-pass-2,inferno,keep
triage-pass-2,kinder,keep
triage-pass-2,latte,keep
triage-pass-2,leafy,keep
triage-pass-2,lobe,keep
triage-pass-2,margarita,keep
triage-pass-2,masturbating,keep
triage-pass-2,meddling,keep
triage-pass-2,nods,keep
triage-pass-2,omission,keep
triage-pass-2,orbits,keep
triage-pass-2,orchid,keep
triage-pass-2,overtake,keep
triage-pass-2,paramedics,keep
triage-pass-2,peat,keep
triage-pass-2,pedophile,keep
triage-pass-2,peptide,keep
triage-pass-2,perfected,keep
triage-pass-2,periphery,keep
triage-pass-2,perished,keep
triage-pass-2,physicists,keep
triage-pass-2,piggy,keep
triage-pass-2,piling,keep
triage-pass-2,polarized,keep
triage-pass-2,portals,keep
triage-pass-2,prelude,keep
triage-pass-2,prepaid,keep
triage-pass-2,priesthood,keep
triage-pass-2,punishable,keep
triage-pass-2,reaper,keep
triage-pass-2,reassure,keep
triage-pass-2,redesigned,keep
triage-pass-2,regiments,keep
triage-pass-2,remnant,keep
triage-pass-2,renders,keep
triage-pass-2,rounder,keep
triage-pass-2,satanic,keep
triage-pass-2,sausages,keep
triage-pass-2,scented,keep
triage-pass-2,sclerosis,keep
triage-pass-2,selfless,keep
triage-pass-2,serenity,keep
triage-pass-2,shading,keep
triage-pass-2,shrug,keep
triage-pass-2,sighting,keep
triage-pass-2,singled,keep
triage-pass-2,sipping,keep
triage-pass-2,sonar,keep
triage-pass-2,spat,keep
triage-pass-2,stacking,keep
triage-pass-2,starch,keep
triage-pass-2,stony,keep
triage-pass-2,stormed,keep
triage-pass-2,subtly,keep
triage-pass-2,superstars,keep
triage-pass-2,surfer,keep
triage-pass-2,taper,keep
triage-pass-2,teaspoon,keep
triage-pass-2,templates,keep
triage-pass-2,tightening,keep
triage-pass-2,tolls,keep
triage-pass-2,totaling,keep
triage-pass-2,toxin,keep
triage-pass-2,trademarks,keep
triage-pass-2,typo,keep
triage-pass-2,unequal,keep
triage-pass-2,unresolved,keep
triage-pass-2,unspecified,keep
triage-pass-2,vacated,keep
triage-pass-2,venetian,keep
triage-pass-2,waffle,keep
triage-pass-2,warships,keep
triage-pass-2,washes,keep
triage-pass-2,wasps,keep
triage-pass-2,winery,keep
triage-pass-2,writ,keep
triage-pass-2,acclaim,keep
triage-pass-2,aching,keep
triage-pass-2,acquires,keep
triage-pass-2,adversary,keep
triage-pass-2,afflicted,keep
triage-pass-2,airfield,keep
triage-pass-2,alienated,keep
triage-pass-2,angered,keep
triage-pass-2,archers,keep
triage-pass-2,arrays,keep
triage-pass-2,ascertain,keep
triage-pass-2,audits,keep
triage-pass-2,bargains,keep
triage-pass-2,beards,keep
triage-pass-2,believable,keep
triage-pass-2,billboards,keep
triage-pass-2,bitterly,keep
triage-pass-2,bloodshed,keep
triage-pass-2,boils,keep
triage-pass-2,breaths,keep
triage-pass-2,brigades,keep
triage-pass-2,bumping,keep
triage-pass-2,burrows,keep
triage-pass-2,cairns,keep
triage-pass-2,cello,keep
triage-pass-2,cesar,ditch
triage-pass-2,chariot,keep
triage-pass-2,cheddar,keep
triage-pass-2,chilli,keep
triage-pass-2,cholera,keep
triage-pass-2,clinch,keep
triage-pass-2,clipped,keep
triage-pass-2,collide,keep
triage-pass-2,commuting,keep
triage-pass-2,complexion,keep
triage-pass-2,compulsive,keep
triage-pass-2,congenital,keep
triage-pass-2,construed,keep
triage-pass-2,consular,keep
triage-pass-2,corrective,keep
triage-pass-2,coworker,keep
triage-pass-2,crumble,keep
triage-pass-2,crumbling,keep
triage-pass-2,cultivating,keep
triage-pass-2,dangling,keep
triage-pass-2,daredevil,keep
triage-pass-2,denote,keep
triage-pass-2,detox,keep
triage-pass-2,discrepancy,keep
triage-pass-2,dishwasher,keep
triage-pass-2,doctrines,keep
triage-pass-2,doodle,keep
triage-pass-2,dossier,keep
triage-pass-2,draper,keep
triage-pass-2,dyes,keep
triage-pass-2,electrodes,keep
triage-pass-2,embryos,keep
triage-pass-2,eradicate,keep
triage-pass-2,excite,keep
triage-pass-2,exporter,keep
triage-pass-2,extortion,keep
triage-pass-2,extracting,keep
triage-pass-2,feral,keep
triage-pass-2,flips,keep
triage-pass-2,flourishing,keep
triage-pass-2,footprints,keep
triage-pass-2,fountains,keep
triage-pass-2,frameworks,keep
triage-pass-2,freezes,keep
triage-pass-2,generously,keep
triage-pass-2,grange,keep
triage-pass-2,greats,keep
triage-pass-2,hangar,keep
triage-pass-2,hardworking,keep
triage-pass-2,harms,keep
triage-pass-2,hasty,keep
triage-pass-2,housekeeper,keep
triage-pass-2,imitate,keep
triage-pass-2,improbable,keep
triage-pass-2,impulses,keep
triage-pass-2,incarcerated,keep
triage-pass-2,ineligible,keep
triage-pass-2,infusion,keep
triage-pass-2,jaguars,keep
triage-pass-2,journalistic,keep
triage-pass-2,justifying,keep
triage-pass-2,kart,keep
triage-pass-2,kelvin,keep
triage-pass-2,keyword,keep
triage-pass-2,laborers,keep
triage-pass-2,laced,keep
triage-pass-2,lemons,keep
triage-pass-2,lipid,keep
triage-pass-2,looming,keep
triage-pass-2,lordship,keep
triage-pass-2,mahogany,keep
triage-pass-2,malfunction,keep
triage-pass-2,mana,keep
triage-pass-2,markedly,keep
triage-pass-2,mediator,keep
triage-pass-2,mentors,keep
triage-pass-2,meow,keep
triage-pass-2,minions,keep
triage-pass-2,mirage,keep
triage-pass-2,mockery,keep
triage-pass-2,modulation,keep
triage-pass-2,motorists,keep
triage-pass-2,muller,ditch
triage-pass-2,narrated,keep
triage-pass-2,narrower,keep
triage-pass-2,navigating,keep
triage-pass-2,navigator,keep
triage-pass-2,nightingale,keep
triage-pass-2,nuke,keep
triage-pass-2,occult,keep
triage-pass-2,opting,keep
triage-pass-2,ovation,keep
triage-pass-2,oversees,keep
triage-pass-2,palaces,keep
triage-pass-2,parades,keep
triage-pass-2,pediatrics,keep
triage-pass-2,perch,keep
triage-pass-2,pioneered,keep
triage-pass-2,playbook,keep
triage-pass-2,pleases,keep
triage-pass-2,plywood,keep
triage-pass-2,pollutants,keep
triage-pass-2,ponies,keep
triage-pass-2,pooh,keep
triage-pass-2,prettiest,keep
triage-pass-2,proficient,keep
triage-pass-2,protagonists,keep
triage-pass-2,punctuation,keep
triage-pass-2,purification,keep
triage-pass-2,purported,keep
triage-pass-2,quotations,keep
triage-pass-2,readable,keep
triage-pass-2,recourse,keep
triage-pass-2,regimen,keep
triage-pass-2,removable,keep
triage-pass-2,repaid,keep
triage-pass-2,responders,keep
triage-pass-2,retires,keep
triage-pass-2,retrospect,keep
triage-pass-2,roundup,keep
triage-pass-2,sensations,keep
triage-pass-2,sequential,keep
triage-pass-2,shafts,keep
triage-pass-2,signifies,keep
triage-pass-2,skates,keep
triage-pass-2,smelly,keep
triage-pass-2,solves,keep
triage-pass-2,sorta,keep
triage-pass-2,spiritually,keep
triage-pass-2,sporadic,keep
triage-pass-2,stationery,keep
triage-pass-2,sunscreen,keep
triage-pass-2,tempest,keep
triage-pass-2,tending,keep
triage-pass-2,terraces,keep
triage-pass-2,tightened,keep
triage-pass-2,tights,keep
triage-pass-2,tofu,keep
triage-pass-2,tragedies,keep
triage-pass-2,transports,keep
triage-pass-2,tripoli,ditch
triage-pass-2,truss,keep
triage-pass-2,tubing,keep
triage-pass-2,turnovers,keep
triage-pass-2,twat,keep
triage-pass-2,undue,keep
triage-pass-2,unionist,keep
triage-pass-2,unprotected,keep
triage-pass-2,unsettling,keep
triage-pass-2,upscale,keep
triage-pass-2,viewpoints,keep
triage-pass-2,wealthiest,keep
triage-pass-2,wearable,keep
triage-pass-2,wreckage,keep
triage-pass-2,zeppelin,keep
triage-pass-2,aches,keep
triage-pass-2,adamant,keep
triage-pass-2,airspace,keep
triage-pass-2,allotted,keep
triage-pass-2,almonds,keep
triage-pass-2,amplitude,keep
triage-pass-2,analogue,keep
triage-pass-2,annotated,keep
triage-pass-2,anomalies,keep
triage-pass-2,archival,keep
triage-pass-2,ardent,keep
triage-pass-2,arenas,keep
triage-pass-2,assay,keep
triage-pass-2,assigning,keep
triage-pass-2,assorted,keep
triage-pass-2,badminton,keep
triage-pass-2,barbarian,keep
triage-pass-2,bedrock,keep
triage-pass-2,boardwalk,keep
triage-pass-2,boasting,keep
triage-pass-2,boldly,keep
triage-pass-2,boomer,keep
triage-pass-2,booths,keep
triage-pass-2,brittle,keep
triage-pass-2,budding,keep
triage-pass-2,charters,keep
triage-pass-2,cheaply,keep
triage-pass-2,climbers,keep
triage-pass-2,clogged,keep
triage-pass-2,cohesion,keep
triage-pass-2,compel,keep
triage-pass-2,complexities,keep
triage-pass-2,compromises,keep
triage-pass-2,conduit,keep
triage-pass-2,constraint,keep
triage-pass-2,conveyor,keep
triage-pass-2,cramped,keep
triage-pass-2,crates,keep
triage-pass-2,crawled,keep
triage-pass-2,culminating,keep
triage-pass-2,cutters,keep
triage-pass-2,dashed,keep
triage-pass-2,decimal,keep
triage-pass-2,defensively,keep
triage-pass-2,defunct,keep
triage-pass-2,degrade,keep
triage-pass-2,departures,keep
triage-pass-2,differed,keep
triage-pass-2,diffuse,keep
triage-pass-2,dignified,keep
triage-pass-2,disapproval,keep
triage-pass-2,disobedience,keep
triage-pass-2,dreamer,keep
triage-pass-2,dune,keep
triage-pass-2,dwellers,keep
triage-pass-2,emancipation,keep
triage-pass-2,entropy,keep
triage-pass-2,epitome,keep
triage-pass-2,esteemed,keep
triage-pass-2,excused,keep
triage-pass-2,extradition,keep
triage-pass-2,eyesight,keep
triage-pass-2,finder,keep
triage-pass-2,flooring,keep
triage-pass-2,forearm,keep
triage-pass-2,frail,keep
triage-pass-2,fray,keep
triage-pass-2,gathers,keep
triage-pass-2,generational,keep
triage-pass-2,goldfish,keep
triage-pass-2,grotesque,keep
triage-pass-2,gunners,keep
triage-pass-2,harass,keep
triage-pass-2,hooded,keep
triage-pass-2,horrid,keep
triage-pass-2,impractical,keep
triage-pass-2,indexed,keep
triage-pass-2,insecurities,keep
triage-pass-2,interrupting,keep
triage-pass-2,irreversible,keep
triage-pass-2,lawless,keep
triage-pass-2,leftists,keep
triage-pass-2,legalized,keep
triage-pass-2,leggings,keep
triage-pass-2,legions,keep
triage-pass-2,leveled,keep
triage-pass-2,locomotives,keep
triage-pass-2,manifested,keep
triage-pass-2,marries,keep
triage-pass-2,mayoral,keep
triage-pass-2,medley,keep
triage-pass-2,mercenaries,keep
triage-pass-2,minimalist,keep
triage-pass-2,misled,keep
triage-pass-2,multiplied,keep
triage-pass-2,objectively,keep
triage-pass-2,orbiting,keep
triage-pass-2,orchestrated,keep
triage-pass-2,participates,keep
triage-pass-2,phoned,keep
triage-pass-2,plugin,keep
triage-pass-2,polishing,keep
triage-pass-2,polymers,keep
triage-pass-2,pore,keep
triage-pass-2,postcards,keep
triage-pass-2,postgraduate,keep
triage-pass-2,predicament,keep
triage-pass-2,predominant,keep
triage-pass-2,prem,ditch
triage-pass-2,proverbs,keep
triage-pass-2,puke,keep
triage-pass-2,quadrant,keep
triage-pass-2,ramps,keep
triage-pass-2,recital,keep
triage-pass-2,recite,keep
triage-pass-2,reckoning,keep
triage-pass-2,recollection,keep
triage-pass-2,refine,keep
triage-pass-2,regents,keep
triage-pass-2,reiterated,keep
triage-pass-2,resale,keep
triage-pass-2,retake,keep
triage-pass-2,rips,keep
triage-pass-2,rosy,keep
triage-pass-2,rupture,keep
triage-pass-2,salted,keep
triage-pass-2,scandalous,keep
triage-pass-2,scot,ditch
triage-pass-2,seasoning,keep
triage-pass-2,securely,keep
triage-pass-2,shabby,keep
triage-pass-2,showcased,keep
triage-pass-2,sightings,keep
triage-pass-2,sinus,keep
triage-pass-2,situ,ditch
triage-pass-2,skid,keep
triage-pass-2,solace,keep
triage-pass-2,spanking,keep
triage-pass-2,specialize,keep
triage-pass-2,splinter,keep
triage-pass-2,spoons,keep
triage-pass-2,squats,keep
triage-pass-2,squire,keep
triage-pass-2,standout,keep
triage-pass-2,stills,keep
triage-pass-2,stoner,keep
triage-pass-2,strengthens,keep
triage-pass-2,stung,keep
triage-pass-2,suppressing,keep
triage-pass-2,swimsuit,keep
triage-pass-2,symmetrical,keep
triage-pass-2,tenders,keep
triage-pass-2,terminator,keep
triage-pass-2,timers,keep
triage-pass-2,tinker,keep
triage-pass-2,topography,keep
triage-pass-2,unexplained,keep
triage-pass-2,unintended,keep
triage-pass-2,unmanned,keep
triage-pass-2,unsolved,keep
triage-pass-2,uptake,keep
triage-pass-2,vantage,keep
triage-pass-2,ventured,keep
triage-pass-2,virgins,keep
triage-pass-2,waldo,ditch
triage-pass-2,watchers,keep
triage-pass-2,whine,keep
triage-pass-2,withhold,keep
triage-pass-2,worshipped,keep
triage-pass-2,abort,keep
triage-pass-2,abound,keep
triage-pass-2,adversely,keep
triage-pass-2,afternoons,keep
triage-pass-2,agendas,keep
triage-pass-2,angled,keep
triage-pass-2,antennas,keep
triage-pass-2,assertions,keep
triage-pass-2,astonished,keep
triage-pass-2,audacity,keep
triage-pass-2,barbaric,keep
triage-pass-2,barbed,keep
triage-pass-2,battled,keep
triage-pass-2,beech,keep
triage-pass-2,benchmarks,keep
triage-pass-2,blower,keep
triage-pass-2,blurry,keep
triage-pass-2,bravely,keep
triage-pass-2,breweries,keep
triage-pass-2,camped,keep
triage-pass-2,cherries,keep
triage-pass-2,chevron,keep
triage-pass-2,clinicians,keep
triage-pass-2,coercion,keep
triage-pass-2,comma,keep
triage-pass-2,competency,keep
triage-pass-2,concerted,keep
triage-pass-2,constructs,keep
triage-pass-2,cont,ditch
triage-pass-2,convicts,keep
triage-pass-2,cravings,keep
triage-pass-2,crotch,keep
triage-pass-2,crucified,keep
triage-pass-2,customize,keep
triage-pass-2,dashing,keep
triage-pass-2,departmental,keep
triage-pass-2,deposed,keep
triage-pass-2,dharma,keep
triage-pass-2,dialysis,keep
triage-pass-2,disclosures,keep
triage-pass-2,distal,ditch
triage-pass-2,ditched,keep
triage-pass-2,divisional,keep
triage-pass-2,dogma,keep
triage-pass-2,emptiness,keep
triage-pass-2,encompass,keep
triage-pass-2,ensign,keep
triage-pass-2,escalating,keep
triage-pass-2,evoke,keep
triage-pass-2,expansions,keep
triage-pass-2,experimented,keep
triage-pass-2,facilitates,keep
triage-pass-2,faithfully,keep
triage-pass-2,fern,keep
triage-pass-2,fingertips,keep
triage-pass-2,firepower,keep
triage-pass-2,fixation,keep
triage-pass-2,flanked,keep
triage-pass-2,flatter,keep
triage-pass-2,flushed,keep
triage-pass-2,formative,keep
triage-pass-2,fret,keep
triage-pass-2,frontiers,keep
triage-pass-2,geeks,keep
triage-pass-2,genders,keep
triage-pass-2,grader,keep
triage-pass-2,granger,ditch
triage-pass-2,grasses,keep
triage-pass-2,gruesome,keep
triage-pass-2,guineas,keep
triage-pass-2,harshly,keep
triage-pass-2,hedges,keep
triage-pass-2,heller,ditch
triage-pass-2,huts,keep
triage-pass-2,hydrated,keep
triage-pass-2,imaginable,keep
triage-pass-2,impetus,keep
triage-pass-2,impulsive,keep
triage-pass-2,incense,keep
triage-pass-2,inhuman,keep
triage-pass-2,injure,keep
triage-pass-2,inserting,keep
triage-pass-2,inventing,keep
triage-pass-2,invoice,keep
triage-pass-2,latent,keep
triage-pass-2,leans,keep
triage-pass-2,limitless,keep
triage-pass-2,literate,keep
triage-pass-2,localization,keep
triage-pass-2,lowly,keep
triage-pass-2,lucid,keep
triage-pass-2,lymphoma,keep
triage-pass-2,martini,keep
triage-pass-2,merciful,keep
triage-pass-2,midget,ditch
triage-pass-2,midwife,keep
triage-pass-2,minimizing,keep
triage-pass-2,mobilization,keep
triage-pass-2,monologue,keep
triage-pass-2,monoxide,keep
triage-pass-2,musically,keep
triage-pass-2,mutiny,keep
triage-pass-2,nagging,keep
triage-pass-2,nephews,keep
triage-pass-2,nervously,keep
triage-pass-2,nighttime,keep
triage-pass-2,nonlinear,keep
triage-pass-2,normalized,keep
triage-pass-2,numbering,keep
triage-pass-2,outweigh,keep
triage-pass-2,parasitic,keep
triage-pass-2,parsley,keep
triage-pass-2,pendulum,keep
triage-pass-2,petit,keep
triage-pass-2,picket,keep
triage-pass-2,placements,keep
triage-pass-2,poignant,keep
triage-pass-2,polio,keep
triage-pass-2,potency,keep
triage-pass-2,precarious,keep
triage-pass-2,pretext,keep
triage-pass-2,proclaim,keep
triage-pass-2,quaint,keep
triage-pass-2,qualifiers,keep
triage-pass-2,raccoon,keep
triage-pass-2,raiding,keep
triage-pass-2,rallied,keep
triage-pass-2,reassurance,keep
triage-pass-2,recovers,keep
triage-pass-2,restrain,keep
triage-pass-2,retreating,keep
triage-pass-2,richly,keep
triage-pass-2,rioting,keep
triage-pass-2,rookies,keep
triage-pass-2,saver,keep
triage-pass-2,scarred,keep
triage-pass-2,secession,keep
triage-pass-2,sectarian,keep
triage-pass-2,seminal,keep
triage-pass-2,serene,keep
triage-pass-2,seventies,keep
triage-pass-2,shaded,keep
triage-pass-2,shipyard,keep
triage-pass-2,silica,keep
triage-pass-2,simmer,keep
triage-pass-2,smokey,ditch
triage-pass-2,snag,keep
triage-pass-2,snuck,keep
triage-pass-2,sourcing,keep
triage-pass-2,straighten,keep
triage-pass-2,streamlined,keep
triage-pass-2,sweaters,keep
triage-pass-2,syringe,keep
triage-pass-2,thinly,keep
triage-pass-2,tinted,keep
triage-pass-2,tornadoes,keep
triage-pass-2,tote,keep
triage-pass-2,trainees,keep
triage-pass-2,transverse,keep
triage-pass-2,trembling,keep
triage-pass-2,triangles,keep
triage-pass-2,tributes,keep
triage-pass-2,trident,keep
triage-pass-2,tweak,keep
triage-pass-2,undead,keep
triage-pass-2,unison,keep
triage-pass-2,unlocking,keep
triage-pass-2,unprepared,keep
triage-pass-2,unrestricted,keep
triage-pass-2,unsuitable,keep
triage-pass-2,unthinkable,keep
triage-pass-2,uplift,keep
triage-pass-2,utilizes,keep
triage-pass-2,vanishing,keep
triage-pass-2,venerable,keep
triage-pass-2,visualize,keep
triage-pass-2,wasteful,keep
triage-pass-2,waterfalls,keep
triage-pass-2,youngster,keep
triage-pass-2,activating,keep
triage-pass-2,adopts,keep
triage-pass-2,adverts,keep
triage-pass-2,advisable,keep
triage-pass-2,angst,keep
triage-pass-2,antiquities,keep
triage-pass-2,apathy,keep
triage-pass-2,arcs,keep
triage-pass-2,artisan,keep
triage-pass-2,assortment,keep
triage-pass-2,attaching,keep
triage-pass-2,auditing,keep
triage-pass-2,bandwagon,keep
triage-pass-2,bane,keep
triage-pass-2,basins,keep
triage-pass-2,billings,keep
triage-pass-2,bios,keep
triage-pass-2,birdie,keep
triage-pass-2,bison,keep
triage-pass-2,blacked,keep
triage-pass-2,blacksmith,keep
triage-pass-2,blanks,keep
triage-pass-2,borg,ditch
triage-pass-2,brainwashed,keep
triage-pass-2,brothel,keep
triage-pass-2,burrito,keep
triage-pass-2,bytes,keep
triage-pass-2,calmed,keep
triage-pass-2,camper,keep
triage-pass-2,cartilage,keep
triage-pass-2,casket,keep
triage-pass-2,claimants,keep
triage-pass-2,cleanliness,keep
triage-pass-2,clothed,keep
triage-pass-2,coli,ditch
triage-pass-2,collided,keep
triage-pass-2,commentaries,keep
triage-pass-2,complicate,keep
triage-pass-2,concerto,keep
triage-pass-2,concurrently,keep
triage-pass-2,crouch,keep
triage-pass-2,culmination,keep
triage-pass-2,curing,keep
triage-pass-2,dank,keep
triage-pass-2,daphne,ditch
triage-pass-2,dehydrated,keep
triage-pass-2,democracies,keep
triage-pass-2,detriment,keep
triage-pass-2,dialects,keep
triage-pass-2,dismal,keep
triage-pass-2,dismay,keep
triage-pass-2,disparate,keep
triage-pass-2,distilled,keep
triage-pass-2,dodger,keep
triage-pass-2,domestically,keep
triage-pass-2,electors,keep
triage-pass-2,electrician,keep
triage-pass-2,endorsements,keep
triage-pass-2,equator,keep
triage-pass-2,estuary,keep
triage-pass-2,etched,keep
triage-pass-2,eternally,keep
triage-pass-2,excise,keep
triage-pass-2,exposures,keep
triage-pass-2,facets,keep
triage-pass-2,fitch,ditch
triage-pass-2,fledged,keep
triage-pass-2,forcefully,keep
triage-pass-2,foreground,keep
triage-pass-2,frown,keep
triage-pass-2,fruity,keep
triage-pass-2,frustrations,keep
triage-pass-2,gals,keep
triage-pass-2,godly,keep
triage-pass-2,golfers,keep
triage-pass-2,groin,keep
triage-pass-2,grounding,keep
triage-pass-2,gunpowder,keep
triage-pass-2,hamper,keep
triage-pass-2,hatched,keep
triage-pass-2,heroism,keep
triage-pass-2,hierarchical,keep
triage-pass-2,homie,keep
triage-pass-2,hornets,keep
triage-pass-2,hover,keep
triage-pass-2,howling,keep
triage-pass-2,humbled,keep
triage-pass-2,inducted,keep
triage-pass-2,infidelity,keep
triage-pass-2,internships,keep
triage-pass-2,inventive,keep
triage-pass-2,inversion,keep
triage-pass-2,kinase,ditch
triage-pass-2,kosher,keep
triage-pass-2,legalize,keep
triage-pass-2,librarians,keep
triage-pass-2,licked,keep
triage-pass-2,liquidation,keep
triage-pass-2,longitude,keep
triage-pass-2,lured,keep
triage-pass-2,macho,keep
triage-pass-2,maestro,keep
triage-pass-2,maneuvers,keep
triage-pass-2,meditate,keep
triage-pass-2,mercenary,keep
triage-pass-2,microscopy,keep
triage-pass-2,missy,keep
triage-pass-2,morbid,keep
triage-pass-2,motifs,keep
triage-pass-2,mysteriously,keep
triage-pass-2,nonfiction,keep
triage-pass-2,nouns,keep
triage-pass-2,nuanced,keep
triage-pass-2,occurrences,keep
triage-pass-2,orchestral,keep
triage-pass-2,ordinarily,keep
triage-pass-2,orthodoxy,keep
triage-pass-2,outage,keep
triage-pass-2,overcame,keep
triage-pass-2,packer,keep
triage-pass-2,paternal,keep
triage-pass-2,pellets,keep
triage-pass-2,pelvis,keep
triage-pass-2,penetrated,keep
triage-pass-2,polarization,keep
triage-pass-2,potty,keep
triage-pass-2,powering,keep
triage-pass-2,preoccupied,keep
triage-pass-2,projectile,keep
triage-pass-2,protracted,keep
triage-pass-2,puddle,keep
triage-pass-2,railing,keep
triage-pass-2,realist,keep
triage-pass-2,receptionist,keep
triage-pass-2,reckoned,keep
triage-pass-2,recruiter,keep
triage-pass-2,reforming,keep
triage-pass-2,reload,keep
triage-pass-2,remuneration,keep
triage-pass-2,replicated,keep
triage-pass-2,repressed,keep
triage-pass-2,reputed,keep
triage-pass-2,resigning,keep
triage-pass-2,restraints,keep
triage-pass-2,revoke,keep
triage-pass-2,richness,keep
triage-pass-2,riviera,keep
triage-pass-2,scanners,keep
triage-pass-2,secretive,keep
triage-pass-2,sediments,keep
triage-pass-2,serotonin,keep
triage-pass-2,serviced,keep
triage-pass-2,shorty,keep
triage-pass-2,silky,keep
triage-pass-2,slaying,keep
triage-pass-2,smallpox,keep
triage-pass-2,snails,keep
triage-pass-2,snoring,keep
triage-pass-2,sociological,keep
triage-pass-2,sorority,keep
triage-pass-2,sped,keep
triage-pass-2,speechless,keep
triage-pass-2,spores,keep
triage-pass-2,spurred,keep
triage-pass-2,stair,keep
triage-pass-2,stemming,keep
triage-pass-2,strategist,keep
triage-pass-2,subdivisions,keep
triage-pass-2,sunken,keep
triage-pass-2,supremacist,keep
triage-pass-2,toasted,keep
triage-pass-2,tortoise,keep
triage-pass-2,tragically,keep
triage-pass-2,translators,keep
triage-pass-2,typewriter,keep
triage-pass-2,undisputed,keep
triage-pass-2,veggie,keep
triage-pass-2,veiled,keep
triage-pass-2,visceral,keep
triage-pass-2,vividly,keep
triage-pass-2,wannabe,keep
triage-pass-2,welded,keep
triage-pass-2,whaling,keep
triage-pass-2,wiggle,keep
triage-pass-2,worldview,keep
triage-pass-2,wrongdoing,keep
triage-pass-2,abusers,keep
triage-pass-2,additives,keep
triage-pass-2,aggregation,keep
triage-pass-2,ahem,keep
triage-pass-2,alkaline,keep
triage-pass-2,alum,keep
triage-pass-2,antidote,keep
triage-pass-2,anus,keep
triage-pass-2,archery,keep
triage-pass-2,arterial,keep
triage-pass-2,artisans,keep
triage-pass-2,asparagus,keep
triage-pass-2,attest,keep
triage-pass-2,auditors,keep
triage-pass-2,auditory,keep
triage-pass-2,avenge,keep
triage-pass-2,aversion,keep
triage-pass-2,awkwardly,keep
triage-pass-2,badgers,keep
triage-pass-2,balm,keep
triage-pass-2,behaves,keep
triage-pass-2,biennial,keep
triage-pass-2,bikers,keep
triage-pass-2,bologna,keep
triage-pass-2,bolted,keep
triage-pass-2,bony,keep
triage-pass-2,borrower,keep
triage-pass-2,bridging,keep
triage-pass-2,brighten,keep
triage-pass-2,brood,keep
triage-pass-2,budgeting,keep
triage-pass-2,bulletproof,keep
triage-pass-2,campers,keep
triage-pass-2,ceases,keep
triage-pass-2,cemented,keep
triage-pass-2,cessation,keep
triage-pass-2,charmed,keep
triage-pass-2,chemists,keep
triage-pass-2,chemo,keep
triage-pass-2,chipped,keep
triage-pass-2,collagen,keep
triage-pass-2,combating,keep
triage-pass-2,commencing,keep
triage-pass-2,commend,keep
triage-pass-2,complied,keep
triage-pass-2,contemplated,keep
triage-pass-2,cricketer,keep
triage-pass-2,crochet,keep
triage-pass-2,cruisers,keep
triage-pass-2,cypress,keep
triage-pass-2,dandy,keep
triage-pass-2,dependable,keep
triage-pass-2,dickhead,keep
triage-pass-2,disagrees,keep
triage-pass-2,eased,keep
triage-pass-2,easing,keep
triage-pass-2,elevations,keep
triage-pass-2,emeritus,keep
triage-pass-2,emigration,keep
triage-pass-2,emit,keep
triage-pass-2,excavated,keep
triage-pass-2,excavations,keep
triage-pass-2,excursions,keep
triage-pass-2,extant,keep
triage-pass-2,farmed,keep
triage-pass-2,fathom,keep
triage-pass-2,fictitious,keep
triage-pass-2,firsthand,keep
triage-pass-2,flashy,keep
triage-pass-2,floppy,keep
triage-pass-2,fluoride,keep
triage-pass-2,frat,keep
triage-pass-2,gardeners,keep
triage-pass-2,geologic,keep
triage-pass-2,giggling,keep
triage-pass-2,gospels,keep
triage-pass-2,gowns,keep
triage-pass-2,grasping,keep
triage-pass-2,grooves,keep
triage-pass-2,guideline,keep
triage-pass-2,headmaster,keep
triage-pass-2,heartland,keep
triage-pass-2,hedgehog,keep
triage-pass-2,heinous,keep
triage-pass-2,hens,keep
triage-pass-2,hypnosis,keep
triage-pass-2,immersive,keep
triage-pass-2,impeccable,keep
triage-pass-2,inbound,keep
triage-pass-2,inference,keep
triage-pass-2,infiltrate,keep
triage-pass-2,inflatable,keep
triage-pass-2,inhale,keep
triage-pass-2,intolerant,keep
triage-pass-2,kilos,keep
triage-pass-2,lament,keep
triage-pass-2,leach,keep
triage-pass-2,lefty,keep
triage-pass-2,legislatures,keep
triage-pass-2,mach,keep
triage-pass-2,maids,keep
triage-pass-2,malpractice,keep
triage-pass-2,manipulative,keep
triage-pass-2,marginally,keep
triage-pass-2,memberships,keep
triage-pass-2,microbiology,keep
triage-pass-2,migrating,keep
triage-pass-2,modelled,keep
triage-pass-2,modernity,keep
triage-pass-2,narrowing,keep
triage-pass-2,nectar,keep
triage-pass-2,nitrate,keep
triage-pass-2,oversaw,keep
triage-pass-2,pastel,keep
triage-pass-2,patterned,keep
triage-pass-2,perpetrated,keep
triage-pass-2,pessimistic,keep
triage-pass-2,pesticide,keep
triage-pass-2,phosphorus,keep
triage-pass-2,platter,keep
triage-pass-2,pounded,keep
triage-pass-2,preachers,keep
triage-pass-2,premieres,keep
triage-pass-2,prod,keep
triage-pass-2,prodigy,keep
triage-pass-2,prosecutions,keep
triage-pass-2,prototypes,keep
triage-pass-2,pundits,keep
triage-pass-2,rapping,keep
triage-pass-2,realtor,keep
triage-pass-2,refreshed,keep
triage-pass-2,regency,keep
triage-pass-2,reptile,keep
triage-pass-2,rescues,keep
triage-pass-2,residues,keep
triage-pass-2,revisited,keep
triage-pass-2,sauna,keep
triage-pass-2,scaring,keep
triage-pass-2,scrum,keep
triage-pass-2,seasonally,keep
triage-pass-2,sharper,keep
triage-pass-2,showcases,keep
triage-pass-2,sluggish,keep
triage-pass-2,slum,keep
triage-pass-2,smoothie,keep
triage-pass-2,snare,keep
triage-pass-2,snipers,keep
triage-pass-2,snowflake,keep
triage-pass-2,spectra,keep
triage-pass-2,spines,keep
triage-pass-2,spoiling,keep
triage-pass-2,stag,keep
triage-pass-2,stomp,keep
triage-pass-2,strangest,keep
triage-pass-2,strata,keep
triage-pass-2,straws,keep
triage-pass-2,studded,keep
triage-pass-2,submissive,keep
triage-pass-2,subsection,keep
triage-pass-2,suede,keep
triage-pass-2,summertime,keep
triage-pass-2,swedes,keep
triage-pass-2,tabloid,keep
triage-pass-2,teal,keep
triage-pass-2,thorns,keep
triage-pass-2,throwback,keep
triage-pass-2,thunderstorm,keep
triage-pass-2,tiers,keep
triage-pass-2,timid,keep
triage-pass-2,towering,keep
triage-pass-2,tracts,keep
triage-pass-2,triathlon,keep
triage-pass-2,trickle,keep
triage-pass-2,troupe,keep
triage-pass-2,tweed,keep
triage-pass-2,ultimatum,keep
triage-pass-2,uncut,keep
triage-pass-2,webinar,keep
triage-pass-2,weekdays,keep
triage-pass-2,widen,keep
triage-pass-2,widest,keep
triage-pass-2,wigs,keep
triage-pass-2,yachts,keep
triage-pass-2,yelp,keep
triage-pass-2,affirmation,keep
triage-pass-2,amassed,keep
triage-pass-2,apiece,keep
triage-pass-2,appalled,keep
triage-pass-2,appreciative,keep
triage-pass-2,arched,keep
triage-pass-2,ascend,keep
triage-pass-2,bandage,keep
triage-pass-2,biologists,keep
triage-pass-2,bittersweet,keep
triage-pass-2,blight,keep
triage-pass-2,braid,keep
triage-pass-2,branching,keep
triage-pass-2,bulge,keep
triage-pass-2,cabaret,keep
triage-pass-2,caregivers,keep
triage-pass-2,catheter,keep
triage-pass-2,centimeters,keep
triage-pass-2,chemically,keep
triage-pass-2,chewed,keep
triage-pass-2,cleans,keep
triage-pass-2,commandant,keep
triage-pass-2,compartments,keep
triage-pass-2,conducive,keep
triage-pass-2,confines,keep
triage-pass-2,cong,ditch
triage-pass-2,consensual,keep
triage-pass-2,consumes,keep
triage-pass-2,contrasted,keep
triage-pass-2,critiques,keep
triage-pass-2,crystalline,keep
triage-pass-2,cuffs,keep
triage-pass-2,cyanide,keep
triage-pass-2,deceit,keep
triage-pass-2,delusions,keep
triage-pass-2,denounce,keep
triage-pass-2,derogatory,keep
triage-pass-2,diagnoses,keep
triage-pass-2,dismantle,keep
triage-pass-2,dismantling,keep
triage-pass-2,disrupting,keep
triage-pass-2,drags,keep
triage-pass-2,drugged,keep
triage-pass-2,eastward,keep
triage-pass-2,embroidery,keep
triage-pass-2,endorsing,keep
triage-pass-2,enigma,keep
triage-pass-2,equivalents,keep
triage-pass-2,estranged,keep
triage-pass-2,euphoria,keep
triage-pass-2,firewall,keep
triage-pass-2,flattered,keep
triage-pass-2,fluorescence,keep
triage-pass-2,fonts,keep
triage-pass-2,forceful,keep
triage-pass-2,forte,keep
triage-pass-2,fours,keep
triage-pass-2,frowned,keep
triage-pass-2,gangsters,keep
triage-pass-2,gibbons,keep
triage-pass-2,gladstone,ditch
triage-pass-2,grassy,keep
triage-pass-2,greener,keep
triage-pass-2,hanger,keep
triage-pass-2,hawking,keep
triage-pass-2,hitters,keep
triage-pass-2,housekeeping,keep
triage-pass-2,impacting,keep
triage-pass-2,inequalities,keep
triage-pass-2,infiltration,keep
triage-pass-2,insidious,keep
triage-pass-2,intimately,keep
triage-pass-2,jargon,keep
triage-pass-2,kilograms,keep
triage-pass-2,kneel,keep
triage-pass-2,ladders,keep
triage-pass-2,lakh,ditch
triage-pass-2,leakage,keep
triage-pass-2,liberate,keep
triage-pass-2,lizards,keep
triage-pass-2,logistical,keep
triage-pass-2,loophole,keep
triage-pass-2,luminous,keep
triage-pass-2,malnutrition,keep
triage-pass-2,marlins,keep
triage-pass-2,marshals,keep
triage-pass-2,masterpieces,keep
triage-pass-2,mayonnaise,keep
triage-pass-2,melodic,keep
triage-pass-2,memorials,keep
triage-pass-2,meticulous,keep
triage-pass-2,modesty,keep
triage-pass-2,moustache,keep
triage-pass-2,muffins,keep
triage-pass-2,mugs,keep
triage-pass-2,netting,keep
triage-pass-2,nigh,keep
triage-pass-2,nocturnal,keep
triage-pass-2,nudes,keep
triage-pass-2,offside,keep
triage-pass-2,orgy,keep
triage-pass-2,overlay,keep
triage-pass-2,paleo,keep
triage-pass-2,pastures,keep
triage-pass-2,paternity,keep
triage-pass-2,patriarchal,keep
triage-pass-2,peeing,keep
triage-pass-2,peeling,keep
triage-pass-2,perched,keep
triage-pass-2,pitiful,keep
triage-pass-2,plethora,keep
triage-pass-2,plutonium,keep
triage-pass-2,prerequisite,keep
triage-pass-2,psychosis,keep
triage-pass-2,rabies,keep
triage-pass-2,rallying,keep
triage-pass-2,rations,keep
triage-pass-2,recon,keep
triage-pass-2,recount,keep
triage-pass-2,rectangle,keep
triage-pass-2,recurrent,keep
triage-pass-2,refill,keep
triage-pass-2,reflexes,keep
triage-pass-2,reinforces,keep
triage-pass-2,religiously,keep
triage-pass-2,relive,keep
triage-pass-2,renewing,keep
triage-pass-2,reopening,keep
triage-pass-2,requisite,keep
triage-pass-2,responsibly,keep
triage-pass-2,resurrected,keep
triage-pass-2,revolve,keep
triage-pass-2,rewind,keep
triage-pass-2,rightfully,keep
triage-pass-2,rigs,keep
triage-pass-2,rubs,keep
triage-pass-2,saddened,keep
triage-pass-2,saddest,keep
triage-pass-2,secluded,keep
triage-pass-2,seduce,keep
triage-pass-2,semifinal,keep
triage-pass-2,sens,ditch
triage-pass-2,shadowy,keep
triage-pass-2,shun,keep
triage-pass-2,sidekick,keep
triage-pass-2,skewed,keep
triage-pass-2,softened,keep
triage-pass-2,specifies,keep
triage-pass-2,sprinkled,keep
triage-pass-2,stallion,keep
triage-pass-2,stepfather,keep
triage-pass-2,strangled,keep
triage-pass-2,syllables,keep
triage-pass-2,synthesized,keep
triage-pass-2,tapestry,keep
triage-pass-2,taping,keep
triage-pass-2,tenderness,keep
triage-pass-2,terrier,keep
triage-pass-2,tester,keep
triage-pass-2,thirties,keep
triage-pass-2,thistle,keep
triage-pass-2,thumbnail,keep
triage-pass-2,tickle,keep
triage-pass-2,titties,keep
triage-pass-2,trays,keep
triage-pass-2,tubular,keep
triage-pass-2,tumbling,keep
triage-pass-2,turkeys,keep
triage-pass-2,underside,keep
triage-pass-2,uneducated,keep
triage-pass-2,unload,keep
triage-pass-2,unloading,keep
triage-pass-2,unmarked,keep
triage-pass-2,unreleased,keep
triage-pass-2,upkeep,keep
triage-pass-2,vigil,keep
triage-pass-2,voicing,keep
triage-pass-2,volley,keep
triage-pass-2,voyages,keep
triage-pass-2,waive,keep
triage-pass-2,warmly,keep
triage-pass-2,wept,keep
triage-pass-2,whirlwind,keep
triage-pass-2,wildest,keep
triage-pass-2,winnings,keep
triage-pass-2,woodlands,keep
triage-pass-2,yearning,keep
triage-pass-2,accumulating,keep
triage-pass-2,appreciating,keep
triage-pass-2,aristocratic,keep
triage-pass-2,aroma,keep
triage-pass-2,arsenic,keep
triage-pass-2,assigns,keep
triage-pass-2,assures,keep
triage-pass-2,backers,keep
triage-pass-2,basing,keep
triage-pass-2,batches,keep
triage-pass-2,beggars,keep
triage-pass-2,bestselling,keep
triage-pass-2,biographies,keep
triage-pass-2,biologically,keep
triage-pass-2,bowled,keep
triage-pass-2,bubbling,keep
triage-pass-2,budge,keep
triage-pass-2,cheater,keep
triage-pass-2,cheeses,keep
triage-pass-2,cloning,keep
triage-pass-2,clout,keep
triage-pass-2,comical,keep
triage-pass-2,confederacy,keep
triage-pass-2,converge,keep
triage-pass-2,corny,keep
triage-pass-2,countrymen,keep
triage-pass-2,crucible,keep
triage-pass-2,cryptic,keep
triage-pass-2,culminated,keep
triage-pass-2,curses,keep
triage-pass-2,declarations,keep
triage-pass-2,deities,keep
triage-pass-2,deletion,keep
triage-pass-2,diligent,keep
triage-pass-2,discern,keep
triage-pass-2,dislikes,keep
triage-pass-2,domino,keep
triage-pass-2,downgrade,keep
triage-pass-2,dreamy,keep
triage-pass-2,drenched,keep
triage-pass-2,droid,keep
triage-pass-2,dukes,keep
triage-pass-2,dummies,keep
triage-pass-2,dung,keep
triage-pass-2,earners,keep
triage-pass-2,embryonic,keep
triage-pass-2,encountering,keep
triage-pass-2,endanger,keep
triage-pass-2,equities,keep
triage-pass-2,fakes,keep
triage-pass-2,fanatic,keep
triage-pass-2,feats,keep
triage-pass-2,filmmaking,keep
triage-pass-2,firmware,keep
triage-pass-2,formulate,keep
triage-pass-2,forts,keep
triage-pass-2,franks,keep
triage-pass-2,gated,keep
triage-pass-2,girly,keep
triage-pass-2,glam,keep
triage-pass-2,glorified,keep
triage-pass-2,goth,keep
triage-pass-2,gracefully,keep
triage-pass-2,gunmen,keep
triage-pass-2,hawthorn,keep
triage-pass-2,hoard,keep
triage-pass-2,horde,keep
triage-pass-2,humming,keep
triage-pass-2,ignited,keep
triage-pass-2,implicitly,keep
triage-pass-2,ingenuity,keep
triage-pass-2,injecting,keep
triage-pass-2,inorganic,keep
triage-pass-2,intestine,keep
triage-pass-2,isolating,keep
triage-pass-2,itinerary,keep
triage-pass-2,juggling,keep
triage-pass-2,justifies,keep
triage-pass-2,lacy,keep
triage-pass-2,lair,keep
triage-pass-2,lambs,keep
triage-pass-2,leaping,keep
triage-pass-2,liberating,keep
triage-pass-2,lifeless,keep
triage-pass-2,lifeline,keep
triage-pass-2,lobbyists,keep
triage-pass-2,looms,keep
triage-pass-2,lotto,keep
triage-pass-2,lovable,keep
triage-pass-2,messes,keep
triage-pass-2,metaphors,keep
triage-pass-2,molded,keep
triage-pass-2,moot,keep
triage-pass-2,musicals,keep
triage-pass-2,nebula,keep
triage-pass-2,neurology,keep
triage-pass-2,newt,keep
triage-pass-2,nitro,keep
triage-pass-2,notebooks,keep
triage-pass-2,overflowing,keep
triage-pass-2,overland,keep
triage-pass-2,overshadowed,keep
triage-pass-2,pantry,keep
triage-pass-2,parchment,keep
triage-pass-2,partake,keep
triage-pass-2,pedals,keep
triage-pass-2,pesos,keep
triage-pass-2,philosophies,keep
triage-pass-2,plagiarism,keep
triage-pass-2,poked,keep
triage-pass-2,pollard,keep
triage-pass-2,polled,keep
triage-pass-2,pollock,keep
triage-pass-2,proctor,keep
triage-pass-2,prologue,keep
triage-pass-2,pueblo,keep
triage-pass-2,pulpit,keep
triage-pass-2,puncture,keep
triage-pass-2,pussies,keep
triage-pass-2,recounts,keep
triage-pass-2,redhead,keep
triage-pass-2,relational,keep
triage-pass-2,remastered,keep
triage-pass-2,renegade,keep
triage-pass-2,resorted,keep
triage-pass-2,ripper,keep
triage-pass-2,roofing,keep
triage-pass-2,rotational,keep
triage-pass-2,rudd,ditch
triage-pass-2,safeguarding,keep
triage-pass-2,sash,keep
triage-pass-2,scrambling,keep
triage-pass-2,seductive,keep
triage-pass-2,segmentation,keep
triage-pass-2,shaker,keep
triage-pass-2,shielding,keep
triage-pass-2,shone,keep
triage-pass-2,sissy,ditch
triage-pass-2,sizeable,keep
triage-pass-2,sled,keep
triage-pass-2,sludge,keep
triage-pass-2,sniffing,keep
triage-pass-2,sorrows,keep
triage-pass-2,spamming,keep
triage-pass-2,speedway,keep
triage-pass-2,spiked,keep
triage-pass-2,sprouts,keep
triage-pass-2,staffers,keep
triage-pass-2,staffs,keep
triage-pass-2,stiles,keep
triage-pass-2,stretcher,keep
triage-pass-2,stricter,keep
triage-pass-2,subtitle,keep
triage-pass-2,summarize,keep
triage-pass-2,sympathies,keep
triage-pass-2,taker,keep
triage-pass-2,telescopes,keep
triage-pass-2,threaded,keep
triage-pass-2,tong,keep
triage-pass-2,torturing,keep
triage-pass-2,townships,keep
triage-pass-2,triad,keep
triage-pass-2,trimming,keep
triage-pass-2,truthfully,keep
triage-pass-2,unfounded,keep
triage-pass-2,unimportant,keep
triage-pass-2,uninsured,keep
triage-pass-2,untitled,keep
triage-pass-2,valor,keep
triage-pass-2,vape,keep
triage-pass-2,vernacular,keep
triage-pass-2,virtuous,keep
triage-pass-2,waffles,keep
triage-pass-2,waiters,keep
triage-pass-2,waivers,keep
triage-pass-2,watercolor,keep
triage-pass-2,wight,keep
triage-pass-2,worded,keep
triage-pass-2,abrasive,keep
triage-pass-2,accomplice,keep
triage-pass-2,adoptive,keep
triage-pass-2,ailments,keep
triage-pass-2,alphabetical,keep
triage-pass-2,alternately,keep
triage-pass-2,annihilation,keep
triage-pass-2,arbitrarily,keep
triage-pass-2,armistice,keep
triage-pass-2,armory,keep
triage-pass-2,auspices,keep
triage-pass-2,awakens,keep
triage-pass-2,bathe,keep
triage-pass-2,beheaded,keep
triage-pass-2,boasted,keep
triage-pass-2,boroughs,keep
triage-pass-2,breathed,keep
triage-pass-2,calamity,keep
triage-pass-2,carbonate,keep
triage-pass-2,catalytic,keep
triage-pass-2,cemeteries,keep
triage-pass-2,chases,keep
triage-pass-2,cheerleaders,keep
triage-pass-2,cheesecake,keep
triage-pass-2,choral,keep
triage-pass-2,chronology,keep
triage-pass-2,clam,keep
triage-pass-2,coefficients,keep
triage-pass-2,coldest,keep
triage-pass-2,combatants,keep
triage-pass-2,competes,keep
triage-pass-2,configured,keep
triage-pass-2,conflicted,keep
triage-pass-2,convection,keep
triage-pass-2,coronavirus,keep
triage-pass-2,craftsman,keep
triage-pass-2,creams,keep
triage-pass-2,cretaceous,keep
triage-pass-2,cripple,keep
triage-pass-2,crooks,keep
triage-pass-2,crunchy,keep
triage-pass-2,curvature,keep
triage-pass-2,cyborg,keep
triage-pass-2,dares,keep
triage-pass-2,deflection,keep
triage-pass-2,despised,keep
triage-pass-2,dialogues,keep
triage-pass-2,discouraging,keep
triage-pass-2,distillery,keep
triage-pass-2,drumming,keep
triage-pass-2,effortlessly,keep
triage-pass-2,eighties,keep
triage-pass-2,enactment,keep
triage-pass-2,enlighten,keep
triage-pass-2,envious,keep
triage-pass-2,erroneous,keep
triage-pass-2,exacerbated,keep
triage-pass-2,familial,keep
triage-pass-2,fashions,keep
triage-pass-2,feces,keep
triage-pass-2,filings,keep
triage-pass-2,fishery,keep
triage-pass-2,folders,keep
triage-pass-2,frivolous,keep
triage-pass-2,fruition,keep
triage-pass-2,fullback,keep
triage-pass-2,gage,keep
triage-pass-2,galley,keep
triage-pass-2,gators,keep
triage-pass-2,giddy,keep
triage-pass-2,grandeur,keep
triage-pass-2,grappling,keep
triage-pass-2,gunshots,keep
triage-pass-2,handlers,keep
triage-pass-2,hanks,keep
triage-pass-2,haunts,keep
triage-pass-2,homogeneous,keep
triage-pass-2,incl,ditch
triage-pass-2,inserts,keep
triage-pass-2,intangible,keep
triage-pass-2,intestines,keep
triage-pass-2,inventors,keep
triage-pass-2,kiddo,keep
triage-pass-2,knuckle,keep
triage-pass-2,landscaping,keep
triage-pass-2,laureate,keep
triage-pass-2,leveling,keep
triage-pass-2,levied,keep
triage-pass-2,lineman,keep
triage-pass-2,lodges,keep
triage-pass-2,madman,keep
triage-pass-2,maniac,keep
triage-pass-2,mavericks,keep
triage-pass-2,medalist,keep
triage-pass-2,memorize,keep
triage-pass-2,menstrual,keep
triage-pass-2,metaphysical,keep
triage-pass-2,meteorology,keep
triage-pass-2,methyl,keep
triage-pass-2,mindless,keep
triage-pass-2,mislead,keep
triage-pass-2,momentarily,keep
triage-pass-2,mounds,keep
triage-pass-2,narcissistic,keep
triage-pass-2,negotiable,keep
triage-pass-2,nicknames,keep
triage-pass-2,northward,keep
triage-pass-2,nudge,keep
triage-pass-2,nurturing,keep
triage-pass-2,obscured,keep
triage-pass-2,outlawed,keep
triage-pass-2,ovens,keep
triage-pass-2,overturn,keep
triage-pass-2,padded,keep
triage-pass-2,padres,ditch
triage-pass-2,panicking,keep
triage-pass-2,pantheon,keep
triage-pass-2,payer,keep
triage-pass-2,pictorial,keep
triage-pass-2,pints,keep
triage-pass-2,ploy,keep
triage-pass-2,pours,keep
triage-pass-2,prejudices,keep
triage-pass-2,presumption,keep
triage-pass-2,proclaiming,keep
triage-pass-2,prospectus,keep
triage-pass-2,prosthetic,keep
triage-pass-2,puma,keep
triage-pass-2,racers,keep
triage-pass-2,reactionary,keep
triage-pass-2,reciprocal,keep
triage-pass-2,reconstruct,keep
triage-pass-2,redwood,keep
triage-pass-2,relieving,keep
triage-pass-2,reverence,keep
triage-pass-2,rims,keep
triage-pass-2,scrubs,keep
triage-pass-2,seaweed,keep
triage-pass-2,seduction,keep
triage-pass-2,selfishness,keep
triage-pass-2,serge,ditch
triage-pass-2,servicemen,keep
triage-pass-2,setbacks,keep
triage-pass-2,sevens,keep
triage-pass-2,sewers,keep
triage-pass-2,sexiest,keep
triage-pass-2,shaman,keep
triage-pass-2,shatter,keep
triage-pass-2,shepherds,keep
triage-pass-2,shoving,keep
triage-pass-2,signify,keep
triage-pass-2,sketchy,keep
triage-pass-2,smuggled,keep
triage-pass-2,snowfall,keep
triage-pass-2,southbound,keep
triage-pass-2,specificity,keep
triage-pass-2,squirt,keep
triage-pass-2,stewardship,keep
triage-pass-2,stitched,keep
triage-pass-2,stoppage,keep
triage-pass-2,straining,keep
triage-pass-2,superpower,keep
triage-pass-2,suspensions,keep
triage-pass-2,synergy,keep
triage-pass-2,takers,keep
triage-pass-2,tempt,keep
triage-pass-2,terminating,keep
triage-pass-2,testifying,keep
triage-pass-2,thermometer,keep
triage-pass-2,thingy,keep
triage-pass-2,tint,keep
triage-pass-2,triumphs,keep
triage-pass-2,unbroken,keep
triage-pass-2,unsettled,keep
triage-pass-2,unveiling,keep
triage-pass-2,versed,keep
triage-pass-2,whopping,keep
triage-pass-2,wilt,keep
triage-pass-2,absurdity,keep
triage-pass-2,achievable,keep
triage-pass-2,adversaries,keep
triage-pass-2,alchemy,keep
triage-pass-2,ambushed,keep
triage-pass-2,anatomical,keep
triage-pass-2,antigen,keep
triage-pass-2,apostolic,keep
triage-pass-2,applauded,keep
triage-pass-2,aristocracy,keep
triage-pass-2,armchair,keep
triage-pass-2,aunts,keep
triage-pass-2,babysitter,keep
triage-pass-2,babysitting,keep
triage-pass-2,backlog,keep
triage-pass-2,bile,keep
triage-pass-2,biochemical,keep
triage-pass-2,bled,keep
triage-pass-2,bling,keep
triage-pass-2,boner,keep
triage-pass-2,botched,keep
triage-pass-2,bouts,keep
triage-pass-2,brownie,keep
triage-pass-2,bunnies,keep
triage-pass-2,caliphate,keep
triage-pass-2,captives,keep
triage-pass-2,carcass,keep
triage-pass-2,cardigan,keep
triage-pass-2,carousel,keep
triage-pass-2,chico,ditch
triage-pass-2,chihuahua,keep
triage-pass-2,circumcision,keep
triage-pass-2,clandestine,keep
triage-pass-2,clarifying,keep
triage-pass-2,clutter,keep
triage-pass-2,commuters,keep
triage-pass-2,complying,keep
triage-pass-2,compost,keep
triage-pass-2,condemns,keep
triage-pass-2,conqueror,keep
triage-pass-2,crafty,keep
triage-pass-2,crickets,keep
triage-pass-2,crusader,keep
triage-pass-2,cumming,keep
triage-pass-2,cutoff,keep
triage-pass-2,debacle,keep
triage-pass-2,defiant,keep
triage-pass-2,deformed,keep
triage-pass-2,detain,keep
triage-pass-2,diagnostics,keep
triage-pass-2,directives,keep
triage-pass-2,disarm,keep
triage-pass-2,drawback,keep
triage-pass-2,drawbacks,keep
triage-pass-2,elliptical,keep
triage-pass-2,eloquent,keep
triage-pass-2,eminence,keep
triage-pass-2,emitting,keep
triage-pass-2,emperors,keep
triage-pass-2,entail,keep
triage-pass-2,equatorial,keep
triage-pass-2,eras,keep
triage-pass-2,eyeballs,keep
triage-pass-2,fairytale,keep
triage-pass-2,fallacy,keep
triage-pass-2,feeble,keep
triage-pass-2,fend,keep
triage-pass-2,ferocious,keep
triage-pass-2,fifties,keep
triage-pass-2,flake,keep
triage-pass-2,forensics,keep
triage-pass-2,forwarding,keep
triage-pass-2,fragrant,keep
triage-pass-2,gallant,keep
triage-pass-2,genitals,keep
triage-pass-2,geologist,keep
triage-pass-2,goldsmith,keep
triage-pass-2,golfing,keep
triage-pass-2,goons,keep
triage-pass-2,guesses,keep
triage-pass-2,gums,keep
triage-pass-2,handcuffs,keep
triage-pass-2,herds,keep
triage-pass-2,hermit,keep
triage-pass-2,hindered,keep
triage-pass-2,hookers,keep
triage-pass-2,horsemen,keep
triage-pass-2,illuminating,keep
triage-pass-2,indebted,keep
triage-pass-2,indecent,keep
triage-pass-2,inquest,keep
triage-pass-2,interacts,keep
triage-pass-2,interfered,keep
triage-pass-2,ionic,keep
triage-pass-2,jerking,keep
triage-pass-2,jingle,keep
triage-pass-2,kali,ditch
triage-pass-2,lagging,keep
triage-pass-2,lawns,keep
triage-pass-2,levant,ditch
triage-pass-2,lice,keep
triage-pass-2,loco,keep
triage-pass-2,looted,keep
triage-pass-2,lorry,keep
triage-pass-2,loudest,keep
triage-pass-2,magnolia,keep
triage-pass-2,medial,keep
triage-pass-2,mercantile,keep
triage-pass-2,migratory,keep
triage-pass-2,mingle,keep
triage-pass-2,modernist,keep
triage-pass-2,moths,keep
triage-pass-2,mover,keep
triage-pass-2,movers,keep
triage-pass-2,nomenclature,keep
triage-pass-2,outback,keep
triage-pass-2,outcry,keep
triage-pass-2,pamphlets,keep
triage-pass-2,panoramic,keep
triage-pass-2,pauses,keep
triage-pass-2,pave,keep
triage-pass-2,peng,ditch
triage-pass-2,playhouse,keep
triage-pass-2,plow,keep
triage-pass-2,preferential,keep
triage-pass-2,prescribing,keep
triage-pass-2,primetime,keep
triage-pass-2,probing,keep
triage-pass-2,proc,ditch
triage-pass-2,prolong,keep
triage-pass-2,propane,keep
triage-pass-2,publicized,keep
triage-pass-2,purest,keep
triage-pass-2,queues,keep
triage-pass-2,rambling,keep
triage-pass-2,recruiters,keep
triage-pass-2,redirect,keep
triage-pass-2,relentlessly,keep
triage-pass-2,remanded,keep
triage-pass-2,reusable,keep
triage-pass-2,robberies,keep
triage-pass-2,rowdy,keep
triage-pass-2,saffron,keep
triage-pass-2,sassy,keep
triage-pass-2,schoolboy,keep
triage-pass-2,scoreboard,keep
triage-pass-2,seeding,keep
triage-pass-2,sender,keep
triage-pass-2,septic,keep
triage-pass-2,shamed,keep
triage-pass-2,shenanigans,keep
triage-pass-2,skateboard,keep
triage-pass-2,skiers,keep
triage-pass-2,slider,keep
triage-pass-2,smacked,keep
triage-pass-2,smiths,keep
triage-pass-2,soma,ditch
triage-pass-2,someones,ditch
triage-pass-2,staggered,keep
triage-pass-2,staining,keep
triage-pass-2,stalked,keep
triage-pass-2,stemmed,keep
triage-pass-2,stipulated,keep
triage-pass-2,substrates,keep
triage-pass-2,subversive,keep
triage-pass-2,sufferers,keep
triage-pass-2,suggestive,keep
triage-pass-2,suitability,keep
triage-pass-2,superstition,keep
triage-pass-2,surfers,keep
triage-pass-2,swallows,keep
triage-pass-2,symmetric,keep
triage-pass-2,synonyms,keep
triage-pass-2,takin,ditch
triage-pass-2,theses,keep
triage-pass-2,timeout,keep
triage-pass-2,tome,keep
triage-pass-2,tonne,keep
triage-pass-2,totalitarian,keep
triage-pass-2,tramp,keep
triage-pass-2,transistor,keep
triage-pass-2,translucent,keep
triage-pass-2,trashed,keep
triage-pass-2,trot,keep
triage-pass-2,unbalanced,keep
triage-pass-2,unfavorable,keep
triage-pass-2,uniqueness,keep
triage-pass-2,vertebrae,keep
triage-pass-2,vertex,keep
triage-pass-2,vowels,keep
triage-pass-2,wheeling,keep
triage-pass-2,whistling,keep
triage-pass-2,wield,keep
triage-pass-2,woodwork,keep
triage-pass-2,yellowish,keep
triage-pass-2,accompanies,keep
triage-pass-2,acidity,keep
triage-pass-2,affirm,keep
triage-pass-2,agrarian,keep
triage-pass-2,airy,keep
triage-pass-2,alloys,keep
triage-pass-2,anecdote,keep
triage-pass-2,anew,keep
triage-pass-2,appease,keep
triage-pass-2,aptitude,keep
triage-pass-2,arisen,keep
triage-pass-2,assassinate,keep
triage-pass-2,asteroids,keep
triage-pass-2,backside,keep
triage-pass-2,bassist,keep
triage-pass-2,bespoke,keep
triage-pass-2,blatantly,keep
triage-pass-2,blinding,keep
triage-pass-2,blocker,keep
triage-pass-2,blowout,keep
triage-pass-2,booted,keep
triage-pass-2,brisk,keep
triage-pass-2,bubbly,keep
triage-pass-2,bummer,keep
triage-pass-2,canceling,keep
triage-pass-2,cauliflower,keep
triage-pass-2,cereals,keep
triage-pass-2,chainsaw,keep
triage-pass-2,cheetah,keep
triage-pass-2,climatic,keep
triage-pass-2,clockwise,keep
triage-pass-2,clockwork,keep
triage-pass-2,coincides,keep
triage-pass-2,conformity,keep
triage-pass-2,confronts,keep
triage-pass-2,consort,keep
triage-pass-2,correlate,keep
triage-pass-2,cougars,keep
triage-pass-2,courteous,keep
triage-pass-2,craftsmen,keep
triage-pass-2,cupid,keep
triage-pass-2,curiously,keep
triage-pass-2,damning,keep
triage-pass-2,defer,keep
triage-pass-2,demeanor,keep
triage-pass-2,deplorable,keep
triage-pass-2,deranged,keep
triage-pass-2,detergent,keep
triage-pass-2,detour,keep
triage-pass-2,diff,ditch
triage-pass-2,dissenting,keep
triage-pass-2,distressing,keep
triage-pass-2,docked,keep
triage-pass-2,downtime,keep
triage-pass-2,downwards,keep
triage-pass-2,dries,keep
triage-pass-2,enlarge,keep
triage-pass-2,enlargement,keep
triage-pass-2,equate,keep
triage-pass-2,equestrian,keep
triage-pass-2,ethereal,keep
triage-pass-2,expanse,keep
triage-pass-2,faiths,keep
triage-pass-2,fanatics,keep
triage-pass-2,fanfare,keep
triage-pass-2,favorably,keep
triage-pass-2,fingernails,keep
triage-pass-2,fireman,keep
triage-pass-2,flaps,keep
triage-pass-2,flask,keep
triage-pass-2,fondly,keep
triage-pass-2,footnotes,keep
triage-pass-2,frosty,keep
triage-pass-2,gearbox,keep
triage-pass-2,germ,keep
triage-pass-2,giver,keep
triage-pass-2,gnome,keep
triage-pass-2,guaranteeing,keep
triage-pass-2,gunpoint,keep
triage-pass-2,hades,ditch
triage-pass-2,heartache,keep
triage-pass-2,homeowner,keep
triage-pass-2,hooray,keep
triage-pass-2,huskies,keep
triage-pass-2,hypotheses,keep
triage-pass-2,imitating,keep
triage-pass-2,imposes,keep
triage-pass-2,infiltrated,keep
triage-pass-2,insurgent,keep
triage-pass-2,intertwined,keep
triage-pass-2,inventories,keep
triage-pass-2,jails,keep
triage-pass-2,janitor,keep
triage-pass-2,judgmental,keep
triage-pass-2,lanterns,keep
triage-pass-2,launchers,keep
triage-pass-2,legislator,keep
triage-pass-2,lien,keep
triage-pass-2,limousine,keep
triage-pass-2,linden,keep
triage-pass-2,lupus,keep
triage-pass-2,mansions,keep
triage-pass-2,manure,keep
triage-pass-2,meatballs,keep
triage-pass-2,meningitis,keep
triage-pass-2,meteorite,keep
triage-pass-2,midfielders,keep
triage-pass-2,militias,keep
triage-pass-2,misogyny,keep
triage-pass-2,multiplier,keep
triage-pass-2,newbie,keep
triage-pass-2,nominating,keep
triage-pass-2,northbound,keep
triage-pass-2,oblique,keep
triage-pass-2,obscurity,keep
triage-pass-2,onslaught,keep
triage-pass-2,opal,keep
triage-pass-2,operas,keep
triage-pass-2,palsy,keep
triage-pass-2,paramilitary,keep
triage-pass-2,partridge,keep
triage-pass-2,patrolling,keep
triage-pass-2,payers,keep
triage-pass-2,permissible,keep
triage-pass-2,platonic,keep
triage-pass-2,polka,keep
triage-pass-2,primates,keep
triage-pass-2,rancho,ditch
triage-pass-2,rattling,keep
triage-pass-2,recapture,keep
triage-pass-2,recounted,keep
triage-pass-2,recurrence,keep
triage-pass-2,referrals,keep
triage-pass-2,refinement,keep
triage-pass-2,relocating,keep
triage-pass-2,reparations,keep
triage-pass-2,repel,keep
triage-pass-2,researches,keep
triage-pass-2,resigns,keep
triage-pass-2,revamp,keep
triage-pass-2,rodent,keep
triage-pass-2,rudder,keep
triage-pass-2,rung,keep
triage-pass-2,satisfies,keep
triage-pass-2,scraped,keep
triage-pass-2,seaman,keep
triage-pass-2,sensibility,keep
triage-pass-2,shielded,keep
triage-pass-2,showered,keep
triage-pass-2,sizing,keep
triage-pass-2,skier,keep
triage-pass-2,skyscraper,keep
triage-pass-2,slabs,keep
triage-pass-2,slumber,keep
triage-pass-2,slums,keep
triage-pass-2,sockets,keep
triage-pass-2,sprays,keep
triage-pass-2,staunch,keep
triage-pass-2,stiffness,keep
triage-pass-2,swayed,keep
triage-pass-2,swoop,keep
triage-pass-2,synchronized,keep
triage-pass-2,telly,keep
triage-pass-2,tentacles,keep
triage-pass-2,therapeutics,keep
triage-pass-2,topology,keep
triage-pass-2,tutoring,keep
triage-pass-2,uncontrolled,keep
triage-pass-2,undecided,keep
triage-pass-2,unparalleled,keep
triage-pass-2,unsolicited,keep
triage-pass-2,unveil,keep
triage-pass-2,unworthy,keep
triage-pass-2,utensils,keep
triage-pass-2,vaults,keep
triage-pass-2,vocation,keep
triage-pass-2,volts,keep
triage-pass-2,waged,keep
triage-pass-2,warmest,keep
triage-pass-2,whoop,keep
triage-pass-2,abbreviated,keep
triage-pass-2,admirer,keep
triage-pass-2,aerobic,keep
triage-pass-2,aerodynamic,keep
triage-pass-2,agitation,keep
triage-pass-2,agreeable,keep
triage-pass-2,airway,keep
triage-pass-2,algebraic,keep
triage-pass-2,analyzes,keep
triage-pass-2,artefacts,keep
triage-pass-2,assertive,keep
triage-pass-2,assimilation,keep
triage-pass-2,augment,keep
triage-pass-2,bachelors,keep
triage-pass-2,backseat,keep
triage-pass-2,baseman,keep
triage-pass-2,batted,keep
triage-pass-2,bitching,keep
triage-pass-2,breakaway,keep
triage-pass-2,breakdowns,keep
triage-pass-2,breathless,keep
triage-pass-2,briefed,keep
triage-pass-2,brownies,keep
triage-pass-2,browsers,keep
triage-pass-2,cabs,keep
triage-pass-2,captions,keep
triage-pass-2,carefree,keep
triage-pass-2,caricature,keep
triage-pass-2,carton,keep
triage-pass-2,cayman,keep
triage-pass-2,celeste,ditch
triage-pass-2,cert,ditch
triage-pass-2,chandelier,keep
triage-pass-2,chests,keep
triage-pass-2,chute,keep
triage-pass-2,clipping,keep
triage-pass-2,clot,keep
triage-pass-2,comets,keep
triage-pass-2,complacent,keep
triage-pass-2,complicit,keep
triage-pass-2,concentrates,keep
triage-pass-2,confer,keep
triage-pass-2,contractions,keep
triage-pass-2,coolant,keep
triage-pass-2,copyrighted,keep
triage-pass-2,counteract,keep
triage-pass-2,courtship,keep
triage-pass-2,crammed,keep
triage-pass-2,craven,keep
triage-pass-2,cushions,keep
triage-pass-2,debilitating,keep
triage-pass-2,deepen,keep
triage-pass-2,deepening,keep
triage-pass-2,dependencies,keep
triage-pass-2,deprive,keep
triage-pass-2,derry,ditch
triage-pass-2,destroyers,keep
triage-pass-2,devise,keep
triage-pass-2,devotees,keep
triage-pass-2,directories,keep
triage-pass-2,disclosing,keep
triage-pass-2,disparities,keep
triage-pass-2,downturn,keep
triage-pass-2,drier,keep
triage-pass-2,dystopian,keep
triage-pass-2,efficiencies,keep
triage-pass-2,electrically,keep
triage-pass-2,embodies,keep
triage-pass-2,enclave,keep
triage-pass-2,entourage,keep
triage-pass-2,epoch,keep
triage-pass-2,exaggerate,keep
triage-pass-2,exaggerating,keep
triage-pass-2,excelled,keep
triage-pass-2,extinguished,keep
triage-pass-2,farts,keep
triage-pass-2,fated,keep
triage-pass-2,femme,keep
triage-pass-2,fibrosis,keep
triage-pass-2,fielder,keep
triage-pass-2,foggy,keep
triage-pass-2,forgery,keep
triage-pass-2,frequented,keep
triage-pass-2,functionally,keep
triage-pass-2,furiously,keep
triage-pass-2,gaping,keep
triage-pass-2,gator,keep
triage-pass-2,gentry,keep
triage-pass-2,germanic,ditch
triage-pass-2,gimmick,keep
triage-pass-2,gladiator,keep
triage-pass-2,glimpses,keep
triage-pass-2,glittering,keep
triage-pass-2,glossary,keep
triage-pass-2,grinning,keep
triage-pass-2,groundwork,keep
triage-pass-2,gymnasium,keep
triage-pass-2,hammering,keep
triage-pass-2,hays,ditch
triage-pass-2,hounds,keep
triage-pass-2,imposition,keep
triage-pass-2,impromptu,keep
triage-pass-2,indulgence,keep
triage-pass-2,intersect,keep
triage-pass-2,invasions,keep
triage-pass-2,iodine,keep
triage-pass-2,johannes,ditch
triage-pass-2,keel,keep
triage-pass-2,kilometer,keep
triage-pass-2,lemme,ditch
triage-pass-2,lettering,keep
triage-pass-2,lewd,keep
triage-pass-2,lifeboat,keep
triage-pass-2,liters,keep
triage-pass-2,liturgy,keep
triage-pass-2,longstanding,keep
triage-pass-2,lumps,keep
triage-pass-2,magma,keep
triage-pass-2,mammalian,keep
triage-pass-2,marbles,keep
triage-pass-2,milking,keep
triage-pass-2,millennia,keep
triage-pass-2,miraculously,keep
triage-pass-2,molding,keep
triage-pass-2,mortals,keep
triage-pass-2,motorbike,keep
triage-pass-2,nodding,keep
triage-pass-2,nonexistent,keep
triage-pass-2,notoriety,keep
triage-pass-2,nuclei,keep
triage-pass-2,nutty,keep
triage-pass-2,obedient,keep
triage-pass-2,oculus,ditch
triage-pass-2,orgasms,keep
triage-pass-2,originates,keep
triage-pass-2,ornate,keep
triage-pass-2,ousted,keep
triage-pass-2,palpable,keep
triage-pass-2,paramedic,keep
triage-pass-2,patched,keep
triage-pass-2,perk,keep
triage-pass-2,perpetuate,keep
triage-pass-2,perverse,keep
triage-pass-2,perverted,keep
triage-pass-2,philharmonic,keep
triage-pass-2,photons,keep
triage-pass-2,playlists,keep
triage-pass-2,plume,keep
triage-pass-2,plump,keep
triage-pass-2,prequel,keep
triage-pass-2,prophetic,keep
triage-pass-2,provocation,keep
triage-pass-2,pumpkins,keep
triage-pass-2,purified,keep
triage-pass-2,radiology,keep
triage-pass-2,raffle,keep
triage-pass-2,ragged,keep
triage-pass-2,rainbows,keep
triage-pass-2,recoil,keep
triage-pass-2,recorders,keep
triage-pass-2,redo,keep
triage-pass-2,rejoin,keep
triage-pass-2,relays,keep
triage-pass-2,remission,keep
triage-pass-2,renounce,keep
triage-pass-2,repentance,keep
triage-pass-2,resonate,keep
triage-pass-2,restitution,keep
triage-pass-2,reviving,keep
triage-pass-2,rewritten,keep
triage-pass-2,riddled,keep
triage-pass-2,ridiculed,keep
triage-pass-2,rotations,keep
triage-pass-2,rugs,keep
triage-pass-2,sacrament,keep
triage-pass-2,sauces,keep
triage-pass-2,scholastic,keep
triage-pass-2,scourge,keep
triage-pass-2,shopper,keep
triage-pass-2,shrub,keep
triage-pass-2,signage,keep
triage-pass-2,skis,keep
triage-pass-2,slag,keep
triage-pass-2,sluts,keep
triage-pass-2,sneeze,keep
triage-pass-2,soaps,keep
triage-pass-2,sobriety,keep
triage-pass-2,songwriting,keep
triage-pass-2,sorely,keep
triage-pass-2,sprawling,keep
triage-pass-2,sprinter,keep
triage-pass-2,sprite,keep
triage-pass-2,stagnation,keep
triage-pass-2,stead,keep
triage-pass-2,stinks,keep
triage-pass-2,structurally,keep
triage-pass-2,sulfate,keep
triage-pass-2,swag,keep
triage-pass-2,sweatshirt,keep
triage-pass-2,tangent,keep
triage-pass-2,tori,keep
triage-pass-2,touted,keep
triage-pass-2,tracer,keep
triage-pass-2,transporter,keep
triage-pass-2,undergoes,keep
triage-pass-2,unearthed,keep
triage-pass-2,uniformly,keep
triage-pass-2,unqualified,keep
triage-pass-2,unravel,keep
triage-pass-2,variously,keep
triage-pass-2,vests,keep
triage-pass-2,veterinarian,keep
triage-pass-2,warms,keep
triage-pass-2,wasteland,keep
triage-pass-2,watchdog,keep
triage-pass-2,watery,keep
triage-pass-2,wavelengths,keep
triage-pass-2,weasel,keep
triage-pass-2,whips,keep
triage-pass-2,workplaces,keep
triage-pass-2,aborted,keep
triage-pass-2,absorbs,keep
triage-pass-2,abstinence,keep
triage-pass-2,academically,keep
triage-pass-2,activates,keep
triage-pass-2,adjectives,keep
triage-pass-2,adventurer,keep
triage-pass-2,adventurers,keep
triage-pass-2,alcoholics,keep
triage-pass-2,allege,keep
triage-pass-2,announcers,keep
triage-pass-2,arduous,keep
triage-pass-2,attaining,keep
triage-pass-2,bachelorette,keep
triage-pass-2,bagel,keep
triage-pass-2,bagged,keep
triage-pass-2,barometer,keep
triage-pass-2,biggie,keep
triage-pass-2,bigot,keep
triage-pass-2,branched,keep
triage-pass-2,bruise,keep
triage-pass-2,bruising,keep
triage-pass-2,bullion,keep
triage-pass-2,bums,keep
triage-pass-2,bureaucrats,keep
triage-pass-2,carp,keep
triage-pass-2,castor,keep
triage-pass-2,challengers,keep
triage-pass-2,charting,keep
triage-pass-2,cicero,ditch
triage-pass-2,cleverly,keep
triage-pass-2,clocked,keep
triage-pass-2,coasters,keep
triage-pass-2,collars,keep
triage-pass-2,composure,keep
triage-pass-2,computerized,keep
triage-pass-2,concur,keep
triage-pass-2,conte,ditch
triage-pass-2,conveying,keep
triage-pass-2,cornered,keep
triage-pass-2,craziest,keep
triage-pass-2,defying,keep
triage-pass-2,delicacy,keep
triage-pass-2,demolish,keep
triage-pass-2,deport,keep
triage-pass-2,dictators,keep
triage-pass-2,dictionaries,keep
triage-pass-2,dilute,keep
triage-pass-2,disabling,keep
triage-pass-2,dispersion,keep
triage-pass-2,doomsday,keep
triage-pass-2,draped,keep
triage-pass-2,drinker,keep
triage-pass-2,eels,keep
triage-pass-2,entangled,keep
triage-pass-2,exploratory,keep
triage-pass-2,facet,keep
triage-pass-2,fates,keep
triage-pass-2,fermented,keep
triage-pass-2,ferries,keep
triage-pass-2,finesse,keep
triage-pass-2,fireball,keep
triage-pass-2,firth,keep
triage-pass-2,flannel,keep
triage-pass-2,floss,keep
triage-pass-2,foresee,keep
triage-pass-2,frantically,keep
triage-pass-2,frees,keep
triage-pass-2,fringes,keep
triage-pass-2,genoa,ditch
triage-pass-2,geothermal,keep
triage-pass-2,gist,keep
triage-pass-2,grievous,keep
triage-pass-2,handbags,keep
triage-pass-2,handkerchief,keep
triage-pass-2,heaters,keep
triage-pass-2,heres,ditch
triage-pass-2,hookup,keep
triage-pass-2,hopelessly,keep
triage-pass-2,horticulture,keep
triage-pass-2,howl,keep
triage-pass-2,hydration,keep
triage-pass-2,impunity,keep
triage-pass-2,indexing,keep
triage-pass-2,infertility,keep
triage-pass-2,inline,keep
triage-pass-2,insolvency,keep
triage-pass-2,intermediary,keep
triage-pass-2,interrogated,keep
triage-pass-2,juveniles,keep
triage-pass-2,kinks,keep
triage-pass-2,laughable,keep
triage-pass-2,locus,keep
triage-pass-2,makeshift,keep
triage-pass-2,marquee,keep
triage-pass-2,masturbate,keep
triage-pass-2,matrices,keep
triage-pass-2,melanoma,keep
triage-pass-2,menacing,keep
triage-pass-2,microbes,keep
triage-pass-2,midterms,keep
triage-pass-2,mobilize,keep
triage-pass-2,moors,keep
triage-pass-2,nativity,keep
triage-pass-2,neglecting,keep
triage-pass-2,nook,keep
triage-pass-2,nutritious,keep
triage-pass-2,overdrive,keep
triage-pass-2,padding,keep
triage-pass-2,pant,keep
triage-pass-2,passover,ditch
triage-pass-2,penitentiary,keep
triage-pass-2,perilous,keep
triage-pass-2,periodicals,keep
triage-pass-2,pharmacies,keep
triage-pass-2,plaques,keep
triage-pass-2,plastered,keep
triage-pass-2,playa,keep
triage-pass-2,plucked,keep
triage-pass-2,polytechnic,keep
triage-pass-2,popularly,keep
triage-pass-2,pornographic,keep
triage-pass-2,posse,keep
triage-pass-2,prepping,keep
triage-pass-2,rebates,keep
triage-pass-2,reconciled,keep
triage-pass-2,refunded,keep
triage-pass-2,rename,keep
triage-pass-2,repulsive,keep
triage-pass-2,respite,keep
triage-pass-2,revamped,keep
triage-pass-2,revising,keep
triage-pass-2,rhinos,keep
triage-pass-2,saber,keep
triage-pass-2,sadistic,keep
triage-pass-2,samba,keep
triage-pass-2,scorers,keep
triage-pass-2,sewn,keep
triage-pass-2,shaggy,keep
triage-pass-2,shelling,keep
triage-pass-2,shrunk,keep
triage-pass-2,sitter,keep
triage-pass-2,slant,keep
triage-pass-2,slashed,keep
triage-pass-2,sleepless,keep
triage-pass-2,slur,keep
triage-pass-2,snowball,keep
triage-pass-2,sobs,keep
triage-pass-2,soles,keep
triage-pass-2,soothe,keep
triage-pass-2,souvenirs,keep
triage-pass-2,spelt,keep
triage-pass-2,stalling,keep
triage-pass-2,stamping,keep
triage-pass-2,streamline,keep
triage-pass-2,suckers,keep
triage-pass-2,sulphur,keep
triage-pass-2,swears,keep
triage-pass-2,tablespoons,keep
triage-pass-2,tampering,keep
triage-pass-2,tankers,keep
triage-pass-2,telephones,keep
triage-pass-2,terminus,keep
triage-pass-2,testicles,keep
triage-pass-2,thaw,keep
triage-pass-2,throughput,keep
triage-pass-2,timelines,keep
triage-pass-2,tout,keep
triage-pass-2,tripod,keep
triage-pass-2,tulip,keep
triage-pass-2,turnpike,keep
triage-pass-2,unattended,keep
triage-pass-2,unbeatable,keep
triage-pass-2,undertaker,keep
triage-pass-2,uniformed,keep
triage-pass-2,unionists,keep
triage-pass-2,unloaded,keep
triage-pass-2,uttered,keep
triage-pass-2,vulture,keep
triage-pass-2,wares,keep
triage-pass-2,waterway,keep
triage-pass-2,absentee,keep
triage-pass-2,accolades,keep
triage-pass-2,admirers,keep
triage-pass-2,anarchists,keep
triage-pass-2,anecdotal,keep
triage-pass-2,anemia,keep
triage-pass-2,animosity,keep
triage-pass-2,appoints,keep
triage-pass-2,autoimmune,keep
triage-pass-2,bakers,keep
triage-pass-2,barons,keep
triage-pass-2,battalions,keep
triage-pass-2,beggar,keep
triage-pass-2,bombarded,keep
triage-pass-2,boulders,keep
triage-pass-2,bounces,keep
triage-pass-2,bouncy,keep
triage-pass-2,busts,keep
triage-pass-2,calibrated,keep
triage-pass-2,canteen,keep
triage-pass-2,capacitor,keep
triage-pass-2,captivating,keep
triage-pass-2,carbohydrate,keep
triage-pass-2,cartels,keep
triage-pass-2,cavalier,keep
triage-pass-2,centrist,keep
triage-pass-2,chatted,keep
triage-pass-2,chauffeur,keep
triage-pass-2,circled,keep
triage-pass-2,circulate,keep
triage-pass-2,clergyman,keep
triage-pass-2,climber,keep
triage-pass-2,clinched,keep
triage-pass-2,clutching,keep
triage-pass-2,coliseum,keep
triage-pass-2,combs,keep
triage-pass-2,commandment,keep
triage-pass-2,complimented,keep
triage-pass-2,conceivable,keep
triage-pass-2,condone,keep
triage-pass-2,congested,keep
triage-pass-2,connectors,keep
triage-pass-2,consecrated,keep
triage-pass-2,contaminants,keep
triage-pass-2,contiguous,keep
triage-pass-2,conveys,keep
triage-pass-2,councilman,keep
triage-pass-2,cranberry,keep
triage-pass-2,criticizes,keep
triage-pass-2,croft,keep
triage-pass-2,custard,keep
triage-pass-2,deceiving,keep
triage-pass-2,defaults,keep
triage-pass-2,definitively,keep
triage-pass-2,deflect,keep
triage-pass-2,denoted,keep
triage-pass-2,departs,keep
triage-pass-2,deregulation,keep
triage-pass-2,desolate,keep
triage-pass-2,devour,keep
triage-pass-2,digger,keep
triage-pass-2,disarmament,keep
triage-pass-2,disgraced,keep
triage-pass-2,dishonesty,keep
triage-pass-2,divergence,keep
triage-pass-2,domesticated,keep
triage-pass-2,doubly,keep
triage-pass-2,doughnut,keep
triage-pass-2,dwarfs,keep
triage-pass-2,embody,keep
triage-pass-2,enrolling,keep
triage-pass-2,envision,keep
triage-pass-2,equivalence,keep
triage-pass-2,eruptions,keep
triage-pass-2,esoteric,keep
triage-pass-2,euthanasia,keep
triage-pass-2,felon,keep
triage-pass-2,flammable,keep
triage-pass-2,footnote,keep
triage-pass-2,fostered,keep
triage-pass-2,furthest,keep
triage-pass-2,garnet,keep
triage-pass-2,glanced,keep
triage-pass-2,grapefruit,keep
triage-pass-2,grate,keep
triage-pass-2,greyhound,keep
triage-pass-2,grossed,keep
triage-pass-2,gyms,keep
triage-pass-2,hairdresser,keep
triage-pass-2,hardness,keep
triage-pass-2,helpers,keep
triage-pass-2,hilly,keep
triage-pass-2,hogs,keep
triage-pass-2,hone,keep
triage-pass-2,hotspot,keep
triage-pass-2,humbly,keep
triage-pass-2,inciting,keep
triage-pass-2,incumbents,keep
triage-pass-2,inertia,keep
triage-pass-2,infestation,keep
triage-pass-2,insurrection,keep
triage-pass-2,intolerable,keep
triage-pass-2,lauded,keep
triage-pass-2,laziness,keep
triage-pass-2,leech,keep
triage-pass-2,madly,keep
triage-pass-2,meetup,keep
triage-pass-2,miserably,keep
triage-pass-2,motivates,keep
triage-pass-2,mustered,keep
triage-pass-2,mutilation,keep
triage-pass-2,nerdy,keep
triage-pass-2,nifty,keep
triage-pass-2,orphaned,keep
triage-pass-2,paces,keep
triage-pass-2,palladium,keep
triage-pass-2,particulars,keep
triage-pass-2,passer,keep
triage-pass-2,pathogen,keep
triage-pass-2,pebbles,keep
triage-pass-2,pelicans,keep
triage-pass-2,pensioners,keep
triage-pass-2,pickled,keep
triage-pass-2,policymakers,keep
triage-pass-2,possessive,keep
triage-pass-2,pranks,keep
triage-pass-2,prefecture,keep
triage-pass-2,pretentious,keep
triage-pass-2,promenade,keep
triage-pass-2,pronoun,keep
triage-pass-2,proximal,keep
triage-pass-2,rapport,keep
triage-pass-2,rapture,keep
triage-pass-2,ration,keep
triage-pass-2,ravaged,keep
triage-pass-2,reconnect,keep
triage-pass-2,rectify,keep
triage-pass-2,rivalries,keep
triage-pass-2,rudimentary,keep
triage-pass-2,sabres,keep
triage-pass-2,sayings,keep
triage-pass-2,scariest,keep
triage-pass-2,screenwriter,keep
triage-pass-2,seconded,keep
triage-pass-2,seduced,keep
triage-pass-2,seine,ditch
triage-pass-2,selector,keep
triage-pass-2,shawl,keep
triage-pass-2,shilling,keep
triage-pass-2,shroud,keep
triage-pass-2,shutters,keep
triage-pass-2,skim,keep
triage-pass-2,slaps,keep
triage-pass-2,solicitation,keep
triage-pass-2,specifying,keep
triage-pass-2,starboard,keep
triage-pass-2,stardust,keep
triage-pass-2,stewards,keep
triage-pass-2,stupidest,keep
triage-pass-2,superseded,keep
triage-pass-2,surpassing,keep
triage-pass-2,swirling,keep
triage-pass-2,teas,keep
triage-pass-2,timbers,keep
triage-pass-2,tormented,keep
triage-pass-2,traumatized,keep
triage-pass-2,twinkle,keep
triage-pass-2,uncharted,keep
triage-pass-2,unforeseen,keep
triage-pass-2,unsigned,keep
triage-pass-2,unspoken,keep
triage-pass-2,upholding,keep
triage-pass-2,valet,keep
triage-pass-2,vehemently,keep
triage-pass-2,vendetta,keep
triage-pass-2,weakly,keep
triage-pass-2,wiener,keep
triage-pass-2,wildcard,keep
triage-pass-2,wildfires,keep
triage-pass-2,yorkers,ditch
triage-pass-2,accommodated,keep
triage-pass-2,alderman,keep
triage-pass-2,alienation,keep
triage-pass-2,altitudes,keep
triage-pass-2,amplify,keep
triage-pass-2,anorexia,keep
triage-pass-2,apologizes,keep
triage-pass-2,astronomer,keep
triage-pass-2,attested,keep
triage-pass-2,attrition,keep
triage-pass-2,aunty,keep
triage-pass-2,autopilot,keep
triage-pass-2,baggy,keep
triage-pass-2,bailout,keep
triage-pass-2,ballads,keep
triage-pass-2,ballast,keep
triage-pass-2,bigfoot,keep
triage-pass-2,biotech,keep
triage-pass-2,bloodstream,keep
triage-pass-2,bluegrass,keep
triage-pass-2,bordered,keep
triage-pass-2,bottling,keep
triage-pass-2,budgetary,keep
triage-pass-2,bustling,keep
triage-pass-2,capitalized,keep
triage-pass-2,carers,keep
triage-pass-2,carte,ditch
triage-pass-2,cavendish,ditch
triage-pass-2,chipping,keep
triage-pass-2,clutches,keep
triage-pass-2,cockroach,keep
triage-pass-2,collaborator,keep
triage-pass-2,composites,keep
triage-pass-2,contends,keep
triage-pass-2,contradicts,keep
triage-pass-2,cumbersome,keep
triage-pass-2,curt,keep
triage-pass-2,cyclic,keep
triage-pass-2,cyclical,keep
triage-pass-2,deducted,keep
triage-pass-2,deformation,keep
triage-pass-2,descends,keep
triage-pass-2,devotional,keep
triage-pass-2,diversify,keep
triage-pass-2,downloadable,keep
triage-pass-2,duplication,keep
triage-pass-2,dynamo,keep
triage-pass-2,elixir,keep
triage-pass-2,embarking,keep
triage-pass-2,endgame,keep
triage-pass-2,enhancements,keep
triage-pass-2,epiphany,keep
triage-pass-2,evolves,keep
triage-pass-2,eyeing,keep
triage-pass-2,eyelids,keep
triage-pass-2,eyeliner,keep
triage-pass-2,fable,keep
triage-pass-2,fatality,keep
triage-pass-2,favoring,keep
triage-pass-2,fenced,keep
triage-pass-2,firewood,keep
triage-pass-2,foothills,keep
triage-pass-2,foresight,keep
triage-pass-2,forsaken,keep
triage-pass-2,gabby,keep
triage-pass-2,geniuses,keep
triage-pass-2,greenfield,keep
triage-pass-2,groomed,keep
triage-pass-2,hackney,keep
triage-pass-2,hamstring,keep
triage-pass-2,hordes,keep
triage-pass-2,horseshoe,keep
triage-pass-2,incision,keep
triage-pass-2,infer,keep
triage-pass-2,inpatient,keep
triage-pass-2,inspecting,keep
triage-pass-2,intensify,keep
triage-pass-2,invitational,keep
triage-pass-2,kennel,keep
triage-pass-2,kern,ditch
triage-pass-2,knitted,keep
triage-pass-2,lager,keep
triage-pass-2,laird,ditch
triage-pass-2,lighted,keep
triage-pass-2,loathing,keep
triage-pass-2,loyalists,keep
triage-pass-2,manhood,keep
triage-pass-2,martyrdom,keep
triage-pass-2,menopause,keep
triage-pass-2,mobs,keep
triage-pass-2,motherboard,keep
triage-pass-2,mutilated,keep
triage-pass-2,napkin,keep
triage-pass-2,nelly,ditch
triage-pass-2,neuron,keep
triage-pass-2,nuances,keep
triage-pass-2,nugget,keep
triage-pass-2,opus,keep
triage-pass-2,orchards,keep
triage-pass-2,outlaws,keep
triage-pass-2,ovaries,keep
triage-pass-2,overtly,keep
triage-pass-2,painless,keep
triage-pass-2,pears,keep
triage-pass-2,perpetually,keep
triage-pass-2,pharmacists,keep
triage-pass-2,pitted,keep
triage-pass-2,pleads,keep
triage-pass-2,poisons,keep
triage-pass-2,politico,keep
triage-pass-2,prenatal,keep
triage-pass-2,probate,keep
triage-pass-2,procure,keep
triage-pass-2,propel,keep
triage-pass-2,propensity,keep
triage-pass-2,purchasers,keep
triage-pass-2,rattled,keep
triage-pass-2,receptions,keep
triage-pass-2,remodeling,keep
triage-pass-2,renters,keep
triage-pass-2,resorting,keep
triage-pass-2,retreats,keep
triage-pass-2,rosary,keep
triage-pass-2,rundown,keep
triage-pass-2,ruptured,keep
triage-pass-2,ruse,keep
triage-pass-2,seniority,keep
triage-pass-2,severance,keep
triage-pass-2,sheath,keep
triage-pass-2,shillings,keep
triage-pass-2,shortcuts,keep
triage-pass-2,shorthand,keep
triage-pass-2,shortlisted,keep
triage-pass-2,shreds,keep
triage-pass-2,shrines,keep
triage-pass-2,singularity,keep
triage-pass-2,snowman,keep
triage-pass-2,socialize,keep
triage-pass-2,spinoff,keep
triage-pass-2,sportsman,keep
triage-pass-2,squarely,keep
triage-pass-2,stalks,keep
triage-pass-2,stepmother,keep
triage-pass-2,storming,keep
triage-pass-2,strippers,keep
triage-pass-2,strut,keep
triage-pass-2,succumbed,keep
triage-pass-2,swagger,keep
triage-pass-2,swirl,keep
triage-pass-2,temptations,keep
triage-pass-2,theorist,keep
triage-pass-2,theta,keep
triage-pass-2,thong,keep
triage-pass-2,thrills,keep
triage-pass-2,thumping,keep
triage-pass-2,transcribed,keep
triage-pass-2,tropics,keep
triage-pass-2,tsar,keep
triage-pass-2,tycoon,keep
triage-pass-2,undeniably,keep
triage-pass-2,unfolded,keep
triage-pass-2,unorthodox,keep
triage-pass-2,uproar,keep
triage-pass-2,vertigo,keep
triage-pass-2,vigilance,keep
triage-pass-2,viscount,keep
triage-pass-2,westerners,keep
triage-pass-2,whistler,keep
triage-pass-2,windmill,keep
triage-pass-2,workflow,keep
triage-pass-2,wrapper,keep
triage-pass-2,yogi,keep
triage-pass-2,abba,ditch
triage-pass-2,acetate,keep
triage-pass-2,affirming,keep
triage-pass-2,airstrikes,keep
triage-pass-2,aisles,keep
triage-pass-2,allure,keep
triage-pass-2,amps,keep
triage-pass-2,anthrax,keep
triage-pass-2,antisemitism,keep
triage-pass-2,apprentices,keep
triage-pass-2,aqueous,keep
triage-pass-2,attainment,keep
triage-pass-2,auctioneer,keep
triage-pass-2,authorship,keep
triage-pass-2,awoke,keep
triage-pass-2,axial,keep
triage-pass-2,battleship,keep
triage-pass-2,bayonet,keep
triage-pass-2,bertha,ditch
triage-pass-2,bombshell,keep
triage-pass-2,bowing,keep
triage-pass-2,brewed,keep
triage-pass-2,burnout,keep
triage-pass-2,buttocks,keep
triage-pass-2,buyout,keep
triage-pass-2,byte,keep
triage-pass-2,cancerous,keep
triage-pass-2,carat,keep
triage-pass-2,carcinoma,keep
triage-pass-2,caveat,keep
triage-pass-2,caviar,keep
triage-pass-2,chairperson,keep
triage-pass-2,chore,keep
triage-pass-2,circumvent,keep
triage-pass-2,coles,ditch
triage-pass-2,conserved,keep
triage-pass-2,contrived,keep
triage-pass-2,corolla,ditch
triage-pass-2,corrugated,keep
triage-pass-2,cranky,keep
triage-pass-2,crept,keep
triage-pass-2,crunching,keep
triage-pass-2,crushes,keep
triage-pass-2,cults,keep
triage-pass-2,curvy,keep
triage-pass-2,deluded,keep
triage-pass-2,deployments,keep
triage-pass-2,deteriorate,keep
triage-pass-2,disbanded,keep
triage-pass-2,discredited,keep
triage-pass-2,disorderly,keep
triage-pass-2,distraught,keep
triage-pass-2,distributes,keep
triage-pass-2,dons,keep
triage-pass-2,doughnuts,keep
triage-pass-2,edging,keep
triage-pass-2,elaborated,keep
triage-pass-2,embankment,keep
triage-pass-2,embassies,keep
triage-pass-2,emergent,keep
triage-pass-2,enchanting,keep
triage-pass-2,entertainers,keep
triage-pass-2,entice,keep
triage-pass-2,exalted,keep
triage-pass-2,filly,keep
triage-pass-2,flanks,keep
triage-pass-2,footy,keep
triage-pass-2,formality,keep
triage-pass-2,fortitude,keep
triage-pass-2,fouls,keep
triage-pass-2,fueling,keep
triage-pass-2,gambler,keep
triage-pass-2,gent,keep
triage-pass-2,gents,keep
triage-pass-2,geopolitical,keep
triage-pass-2,glitches,keep
triage-pass-2,governs,keep
triage-pass-2,grievance,keep
triage-pass-2,grunt,keep
triage-pass-2,gusts,keep
triage-pass-2,hailing,keep
triage-pass-2,halal,keep
triage-pass-2,harmonious,keep
triage-pass-2,hashtags,keep
triage-pass-2,hast,ditch
triage-pass-2,hitherto,keep
triage-pass-2,hornet,keep
triage-pass-2,hyperbolic,keep
triage-pass-2,impeached,keep
triage-pass-2,impedance,keep
triage-pass-2,incline,keep
triage-pass-2,incubation,keep
triage-pass-2,insignia,keep
triage-pass-2,installments,keep
triage-pass-2,interplay,keep
triage-pass-2,isotope,keep
triage-pass-2,juniper,keep
triage-pass-2,kindred,keep
triage-pass-2,labelling,keep
triage-pass-2,lander,keep
triage-pass-2,layouts,keep
triage-pass-2,lilies,keep
triage-pass-2,lollipop,keep
triage-pass-2,machete,keep
triage-pass-2,marshes,keep
triage-pass-2,marshmallow,keep
triage-pass-2,microphones,keep
triage-pass-2,mink,keep
triage-pass-2,mischievous,keep
triage-pass-2,mobilized,keep
triage-pass-2,molested,keep
triage-pass-2,monies,keep
triage-pass-2,monograph,keep
triage-pass-2,movable,keep
triage-pass-2,mucus,keep
triage-pass-2,mulberry,keep
triage-pass-2,nameless,keep
triage-pass-2,naturalist,keep
triage-pass-2,necklaces,keep
triage-pass-2,newsroom,keep
triage-pass-2,nightlife,keep
triage-pass-2,officiating,keep
triage-pass-2,omnibus,keep
triage-pass-2,opposites,keep
triage-pass-2,outburst,keep
triage-pass-2,overarching,keep
triage-pass-2,overseen,keep
triage-pass-2,overwhelm,keep
triage-pass-2,pathologist,keep
triage-pass-2,peacekeeping,keep
triage-pass-2,peptides,keep
triage-pass-2,pharmacology,keep
triage-pass-2,pitfalls,keep
triage-pass-2,poaching,keep
triage-pass-2,powders,keep
triage-pass-2,preventable,keep
triage-pass-2,primed,keep
triage-pass-2,prog,ditch
triage-pass-2,proponent,keep
triage-pass-2,protectors,keep
triage-pass-2,provenance,keep
triage-pass-2,provost,keep
triage-pass-2,putt,keep
triage-pass-2,quadruple,keep
triage-pass-2,racking,keep
triage-pass-2,raptor,keep
triage-pass-2,ratchet,keep
triage-pass-2,ravine,keep
triage-pass-2,raving,keep
triage-pass-2,recreated,keep
triage-pass-2,redress,keep
triage-pass-2,regenerate,keep
triage-pass-2,reigned,keep
triage-pass-2,replays,keep
triage-pass-2,retirees,keep
triage-pass-2,rife,keep
triage-pass-2,romances,keep
triage-pass-2,samaritan,keep
triage-pass-2,saxophone,keep
triage-pass-2,scarves,keep
triage-pass-2,settler,keep
triage-pass-2,sever,keep
triage-pass-2,sharpen,keep
triage-pass-2,shellfish,keep
triage-pass-2,shortening,keep
triage-pass-2,showering,keep
triage-pass-2,shrapnel,keep
triage-pass-2,shutout,keep
triage-pass-2,sickle,keep
triage-pass-2,singleton,keep
triage-pass-2,skips,keep
triage-pass-2,skit,keep
triage-pass-2,snowboarding,keep
triage-pass-2,snuff,keep
triage-pass-2,solidly,keep
triage-pass-2,stairway,keep
triage-pass-2,starry,keep
triage-pass-2,stoic,keep
triage-pass-2,supersonic,keep
triage-pass-2,suspending,keep
triage-pass-2,swamps,keep
triage-pass-2,swaps,keep
triage-pass-2,tablespoon,keep
triage-pass-2,tapered,keep
triage-pass-2,taser,keep
triage-pass-2,temperance,keep
triage-pass-2,testimonies,keep
triage-pass-2,textured,keep
triage-pass-2,thrash,keep
triage-pass-2,thresholds,keep
triage-pass-2,thwarted,keep
triage-pass-2,tombstone,keep
triage-pass-2,torches,keep
triage-pass-2,torpedoes,keep
triage-pass-2,transplants,keep
triage-pass-2,tributaries,keep
triage-pass-2,tributary,keep
triage-pass-2,trumpets,keep
triage-pass-2,turd,keep
triage-pass-2,turrets,keep
triage-pass-2,tutors,keep
triage-pass-2,tweaks,keep
triage-pass-2,unchecked,keep
triage-pass-2,unfolds,keep
triage-pass-2,unhappiness,keep
triage-pass-2,unifying,keep
triage-pass-2,unimaginable,keep
triage-pass-2,unites,keep
triage-pass-2,unsecured,keep
triage-pass-2,utopian,keep
triage-pass-2,warship,keep
triage-pass-2,weathered,keep
triage-pass-2,whooping,keep
triage-pass-2,widowed,keep
triage-pass-2,willed,keep
triage-pass-2,worsening,keep
triage-pass-2,wounding,keep
triage-pass-2,abbreviation,keep
triage-pass-2,abuser,keep
triage-pass-2,accords,keep
triage-pass-2,accrued,keep
triage-pass-2,actin,ditch
triage-pass-2,adhesion,keep
triage-pass-2,animate,keep
triage-pass-2,appropriated,keep
triage-pass-2,arming,keep
triage-pass-2,asymmetric,keep
triage-pass-2,atrocious,keep
triage-pass-2,avert,keep
triage-pass-2,avian,keep
triage-pass-2,backstory,keep
triage-pass-2,barns,keep
triage-pass-2,bayou,keep
triage-pass-2,blueprints,keep
triage-pass-2,bodybuilding,keep
triage-pass-2,bodyguards,keep
triage-pass-2,briefings,keep
triage-pass-2,bugging,keep
triage-pass-2,bullish,keep
triage-pass-2,candies,keep
triage-pass-2,cantor,keep
triage-pass-2,carney,ditch
triage-pass-2,chairmen,keep
triage-pass-2,chastity,keep
triage-pass-2,chime,keep
triage-pass-2,chromium,keep
triage-pass-2,claimant,keep
triage-pass-2,closeness,keep
triage-pass-2,collectible,keep
triage-pass-2,conceding,keep
triage-pass-2,conductivity,keep
triage-pass-2,contended,keep
triage-pass-2,contextual,keep
triage-pass-2,contradicted,keep
triage-pass-2,cordon,keep
triage-pass-2,coulter,ditch
triage-pass-2,cram,keep
triage-pass-2,crossword,keep
triage-pass-2,cuckoo,keep
triage-pass-2,cuddly,keep
triage-pass-2,decaying,keep
triage-pass-2,decipher,keep
triage-pass-2,delve,keep
triage-pass-2,depletion,keep
triage-pass-2,dispersal,keep
triage-pass-2,displeasure,keep
triage-pass-2,diss,keep
triage-pass-2,doth,keep
triage-pass-2,downgraded,keep
triage-pass-2,dumber,keep
triage-pass-2,dwarves,keep
triage-pass-2,effortless,keep
triage-pass-2,eyeshadow,keep
triage-pass-2,fave,keep
triage-pass-2,fellowships,keep
triage-pass-2,finisher,keep
triage-pass-2,fluke,keep
triage-pass-2,fondness,keep
triage-pass-2,furnish,keep
triage-pass-2,gauntlet,keep
triage-pass-2,geologists,keep
triage-pass-2,ghostly,keep
triage-pass-2,giveaways,keep
triage-pass-2,gliding,keep
triage-pass-2,googled,keep
triage-pass-2,grating,keep
triage-pass-2,grilling,keep
triage-pass-2,gripped,keep
triage-pass-2,grouse,keep
triage-pass-2,growl,keep
triage-pass-2,habitual,keep
triage-pass-2,hater,keep
triage-pass-2,hurling,keep
triage-pass-2,hurried,keep
triage-pass-2,hypocrites,keep
triage-pass-2,idealistic,keep
triage-pass-2,impede,keep
triage-pass-2,imperialist,keep
triage-pass-2,induces,keep
triage-pass-2,inflamed,keep
triage-pass-2,inhumane,keep
triage-pass-2,innocents,keep
triage-pass-2,italics,keep
triage-pass-2,jobless,keep
triage-pass-2,justifiable,keep
triage-pass-2,lark,keep
triage-pass-2,lecturers,keep
triage-pass-2,lecturing,keep
triage-pass-2,linkage,keep
triage-pass-2,lobes,keep
triage-pass-2,lovingly,keep
triage-pass-2,manifests,keep
triage-pass-2,masonic,ditch
triage-pass-2,medics,keep
triage-pass-2,messengers,keep
triage-pass-2,mitigating,keep
triage-pass-2,moderated,keep
triage-pass-2,monarchs,keep
triage-pass-2,mortars,keep
triage-pass-2,multiples,keep
triage-pass-2,murals,keep
triage-pass-2,newfound,keep
triage-pass-2,nineties,keep
triage-pass-2,nosed,keep
triage-pass-2,nukes,keep
triage-pass-2,ombudsman,keep
triage-pass-2,ordinances,keep
triage-pass-2,overtaken,keep
triage-pass-2,pancreas,keep
triage-pass-2,pandas,keep
triage-pass-2,pasha,ditch
triage-pass-2,periodical,keep
triage-pass-2,pickups,keep
triage-pass-2,pinched,keep
triage-pass-2,plating,keep
triage-pass-2,postings,keep
triage-pass-2,postmaster,keep
triage-pass-2,powerfully,keep
triage-pass-2,prentice,ditch
triage-pass-2,primate,keep
triage-pass-2,proverb,keep
triage-pass-2,puns,keep
triage-pass-2,quarterbacks,keep
triage-pass-2,quests,keep
triage-pass-2,raisins,keep
triage-pass-2,ranting,keep
triage-pass-2,ratification,keep
triage-pass-2,recited,keep
triage-pass-2,reclamation,keep
triage-pass-2,refineries,keep
triage-pass-2,refute,keep
triage-pass-2,resettlement,keep
triage-pass-2,reverted,keep
triage-pass-2,rewriting,keep
triage-pass-2,sculpted,keep
triage-pass-2,sects,keep
triage-pass-2,sedentary,keep
triage-pass-2,sheriffs,keep
triage-pass-2,shivering,keep
triage-pass-2,shocker,keep
triage-pass-2,showroom,keep
triage-pass-2,sightseeing,keep
triage-pass-2,situational,keep
triage-pass-2,skaters,keep
triage-pass-2,slicing,keep
triage-pass-2,soggy,keep
triage-pass-2,someplace,keep
triage-pass-2,sorcerer,keep
triage-pass-2,sorcery,keep
triage-pass-2,spades,keep
triage-pass-2,spleen,keep
triage-pass-2,starlight,keep
triage-pass-2,steadfast,keep
triage-pass-2,stimulates,keep
triage-pass-2,stomping,keep
triage-pass-2,stoop,keep
triage-pass-2,stroking,keep
triage-pass-2,stuffs,keep
triage-pass-2,stylistic,keep
triage-pass-2,superpowers,keep
triage-pass-2,tentatively,keep
triage-pass-2,thinning,keep
triage-pass-2,thrice,keep
triage-pass-2,touchy,keep
triage-pass-2,trampoline,keep
triage-pass-2,tranquil,keep
triage-pass-2,trespassing,keep
triage-pass-2,underwriting,keep
triage-pass-2,unplanned,keep
triage-pass-2,unsuspecting,keep
triage-pass-2,unwelcome,keep
triage-pass-2,unwell,keep
triage-pass-2,vacate,keep
triage-pass-2,venting,keep
triage-pass-2,warring,keep
triage-pass-2,wetland,keep
triage-pass-2,whit,keep
triage-pass-2,whitehead,keep
triage-pass-2,abode,keep
triage-pass-2,abomination,keep
triage-pass-2,acutely,keep
triage-pass-2,adherents,keep
triage-pass-2,adhering,keep
triage-pass-2,affiliations,keep
triage-pass-2,allotment,keep
triage-pass-2,amplifiers,keep
triage-pass-2,angelic,keep
triage-pass-2,antisocial,keep
triage-pass-2,anxieties,keep
triage-pass-2,approvals,keep
triage-pass-2,associating,keep
triage-pass-2,astral,keep
triage-pass-2,astray,keep
triage-pass-2,audited,keep
triage-pass-2,baffling,keep
triage-pass-2,banded,keep
triage-pass-2,bathed,keep
triage-pass-2,betraying,keep
triage-pass-2,blacklist,keep
triage-pass-2,blockers,keep
triage-pass-2,blunder,keep
triage-pass-2,booing,keep
triage-pass-2,bowlers,keep
triage-pass-2,brownish,keep
triage-pass-2,bummed,keep
triage-pass-2,burdened,keep
triage-pass-2,chaser,keep
triage-pass-2,checkpoints,keep
triage-pass-2,clams,keep
triage-pass-2,commotion,keep
triage-pass-2,communicates,keep
triage-pass-2,completeness,keep
triage-pass-2,concierge,keep
triage-pass-2,congressmen,keep
triage-pass-2,cynicism,keep
triage-pass-2,darkened,keep
triage-pass-2,debatable,keep
triage-pass-2,denominator,keep
triage-pass-2,devolved,keep
triage-pass-2,dieting,keep
triage-pass-2,diligently,keep
triage-pass-2,diners,keep
triage-pass-2,dowry,keep
triage-pass-2,drinkers,keep
triage-pass-2,duality,keep
triage-pass-2,duplex,keep
triage-pass-2,endearing,keep
triage-pass-2,epilogue,keep
triage-pass-2,etching,keep
triage-pass-2,exemplified,keep
triage-pass-2,eyre,ditch
triage-pass-2,fancied,keep
triage-pass-2,firefly,keep
triage-pass-2,flotation,keep
triage-pass-2,focussed,keep
triage-pass-2,foraging,keep
triage-pass-2,forbids,keep
triage-pass-2,foreword,keep
triage-pass-2,gamblers,keep
triage-pass-2,garages,keep
triage-pass-2,golds,keep
triage-pass-2,grandchild,keep
triage-pass-2,grids,keep
triage-pass-2,grossing,keep
triage-pass-2,habitable,keep
triage-pass-2,hails,keep
triage-pass-2,hallways,keep
triage-pass-2,harem,keep
triage-pass-2,hegemony,keep
triage-pass-2,hippo,keep
triage-pass-2,hypnotic,keep
triage-pass-2,imagines,keep
triage-pass-2,inaction,keep
triage-pass-2,inconclusive,keep
triage-pass-2,incubator,keep
triage-pass-2,inept,keep
triage-pass-2,inexplicable,keep
triage-pass-2,innovate,keep
triage-pass-2,inseparable,keep
triage-pass-2,instructing,keep
triage-pass-2,intravenous,keep
triage-pass-2,invests,keep
triage-pass-2,juries,keep
triage-pass-2,juror,keep
triage-pass-2,kilo,keep
triage-pass-2,kinship,keep
triage-pass-2,lactose,keep
triage-pass-2,lenient,keep
triage-pass-2,lids,keep
triage-pass-2,likened,keep
triage-pass-2,lockout,keep
triage-pass-2,lube,keep
triage-pass-2,martins,keep
triage-pass-2,masking,keep
triage-pass-2,mediate,keep
triage-pass-2,millimeter,keep
triage-pass-2,moans,keep
triage-pass-2,modal,keep
triage-pass-2,moderates,keep
triage-pass-2,modernism,keep
triage-pass-2,monasteries,keep
triage-pass-2,narrows,keep
triage-pass-2,negotiator,keep
triage-pass-2,niggas,ditch
triage-pass-2,nomadic,keep
triage-pass-2,observance,keep
triage-pass-2,overloaded,keep
triage-pass-2,parentheses,keep
triage-pass-2,penance,keep
triage-pass-2,peroxide,keep
triage-pass-2,pigments,keep
triage-pass-2,pinning,keep
triage-pass-2,planks,keep
triage-pass-2,pluck,keep
triage-pass-2,postdoctoral,keep
triage-pass-2,preposterous,keep
triage-pass-2,pressuring,keep
triage-pass-2,preventative,keep
triage-pass-2,prophecies,keep
triage-pass-2,proverbial,keep
triage-pass-2,rabid,keep
triage-pass-2,redneck,keep
triage-pass-2,reformer,keep
triage-pass-2,reformers,keep
triage-pass-2,rehearsing,keep
triage-pass-2,reiterate,keep
triage-pass-2,resolves,keep
triage-pass-2,resonant,keep
triage-pass-2,resultant,keep
triage-pass-2,retinal,keep
triage-pass-2,scammers,keep
triage-pass-2,schema,keep
triage-pass-2,scorn,keep
triage-pass-2,screwdriver,keep
triage-pass-2,shay,ditch
triage-pass-2,shippers,keep
triage-pass-2,sighed,keep
triage-pass-2,skillful,keep
triage-pass-2,slowest,keep
triage-pass-2,sonata,keep
triage-pass-2,soulful,keep
triage-pass-2,stampede,keep
triage-pass-2,standoff,keep
triage-pass-2,stately,keep
triage-pass-2,steered,keep
triage-pass-2,straightened,keep
triage-pass-2,sugary,keep
triage-pass-2,suitably,keep
triage-pass-2,supernova,keep
triage-pass-2,surrendering,keep
triage-pass-2,synonym,keep
triage-pass-2,tanned,keep
triage-pass-2,tantrum,keep
triage-pass-2,tapering,keep
triage-pass-2,tectonic,keep
triage-pass-2,toxicology,keep
triage-pass-2,transfusion,keep
triage-pass-2,treachery,keep
triage-pass-2,tweaking,keep
triage-pass-2,unbreakable,keep
triage-pass-2,undermines,keep
triage-pass-2,unmatched,keep
triage-pass-2,upheaval,keep
triage-pass-2,uploads,keep
triage-pass-2,vaccinations,keep
triage-pass-2,valuations,keep
triage-pass-2,veneer,keep
triage-pass-2,viewership,keep
triage-pass-2,viscosity,keep
triage-pass-2,vouch,keep
triage-pass-2,wafer,keep
triage-pass-2,worsened,keep
triage-pass-2,adaptable,keep
triage-pass-2,adhered,keep
triage-pass-2,adjutant,keep
triage-pass-2,advancements,keep
triage-pass-2,aggravating,keep
triage-pass-2,altercation,keep
triage-pass-2,amuse,keep
triage-pass-2,ancients,keep
triage-pass-2,aptly,keep
triage-pass-2,armada,keep
triage-pass-2,arousal,keep
triage-pass-2,artistry,keep
triage-pass-2,assuring,keep
triage-pass-2,atrium,keep
triage-pass-2,atypical,keep
triage-pass-2,authorizing,keep
triage-pass-2,autographs,keep
triage-pass-2,autos,keep
triage-pass-2,backups,keep
triage-pass-2,beacons,keep
triage-pass-2,bearers,keep
triage-pass-2,bouncer,keep
triage-pass-2,bracing,keep
triage-pass-2,brunt,keep
triage-pass-2,burgeoning,keep
triage-pass-2,cadence,keep
triage-pass-2,cancels,keep
triage-pass-2,cashmere,keep
triage-pass-2,chaps,keep
triage-pass-2,cheeseburger,keep
triage-pass-2,churning,keep
triage-pass-2,cipher,keep
triage-pass-2,clarinet,keep
triage-pass-2,clashed,keep
triage-pass-2,comforted,keep
triage-pass-2,condensation,keep
triage-pass-2,condos,keep
triage-pass-2,confesses,keep
triage-pass-2,confluence,keep
triage-pass-2,consented,keep
triage-pass-2,constipation,keep
triage-pass-2,consultative,keep
triage-pass-2,contesting,keep
triage-pass-2,contraband,keep
triage-pass-2,cookery,keep
triage-pass-2,creme,keep
triage-pass-2,criminally,keep
triage-pass-2,crocodiles,keep
triage-pass-2,crutches,keep
triage-pass-2,custodian,keep
triage-pass-2,cyst,keep
triage-pass-2,decisively,keep
triage-pass-2,degeneration,keep
triage-pass-2,delinquent,keep
triage-pass-2,deodorant,keep
triage-pass-2,detonated,keep
triage-pass-2,disapprove,keep
triage-pass-2,dodged,keep
triage-pass-2,dormitory,keep
triage-pass-2,dredging,keep
triage-pass-2,emigrated,keep
triage-pass-2,enticing,keep
triage-pass-2,eradication,keep
triage-pass-2,ethnically,keep
triage-pass-2,evangelicals,keep
triage-pass-2,evoked,keep
triage-pass-2,excesses,keep
triage-pass-2,exhilarating,keep
triage-pass-2,eyelashes,keep
triage-pass-2,fainted,keep
triage-pass-2,feline,keep
triage-pass-2,femininity,keep
triage-pass-2,ferns,keep
triage-pass-2,fickle,keep
triage-pass-2,figurative,keep
triage-pass-2,flared,keep
triage-pass-2,footwork,keep
triage-pass-2,forage,keep
triage-pass-2,fraught,keep
triage-pass-2,freshness,keep
triage-pass-2,fronted,keep
triage-pass-2,galilee,ditch
triage-pass-2,gauges,keep
triage-pass-2,grapple,keep
triage-pass-2,grated,keep
triage-pass-2,greets,keep
triage-pass-2,groan,keep
triage-pass-2,grub,keep
triage-pass-2,gunned,keep
triage-pass-2,handouts,keep
triage-pass-2,hangout,keep
triage-pass-2,headers,keep
triage-pass-2,hickory,keep
triage-pass-2,hives,keep
triage-pass-2,hiya,keep
triage-pass-2,hoist,keep
triage-pass-2,hunk,keep
triage-pass-2,identifier,keep
triage-pass-2,incite,keep
triage-pass-2,increments,keep
triage-pass-2,inferred,keep
triage-pass-2,informally,keep
triage-pass-2,inhalation,keep
triage-pass-2,inhibits,keep
triage-pass-2,insides,keep
triage-pass-2,intoxication,keep
triage-pass-2,isotopes,keep
triage-pass-2,jagged,keep
triage-pass-2,laces,keep
triage-pass-2,lamented,keep
triage-pass-2,lasagna,keep
triage-pass-2,leaflet,keep
triage-pass-2,massacred,keep
triage-pass-2,massacres,keep
triage-pass-2,maturing,keep
triage-pass-2,mediocrity,keep
triage-pass-2,mediums,keep
triage-pass-2,minding,keep
triage-pass-2,moat,keep
triage-pass-2,molds,keep
triage-pass-2,motorized,keep
triage-pass-2,mouthpiece,keep
triage-pass-2,neonatal,keep
triage-pass-2,neuronal,keep
triage-pass-2,neutralize,keep
triage-pass-2,nickelodeon,keep
triage-pass-2,omen,keep
triage-pass-2,orally,keep
triage-pass-2,orchids,keep
triage-pass-2,overgrown,keep
triage-pass-2,overlooks,keep
triage-pass-2,overpriced,keep
triage-pass-2,overruled,keep
triage-pass-2,painkillers,keep
triage-pass-2,pallet,keep
triage-pass-2,partitions,keep
triage-pass-2,patriarchy,keep
triage-pass-2,patsy,keep
triage-pass-2,peaking,keep
triage-pass-2,pedagogy,keep
triage-pass-2,perm,keep
triage-pass-2,piedmont,ditch
triage-pass-2,pinto,keep
triage-pass-2,predictor,keep
triage-pass-2,premiers,keep
triage-pass-2,professed,keep
triage-pass-2,rants,keep
triage-pass-2,readership,keep
triage-pass-2,reaffirmed,keep
triage-pass-2,reciting,keep
triage-pass-2,reels,keep
triage-pass-2,relinquish,keep
triage-pass-2,resists,keep
triage-pass-2,resolute,keep
triage-pass-2,restricts,keep
triage-pass-2,retainer,keep
triage-pass-2,rethinking,keep
triage-pass-2,runways,keep
triage-pass-2,salient,keep
triage-pass-2,scents,keep
triage-pass-2,schematic,keep
triage-pass-2,scoreless,keep
triage-pass-2,seawater,keep
triage-pass-2,secs,keep
triage-pass-2,secures,keep
triage-pass-2,seedlings,keep
triage-pass-2,sentient,keep
triage-pass-2,separatist,keep
triage-pass-2,sera,ditch
triage-pass-2,skyscrapers,keep
triage-pass-2,slurs,keep
triage-pass-2,slutty,keep
triage-pass-2,smurf,ditch
triage-pass-2,snippet,keep
triage-pass-2,somethings,keep
triage-pass-2,spokeswoman,keep
triage-pass-2,spotless,keep
triage-pass-2,sprang,keep
triage-pass-2,stabilizing,keep
triage-pass-2,stinky,keep
triage-pass-2,stitching,keep
triage-pass-2,stockpile,keep
triage-pass-2,strenuous,keep
triage-pass-2,strikingly,keep
triage-pass-2,strives,keep
triage-pass-2,stumps,keep
triage-pass-2,subordinates,keep
triage-pass-2,summarizes,keep
triage-pass-2,surcharge,keep
triage-pass-2,tarot,keep
triage-pass-2,theologians,keep
triage-pass-2,throbbing,keep
triage-pass-2,tilting,keep
triage-pass-2,trailed,keep
triage-pass-2,treasured,keep
triage-pass-2,tungsten,keep
triage-pass-2,twigs,keep
triage-pass-2,umpires,keep
triage-pass-2,unharmed,keep
triage-pass-2,unilaterally,keep
triage-pass-2,unspeakable,keep
triage-pass-2,untimely,keep
triage-pass-2,wedges,keep
triage-pass-2,whomever,keep
triage-pass-2,wondrous,keep
triage-pass-2,woof,keep
triage-pass-2,workable,keep
triage-pass-2,wrinkle,keep
triage-pass-2,abstracts,keep
triage-pass-2,abundantly,keep
triage-pass-2,adoration,keep
triage-pass-2,affliction,keep
triage-pass-2,alluded,keep
triage-pass-2,alters,keep
triage-pass-2,amounting,keep
triage-pass-2,backfire,keep
triage-pass-2,bethel,ditch
triage-pass-2,bookshop,keep
triage-pass-2,bora,ditch
triage-pass-2,bowers,keep
triage-pass-2,bree,ditch
triage-pass-2,bridesmaids,keep
triage-pass-2,brooding,keep
triage-pass-2,canes,keep
triage-pass-2,caregiver,keep
triage-pass-2,celebs,keep
triage-pass-2,championed,keep
triage-pass-2,chesterfield,ditch
triage-pass-2,clapped,keep
triage-pass-2,clerics,keep
triage-pass-2,cockroaches,keep
triage-pass-2,coerced,keep
triage-pass-2,collectibles,keep
triage-pass-2,conspirators,keep
triage-pass-2,conspired,keep
triage-pass-2,conspiring,keep
triage-pass-2,contours,keep
triage-pass-2,corrosive,keep
triage-pass-2,counterpoint,keep
triage-pass-2,courting,keep
triage-pass-2,cowardice,keep
triage-pass-2,crusher,keep
triage-pass-2,cuddling,keep
triage-pass-2,cyclops,keep
triage-pass-2,dahl,ditch
triage-pass-2,defied,keep
triage-pass-2,depictions,keep
triage-pass-2,derailed,keep
triage-pass-2,discontinue,keep
triage-pass-2,diseased,keep
triage-pass-2,disgruntled,keep
triage-pass-2,dispense,keep
triage-pass-2,ducts,keep
triage-pass-2,dusted,keep
triage-pass-2,econ,ditch
triage-pass-2,enacting,keep
triage-pass-2,enigmatic,keep
triage-pass-2,envisaged,keep
triage-pass-2,esquire,keep
triage-pass-2,ethically,keep
triage-pass-2,exhale,keep
triage-pass-2,fanning,keep
triage-pass-2,firemen,keep
triage-pass-2,fission,keep
triage-pass-2,fives,keep
triage-pass-2,fleas,keep
triage-pass-2,flurry,keep
triage-pass-2,folio,keep
triage-pass-2,fosters,keep
triage-pass-2,franc,keep
triage-pass-2,frugal,keep
triage-pass-2,fugitives,keep
triage-pass-2,galore,keep
triage-pass-2,genomic,keep
triage-pass-2,gestapo,ditch
triage-pass-2,glimmer,keep
triage-pass-2,goon,keep
triage-pass-2,graces,keep
triage-pass-2,groovy,keep
triage-pass-2,gully,keep
triage-pass-2,gurney,keep
triage-pass-2,handball,keep
triage-pass-2,harmonies,keep
triage-pass-2,hectare,keep
triage-pass-2,hikers,keep
triage-pass-2,hologram,keep
triage-pass-2,homicides,keep
triage-pass-2,humankind,keep
triage-pass-2,immunology,keep
triage-pass-2,indulging,keep
triage-pass-2,ingested,keep
triage-pass-2,inhibited,keep
triage-pass-2,intensifies,keep
triage-pass-2,interacted,keep
triage-pass-2,intruders,keep
triage-pass-2,iterations,keep
triage-pass-2,judgements,keep
triage-pass-2,kiln,keep
triage-pass-2,landowner,keep
triage-pass-2,leveraged,keep
triage-pass-2,levers,keep
triage-pass-2,lilac,keep
triage-pass-2,limelight,keep
triage-pass-2,lister,ditch
triage-pass-2,loathe,keep
triage-pass-2,lobbied,keep
triage-pass-2,logistic,keep
triage-pass-2,loopholes,keep
triage-pass-2,macaroni,keep
triage-pass-2,manganese,keep
triage-pass-2,mantis,keep
triage-pass-2,mattresses,keep
triage-pass-2,midsummer,keep
triage-pass-2,milligrams,keep
triage-pass-2,mimics,keep
triage-pass-2,momentous,keep
triage-pass-2,mora,ditch
triage-pass-2,mules,keep
triage-pass-2,nightclubs,keep
triage-pass-2,nightfall,keep
triage-pass-2,notary,keep
triage-pass-2,observable,keep
triage-pass-2,occupant,keep
triage-pass-2,omissions,keep
triage-pass-2,outfield,keep
triage-pass-2,paddock,keep
triage-pass-2,padre,keep
triage-pass-2,pang,keep
triage-pass-2,pardoned,keep
triage-pass-2,parliaments,keep
triage-pass-2,partisans,keep
triage-pass-2,perils,keep
triage-pass-2,permissions,keep
triage-pass-2,plugging,keep
triage-pass-2,pneumatic,keep
triage-pass-2,pointy,keep
triage-pass-2,polyester,keep
triage-pass-2,polynomial,keep
triage-pass-2,porridge,keep
triage-pass-2,protester,keep
triage-pass-2,reassured,keep
triage-pass-2,renown,keep
triage-pass-2,rescheduled,keep
triage-pass-2,revel,keep
triage-pass-2,reworked,keep
triage-pass-2,roundtable,keep
triage-pass-2,rower,keep
triage-pass-2,salaam,keep
triage-pass-2,scapegoat,keep
triage-pass-2,schooled,keep
triage-pass-2,screeching,keep
triage-pass-2,secretion,keep
triage-pass-2,shambles,keep
triage-pass-2,shipwreck,keep
triage-pass-2,shirtless,keep
triage-pass-2,shrewd,keep
triage-pass-2,shudder,keep
triage-pass-2,shunned,keep
triage-pass-2,slalom,keep
triage-pass-2,smuggle,keep
triage-pass-2,snowflakes,keep
triage-pass-2,solder,keep
triage-pass-2,sous,ditch
triage-pass-2,spanned,keep
triage-pass-2,sparring,keep
triage-pass-2,spectacles,keep
triage-pass-2,spire,keep
triage-pass-2,spout,keep
triage-pass-2,sprout,keep
triage-pass-2,stench,keep
triage-pass-2,stings,keep
triage-pass-2,stochastic,keep
triage-pass-2,subsistence,keep
triage-pass-2,subterranean,keep
triage-pass-2,sully,keep
triage-pass-2,superhuman,keep
triage-pass-2,tenacity,keep
triage-pass-2,tolerable,keep
triage-pass-2,topper,keep
triage-pass-2,trespass,keep
triage-pass-2,tuxedo,keep
triage-pass-2,umbrellas,keep
triage-pass-2,understated,keep
triage-pass-2,undeveloped,keep
triage-pass-2,univ,ditch
triage-pass-2,unknowingly,keep
triage-pass-2,unplugged,keep
triage-pass-2,untouchable,keep
triage-pass-2,unwarranted,keep
triage-pass-2,vases,keep
triage-pass-2,vetting,keep
triage-pass-2,vibrator,keep
triage-pass-2,wailing,keep
triage-pass-2,wishful,keep
triage-pass-2,wrestled,keep
triage-pass-2,abolishing,keep
triage-pass-2,accountancy,keep
triage-pass-2,acoustics,keep
triage-pass-2,actuality,keep
triage-pass-2,addictions,keep
triage-pass-2,aeronautics,keep
triage-pass-2,alibi,keep
triage-pass-2,anointed,keep
triage-pass-2,arias,keep
triage-pass-2,astute,keep
triage-pass-2,attainable,keep
triage-pass-2,audiobook,keep
triage-pass-2,ballerina,keep
triage-pass-2,bashed,keep
triage-pass-2,batters,keep
triage-pass-2,bennet,ditch
triage-pass-2,bewildered,keep
triage-pass-2,binoculars,keep
triage-pass-2,bonkers,keep
triage-pass-2,burlesque,keep
triage-pass-2,burrow,keep
triage-pass-2,calculates,keep
triage-pass-2,callers,keep
triage-pass-2,campfire,keep
triage-pass-2,cashed,keep
triage-pass-2,caster,keep
triage-pass-2,catalysts,keep
triage-pass-2,catered,keep
triage-pass-2,causation,keep
triage-pass-2,centerpiece,keep
triage-pass-2,chameleon,keep
triage-pass-2,checkers,keep
triage-pass-2,clasp,keep
triage-pass-2,clit,keep
triage-pass-2,compulsion,keep
triage-pass-2,concealing,keep
triage-pass-2,condominium,keep
triage-pass-2,conical,keep
triage-pass-2,conjure,keep
triage-pass-2,convincingly,keep
triage-pass-2,copious,keep
triage-pass-2,cordial,keep
triage-pass-2,craziness,keep
triage-pass-2,creatively,keep
triage-pass-2,creditor,keep
triage-pass-2,crores,ditch
triage-pass-2,crypt,keep
triage-pass-2,custodial,keep
triage-pass-2,deactivated,keep
triage-pass-2,decreed,keep
triage-pass-2,deems,keep
triage-pass-2,delegated,keep
triage-pass-2,derelict,keep
triage-pass-2,detects,keep
triage-pass-2,dignitaries,keep
triage-pass-2,dismisses,keep
triage-pass-2,dispel,keep
triage-pass-2,dissident,keep
triage-pass-2,ditches,keep
triage-pass-2,dork,keep
triage-pass-2,dory,keep
triage-pass-2,doves,keep
triage-pass-2,droplets,keep
triage-pass-2,dusting,keep
triage-pass-2,edict,keep
triage-pass-2,egos,keep
triage-pass-2,egregious,keep
triage-pass-2,elasticity,keep
triage-pass-2,elicit,keep
triage-pass-2,evangelist,keep
triage-pass-2,explorations,keep
triage-pass-2,eyeball,keep
triage-pass-2,fiend,keep
triage-pass-2,fledgling,keep
triage-pass-2,flicker,keep
triage-pass-2,flimsy,keep
triage-pass-2,footer,keep
triage-pass-2,gambit,keep
triage-pass-2,gleaming,keep
triage-pass-2,grille,keep
triage-pass-2,gullible,keep
triage-pass-2,gust,keep
triage-pass-2,gypsies,ditch
triage-pass-2,happenings,keep
triage-pass-2,hearth,keep
triage-pass-2,heathen,keep
triage-pass-2,hemorrhage,keep
triage-pass-2,hereafter,keep
triage-pass-2,hinting,keep
triage-pass-2,hoarding,keep
triage-pass-2,homers,keep
triage-pass-2,hoods,keep
triage-pass-2,horoscope,keep
triage-pass-2,humanoid,keep
triage-pass-2,hurst,ditch
triage-pass-2,idealism,keep
triage-pass-2,illegals,ditch
triage-pass-2,impeach,keep
triage-pass-2,interspersed,keep
triage-pass-2,invoking,keep
triage-pass-2,ironing,keep
triage-pass-2,junctions,keep
triage-pass-2,lakeside,keep
triage-pass-2,lawfully,keep
triage-pass-2,lexicon,keep
triage-pass-2,licks,keep
triage-pass-2,lifetimes,keep
triage-pass-2,littered,keep
triage-pass-2,livery,keep
triage-pass-2,loader,keep
triage-pass-2,lobbyist,keep
triage-pass-2,loosing,keep
triage-pass-2,lurk,keep
triage-pass-2,macintosh,ditch
triage-pass-2,magicians,keep
triage-pass-2,marguerite,ditch
triage-pass-2,mech,ditch
triage-pass-2,medallion,keep
triage-pass-2,medusa,keep
triage-pass-2,metaphorical,keep
triage-pass-2,mismatch,keep
triage-pass-2,monastic,keep
triage-pass-2,monopolies,keep
triage-pass-2,mower,keep
triage-pass-2,multilateral,keep
triage-pass-2,mutated,keep
triage-pass-2,namesake,keep
triage-pass-2,nominally,keep
triage-pass-2,normative,keep
triage-pass-2,nostrils,keep
triage-pass-2,nurtured,keep
triage-pass-2,objectivity,keep
triage-pass-2,oblige,keep
triage-pass-2,ogre,keep
triage-pass-2,oiled,keep
triage-pass-2,overheating,keep
triage-pass-2,overreacting,keep
triage-pass-2,overthrown,keep
triage-pass-2,palliative,keep
triage-pass-2,parable,keep
triage-pass-2,pastime,keep
triage-pass-2,patchwork,keep
triage-pass-2,pedophilia,keep
triage-pass-2,peed,keep
triage-pass-2,peeps,keep
triage-pass-2,pellet,keep
triage-pass-2,phobia,keep
triage-pass-2,pinball,keep
triage-pass-2,planter,keep
triage-pass-2,plat,ditch
triage-pass-2,plenary,keep
triage-pass-2,plunder,keep
triage-pass-2,postman,keep
triage-pass-2,prays,keep
triage-pass-2,pseudonym,keep
triage-pass-2,purgatory,keep
triage-pass-2,raps,keep
triage-pass-2,rationality,keep
triage-pass-2,rearing,keep
triage-pass-2,rebuke,keep
triage-pass-2,rebuttal,keep
triage-pass-2,refrigerated,keep
triage-pass-2,reliever,keep
triage-pass-2,restarted,keep
triage-pass-2,retaliate,keep
triage-pass-2,riffs,keep
triage-pass-2,rockers,keep
triage-pass-2,rook,keep
triage-pass-2,rouse,keep
triage-pass-2,sampler,keep
triage-pass-2,scaffolding,keep
triage-pass-2,scant,keep
triage-pass-2,schoolgirl,keep
triage-pass-2,seamlessly,keep
triage-pass-2,sedimentary,keep
triage-pass-2,semblance,keep
triage-pass-2,sheik,keep
triage-pass-2,shockingly,keep
triage-pass-2,sidelined,keep
triage-pass-2,signaled,keep
triage-pass-2,sine,keep
triage-pass-2,skunk,keep
triage-pass-2,sloth,keep
triage-pass-2,slowdown,keep
triage-pass-2,smugglers,keep
triage-pass-2,snapshots,keep
triage-pass-2,snitch,keep
triage-pass-2,snowing,keep
triage-pass-2,snug,keep
triage-pass-2,solstice,keep
triage-pass-2,songwriters,keep
triage-pass-2,soups,keep
triage-pass-2,sparsely,keep
triage-pass-2,spindle,keep
triage-pass-2,spoilt,keep
triage-pass-2,spoof,keep
triage-pass-2,sporty,keep
triage-pass-2,staffer,keep
triage-pass-2,stockholders,keep
triage-pass-2,stuttering,keep
triage-pass-2,subdivided,keep
triage-pass-2,subtract,keep
triage-pass-2,supermodel,keep
triage-pass-2,sweats,keep
triage-pass-2,syphilis,keep
triage-pass-2,tabletop,keep
triage-pass-2,tactile,keep
triage-pass-2,tangle,keep
triage-pass-2,thermostat,keep
triage-pass-2,thrives,keep
triage-pass-2,tiki,keep
triage-pass-2,tingling,keep
triage-pass-2,tonga,ditch
triage-pass-2,tort,keep
triage-pass-2,touchscreen,keep
triage-pass-2,trackers,keep
triage-pass-2,transcend,keep
triage-pass-2,trope,keep
triage-pass-2,tufts,keep
triage-pass-2,undercut,keep
triage-pass-2,underlined,keep
triage-pass-2,unfriendly,keep
triage-pass-2,universes,keep
triage-pass-2,unlicensed,keep
triage-pass-2,unproductive,keep
triage-pass-2,valuables,keep
triage-pass-2,vial,keep
triage-pass-2,violinist,keep
triage-pass-2,vultures,keep
triage-pass-2,warlord,keep
triage-pass-2,whence,keep
triage-pass-2,whimsical,keep
triage-pass-2,wrenching,keep
triage-pass-2,accordion,keep
triage-pass-2,aeronautical,keep
triage-pass-2,alimony,keep
triage-pass-2,aloha,keep
triage-pass-2,angelica,keep
triage-pass-2,anxiously,keep
triage-pass-2,apprehension,keep
triage-pass-2,ares,ditch
triage-pass-2,articulation,keep
triage-pass-2,assailant,keep
triage-pass-2,atonement,keep
triage-pass-2,auspicious,keep
triage-pass-2,avenger,keep
triage-pass-2,barricade,keep
triage-pass-2,baseless,keep
triage-pass-2,beater,keep
triage-pass-2,benefactor,keep
triage-pass-2,biographer,keep
triage-pass-2,blackness,keep
triage-pass-2,bollocks,keep
triage-pass-2,booed,keep
triage-pass-2,boyhood,keep
triage-pass-2,briefcase,keep
triage-pass-2,bugged,keep
triage-pass-2,bunkers,keep
triage-pass-2,butte,keep
triage-pass-2,campsite,keep
triage-pass-2,canister,keep
triage-pass-2,canons,keep
triage-pass-2,cate,ditch
triage-pass-2,caters,keep
triage-pass-2,chronically,keep
triage-pass-2,chuckles,keep
triage-pass-2,cloths,keep
triage-pass-2,clustered,keep
triage-pass-2,coherence,keep
triage-pass-2,complainant,keep
triage-pass-2,complemented,keep
triage-pass-2,compounding,keep
triage-pass-2,conforming,keep
triage-pass-2,connotations,keep
triage-pass-2,consonant,keep
triage-pass-2,correlations,keep
triage-pass-2,crazier,keep
triage-pass-2,cricketers,keep
triage-pass-2,crisps,keep
triage-pass-2,crowning,keep
triage-pass-2,crucifixion,keep
triage-pass-2,cursor,keep
triage-pass-2,deduct,keep
triage-pass-2,delegations,keep
triage-pass-2,diaphragm,keep
triage-pass-2,dichotomy,keep
triage-pass-2,diminutive,keep
triage-pass-2,dispensary,keep
triage-pass-2,dispensing,keep
triage-pass-2,disregarded,keep
triage-pass-2,dissidents,keep
triage-pass-2,doubtless,keep
triage-pass-2,dreamers,keep
triage-pass-2,dwindling,keep
triage-pass-2,embellished,keep
triage-pass-2,emphatic,keep
triage-pass-2,enlightening,keep
triage-pass-2,enrolment,keep
triage-pass-2,exclamation,keep
triage-pass-2,executioner,keep
triage-pass-2,exempted,keep
triage-pass-2,exerted,keep
triage-pass-2,exiles,keep
triage-pass-2,expressway,keep
triage-pass-2,fairer,keep
triage-pass-2,fairest,keep
triage-pass-2,filament,keep
triage-pass-2,foyer,keep
triage-pass-2,fresco,keep
triage-pass-2,frigate,keep
triage-pass-2,fuselage,keep
triage-pass-2,gait,keep
triage-pass-2,genitalia,keep
triage-pass-2,gilt,keep
triage-pass-2,glider,keep
triage-pass-2,goers,keep
triage-pass-2,gravely,keep
triage-pass-2,grime,keep
triage-pass-2,guerrillas,keep
triage-pass-2,heron,keep
triage-pass-2,heyday,keep
triage-pass-2,highlanders,keep
triage-pass-2,illogical,keep
triage-pass-2,illuminati,keep
triage-pass-2,impart,keep
triage-pass-2,incoherent,keep
triage-pass-2,indulgent,keep
triage-pass-2,inert,keep
triage-pass-2,inflicting,keep
triage-pass-2,initiates,keep
triage-pass-2,interlude,keep
triage-pass-2,interpreters,keep
triage-pass-2,interrupts,keep
triage-pass-2,invoices,keep
triage-pass-2,irradiation,keep
triage-pass-2,irritable,keep
triage-pass-2,joss,ditch
triage-pass-2,laminated,keep
triage-pass-2,leviathan,keep
triage-pass-2,ligaments,keep
triage-pass-2,lonesome,keep
triage-pass-2,lukewarm,keep
triage-pass-2,lumbar,keep
triage-pass-2,lumen,keep
triage-pass-2,luxuries,keep
triage-pass-2,maneuvering,keep
triage-pass-2,marathons,keep
triage-pass-2,markup,keep
triage-pass-2,marred,keep
triage-pass-2,midwives,keep
triage-pass-2,miniseries,keep
triage-pass-2,mitochondria,keep
triage-pass-2,mixtures,keep
triage-pass-2,motley,keep
triage-pass-2,mouthed,keep
triage-pass-2,mowing,keep
triage-pass-2,mussels,keep
triage-pass-2,netball,keep
triage-pass-2,nieces,keep
triage-pass-2,nuance,keep
triage-pass-2,obstruct,keep
triage-pass-2,oftentimes,keep
triage-pass-2,orthopedic,keep
triage-pass-2,outages,keep
triage-pass-2,outcast,keep
triage-pass-2,outings,keep
triage-pass-2,overcrowded,keep
triage-pass-2,overriding,keep
triage-pass-2,pane,keep
triage-pass-2,penultimate,keep
triage-pass-2,peppermint,keep
triage-pass-2,percentile,keep
triage-pass-2,persuading,keep
triage-pass-2,piety,keep
triage-pass-2,placenta,keep
triage-pass-2,planters,keep
triage-pass-2,playgrounds,keep
triage-pass-2,pleasurable,keep
triage-pass-2,plough,keep
triage-pass-2,potentials,keep
triage-pass-2,prefect,keep
triage-pass-2,prevails,keep
triage-pass-2,propagate,keep
triage-pass-2,redefine,keep
triage-pass-2,reeling,keep
triage-pass-2,reinstate,keep
triage-pass-2,remit,keep
triage-pass-2,remixes,keep
triage-pass-2,respondent,keep
triage-pass-2,resumption,keep
triage-pass-2,retailing,keep
triage-pass-2,retrograde,keep
triage-pass-2,reused,keep
triage-pass-2,revere,keep
triage-pass-2,romantically,keep
triage-pass-2,rout,keep
triage-pass-2,salmonella,keep
triage-pass-2,savoy,ditch
triage-pass-2,scarecrow,keep
triage-pass-2,scrubbing,keep
triage-pass-2,servings,keep
triage-pass-2,shiv,keep
triage-pass-2,shrinks,keep
triage-pass-2,smeared,keep
triage-pass-2,softening,keep
triage-pass-2,soybean,keep
triage-pass-2,splashing,keep
triage-pass-2,stardom,keep
triage-pass-2,steamy,keep
triage-pass-2,stomachs,keep
triage-pass-2,stopper,keep
triage-pass-2,strolling,keep
triage-pass-2,subtlety,keep
triage-pass-2,swells,keep
triage-pass-2,symptomatic,keep
triage-pass-2,tenets,keep
triage-pass-2,thunderbolt,keep
triage-pass-2,tiered,keep
triage-pass-2,toggle,keep
triage-pass-2,tonal,keep
triage-pass-2,totem,keep
triage-pass-2,tourney,keep
triage-pass-2,transitioned,keep
triage-pass-2,transmitters,keep
triage-pass-2,tripled,keep
triage-pass-2,ulcers,keep
triage-pass-2,ultrasonic,keep
triage-pass-2,unicorns,keep
triage-pass-2,unlawfully,keep
triage-pass-2,unveils,keep
triage-pass-2,unwind,keep
triage-pass-2,unwise,keep
triage-pass-2,valentines,keep
triage-pass-2,vaping,keep
triage-pass-2,verifying,keep
triage-pass-2,watchful,keep
triage-pass-2,wayward,keep
triage-pass-2,workmanship,keep
triage-pass-2,wrecks,keep
triage-pass-2,wren,keep
triage-pass-2,wronged,keep
triage-pass-2,yoke,keep
triage-pass-2,acorn,keep
triage-pass-2,ailing,keep
triage-pass-2,airflow,keep
triage-pass-2,aloft,keep
triage-pass-2,amalgamation,keep
triage-pass-2,aneurysm,keep
triage-pass-2,antelope,keep
triage-pass-2,archdiocese,keep
triage-pass-2,automate,keep
triage-pass-2,barre,keep
triage-pass-2,basilica,keep
triage-pass-2,beset,keep
triage-pass-2,bitchy,keep
triage-pass-2,blaster,keep
triage-pass-2,bleep,keep
triage-pass-2,blueberries,keep
triage-pass-2,blushing,keep
triage-pass-2,bowels,keep
triage-pass-2,braided,keep
triage-pass-2,bridesmaid,keep
triage-pass-2,brie,keep
triage-pass-2,brochures,keep
triage-pass-2,capping,keep
triage-pass-2,cashing,keep
triage-pass-2,catalogs,keep
triage-pass-2,cautioned,keep
triage-pass-2,cavern,keep
triage-pass-2,certify,keep
triage-pass-2,champaign,ditch
triage-pass-2,channeling,keep
triage-pass-2,checker,keep
triage-pass-2,chivalry,keep
triage-pass-2,cocoon,keep
triage-pass-2,confessing,keep
triage-pass-2,conspiracies,keep
triage-pass-2,constants,keep
triage-pass-2,cooperated,keep
triage-pass-2,cornerback,keep
triage-pass-2,credence,keep
triage-pass-2,creeks,keep
triage-pass-2,crossfire,keep
triage-pass-2,dada,keep
triage-pass-2,debtor,keep
triage-pass-2,denouncing,keep
triage-pass-2,densities,keep
triage-pass-2,derail,keep
triage-pass-2,disallowed,keep
triage-pass-2,dispatcher,keep
triage-pass-2,dispatches,keep
triage-pass-2,dissolving,keep
triage-pass-2,distort,keep
triage-pass-2,diverting,keep
triage-pass-2,dreary,keep
triage-pass-2,dropout,keep
triage-pass-2,duped,keep
triage-pass-2,duplicated,keep
triage-pass-2,earring,keep
triage-pass-2,emptying,keep
triage-pass-2,enclosures,keep
triage-pass-2,endangering,keep
triage-pass-2,erroneously,keep
triage-pass-2,evaporation,keep
triage-pass-2,evokes,keep
triage-pass-2,fared,keep
triage-pass-2,fingered,keep
triage-pass-2,fished,keep
triage-pass-2,flicks,keep
triage-pass-2,foregoing,keep
triage-pass-2,frighten,keep
triage-pass-2,gable,keep
triage-pass-2,gags,keep
triage-pass-2,gallows,keep
triage-pass-2,gendered,keep
triage-pass-2,goddesses,keep
triage-pass-2,guilds,keep
triage-pass-2,gunning,keep
triage-pass-2,haiku,keep
triage-pass-2,hairstyles,keep
triage-pass-2,harrow,keep
triage-pass-2,hatchet,keep
triage-pass-2,henceforth,keep
triage-pass-2,hesitated,keep
triage-pass-2,hilltop,keep
triage-pass-2,hobo,keep
triage-pass-2,housework,keep
triage-pass-2,huddle,keep
triage-pass-2,humiliate,keep
triage-pass-2,hurled,keep
triage-pass-2,importer,keep
triage-pass-2,indignation,keep
triage-pass-2,ingrained,keep
triage-pass-2,inhaled,keep
triage-pass-2,injustices,keep
triage-pass-2,inked,keep
triage-pass-2,inspirations,keep
triage-pass-2,irritate,keep
triage-pass-2,keenly,keep
triage-pass-2,lakhs,ditch
triage-pass-2,lass,keep
triage-pass-2,lesion,keep
triage-pass-2,lieutenants,keep
triage-pass-2,lull,keep
triage-pass-2,lullaby,keep
triage-pass-2,machining,keep
triage-pass-2,mackerel,keep
triage-pass-2,marge,ditch
triage-pass-2,massages,keep
triage-pass-2,memorized,keep
triage-pass-2,metabolites,keep
triage-pass-2,metaphysics,keep
triage-pass-2,meticulously,keep
triage-pass-2,migraines,keep
triage-pass-2,mite,keep
triage-pass-2,momentary,keep
triage-pass-2,moratorium,keep
triage-pass-2,morgue,keep
triage-pass-2,mullen,ditch
triage-pass-2,mulligan,keep
triage-pass-2,multiplying,keep
triage-pass-2,munch,keep
triage-pass-2,naps,keep
triage-pass-2,nascent,keep
triage-pass-2,netted,keep
triage-pass-2,neurotic,keep
triage-pass-2,newborns,keep
triage-pass-2,novella,keep
triage-pass-2,obstructing,keep
triage-pass-2,octane,keep
triage-pass-2,octave,keep
triage-pass-2,oldies,keep
triage-pass-2,organizes,keep
triage-pass-2,penalized,keep
triage-pass-2,piercings,keep
triage-pass-2,plugins,keep
triage-pass-2,pondering,keep
triage-pass-2,popes,keep
triage-pass-2,postmodern,keep
triage-pass-2,precincts,keep
triage-pass-2,prerogative,keep
triage-pass-2,procured,keep
triage-pass-2,proxies,keep
triage-pass-2,prudence,keep
triage-pass-2,prudential,keep
triage-pass-2,puffs,keep
triage-pass-2,purged,keep
triage-pass-2,purposefully,keep
triage-pass-2,pursues,keep
triage-pass-2,radiotherapy,keep
triage-pass-2,rationally,keep
triage-pass-2,recoveries,keep
triage-pass-2,remarried,keep
triage-pass-2,remedial,keep
triage-pass-2,repealing,keep
triage-pass-2,repressive,keep
triage-pass-2,resonates,keep
triage-pass-2,resourceful,keep
triage-pass-2,rotates,keep
triage-pass-2,runtime,keep
triage-pass-2,sacrificial,keep
triage-pass-2,scorching,keep
triage-pass-2,scribe,keep
triage-pass-2,sentry,keep
triage-pass-2,sexton,keep
triage-pass-2,shelled,keep
triage-pass-2,shingles,keep
triage-pass-2,silencing,keep
triage-pass-2,silverware,keep
triage-pass-2,skillet,keep
triage-pass-2,slimy,keep
triage-pass-2,slipper,keep
triage-pass-2,sloping,keep
triage-pass-2,snout,keep
triage-pass-2,soliciting,keep
triage-pass-2,spank,keep
triage-pass-2,sparking,keep
triage-pass-2,specter,keep
triage-pass-2,spied,keep
triage-pass-2,spinners,keep
triage-pass-2,spits,keep
triage-pass-2,statehood,keep
triage-pass-2,steeped,keep
triage-pass-2,storyteller,keep
triage-pass-2,strewn,keep
triage-pass-2,stroller,keep
triage-pass-2,stub,keep
triage-pass-2,subgroup,keep
triage-pass-2,supra,ditch
triage-pass-2,suspiciously,keep
triage-pass-2,swaying,keep
triage-pass-2,tact,keep
triage-pass-2,taxonomy,keep
triage-pass-2,televisions,keep
triage-pass-2,tinged,keep
triage-pass-2,tirelessly,keep
triage-pass-2,tiresome,keep
triage-pass-2,toms,keep
triage-pass-2,toolkit,keep
triage-pass-2,tribunals,keep
triage-pass-2,tundra,keep
triage-pass-2,tunic,keep
triage-pass-2,tweaked,keep
triage-pass-2,undoing,keep
triage-pass-2,unmistakable,keep
triage-pass-2,unruly,keep
triage-pass-2,valuing,keep
triage-pass-2,vaulted,keep
triage-pass-2,veal,keep
triage-pass-2,vegans,keep
triage-pass-2,venomous,keep
triage-pass-2,viceroy,keep
triage-pass-2,videotape,keep
triage-pass-2,wearer,keep
triage-pass-2,webs,keep
triage-pass-2,whiting,keep
triage-pass-2,willful,keep
triage-pass-2,abnormally,keep
triage-pass-2,abstain,keep
triage-pass-2,affections,keep
triage-pass-2,aggregates,keep
triage-pass-2,airliner,keep
triage-pass-2,alchemist,keep
triage-pass-2,allegory,keep
triage-pass-2,ambulances,keep
triage-pass-2,antagonists,keep
triage-pass-2,aortic,keep
triage-pass-2,assimilated,keep
triage-pass-2,averted,keep
triage-pass-2,banish,keep
triage-pass-2,battleground,keep
triage-pass-2,beets,keep
triage-pass-2,bellows,keep
triage-pass-2,blisters,keep
triage-pass-2,blob,keep
triage-pass-2,bluntly,keep
triage-pass-2,boosters,keep
triage-pass-2,bootleg,keep
triage-pass-2,brine,keep
triage-pass-2,busty,keep
triage-pass-2,butchers,keep
triage-pass-2,callous,keep
triage-pass-2,cardiology,keep
triage-pass-2,cartoonist,keep
triage-pass-2,casserole,keep
triage-pass-2,cellulose,keep
triage-pass-2,charred,keep
triage-pass-2,churn,keep
triage-pass-2,circuitry,keep
triage-pass-2,clearances,keep
triage-pass-2,cloned,keep
triage-pass-2,cloves,keep
triage-pass-2,commendable,keep
triage-pass-2,compress,keep
triage-pass-2,comptroller,keep
triage-pass-2,coon,ditch
triage-pass-2,correlates,keep
triage-pass-2,creole,keep
triage-pass-2,crusades,keep
triage-pass-2,cubicle,keep
triage-pass-2,curtailed,keep
triage-pass-2,cystic,keep
triage-pass-2,dainty,keep
triage-pass-2,decimated,keep
triage-pass-2,decrees,keep
triage-pass-2,deflected,keep
triage-pass-2,deliverance,keep
triage-pass-2,destitute,keep
triage-pass-2,dexterity,keep
triage-pass-2,dilution,keep
triage-pass-2,dissipated,keep
triage-pass-2,dolce,ditch
triage-pass-2,drugstore,keep
triage-pass-2,ejection,keep
triage-pass-2,electrolyte,keep
triage-pass-2,elitist,keep
triage-pass-2,emailing,keep
triage-pass-2,emphatically,keep
triage-pass-2,engulfed,keep
triage-pass-2,equine,keep
triage-pass-2,exclusivity,keep
triage-pass-2,exes,keep
triage-pass-2,failings,keep
triage-pass-2,faucet,keep
triage-pass-2,feeders,keep
triage-pass-2,feisty,keep
triage-pass-2,fink,keep
triage-pass-2,flexing,keep
triage-pass-2,foothold,keep
triage-pass-2,forbidding,keep
triage-pass-2,forfeited,keep
triage-pass-2,formulations,keep
triage-pass-2,fouled,keep
triage-pass-2,fraternal,keep
triage-pass-2,functioned,keep
triage-pass-2,fuses,keep
triage-pass-2,ghastly,keep
triage-pass-2,gorillas,keep
triage-pass-2,gratifying,keep
triage-pass-2,gymnast,keep
triage-pass-2,haircuts,keep
triage-pass-2,hairline,keep
triage-pass-2,handcuffed,keep
triage-pass-2,handset,keep
triage-pass-2,harrowing,keep
triage-pass-2,headlining,keep
triage-pass-2,heiress,keep
triage-pass-2,hells,keep
triage-pass-2,hinged,keep
triage-pass-2,holster,keep
triage-pass-2,horseman,keep
triage-pass-2,humanist,keep
triage-pass-2,hunch,keep
triage-pass-2,impenetrable,keep
triage-pass-2,infringing,keep
triage-pass-2,innovators,keep
triage-pass-2,issuer,keep
triage-pass-2,lancet,keep
triage-pass-2,landfall,keep
triage-pass-2,lawmaker,keep
triage-pass-2,layoffs,keep
triage-pass-2,lifeguard,keep
triage-pass-2,limerick,keep
triage-pass-2,lockers,keep
triage-pass-2,loner,keep
triage-pass-2,longed,keep
triage-pass-2,mimicking,keep
triage-pass-2,minimally,keep
triage-pass-2,mistook,keep
triage-pass-2,mogul,keep
triage-pass-2,moles,keep
triage-pass-2,morph,keep
triage-pass-2,mort,ditch
triage-pass-2,motorist,keep
triage-pass-2,mysticism,keep
triage-pass-2,nauseous,keep
triage-pass-2,nicks,keep
triage-pass-2,nimble,keep
triage-pass-2,nomad,keep
triage-pass-2,obliterated,keep
triage-pass-2,obtainable,keep
triage-pass-2,omit,keep
triage-pass-2,oncoming,keep
triage-pass-2,otters,keep
triage-pass-2,outlandish,keep
triage-pass-2,outlying,keep
triage-pass-2,oxidative,keep
triage-pass-2,pacifist,keep
triage-pass-2,paraphrase,keep
triage-pass-2,pathfinder,keep
triage-pass-2,pedagogical,keep
triage-pass-2,pediatrician,keep
triage-pass-2,pegged,keep
triage-pass-2,pelican,keep
triage-pass-2,penchant,keep
triage-pass-2,planar,keep
triage-pass-2,polluting,keep
triage-pass-2,polygamy,keep
triage-pass-2,ponytail,keep
triage-pass-2,poplar,keep
triage-pass-2,primordial,keep
triage-pass-2,projectiles,keep
triage-pass-2,propositions,keep
triage-pass-2,pubic,keep
triage-pass-2,publicist,keep
triage-pass-2,purposeful,keep
triage-pass-2,purses,keep
triage-pass-2,rabbis,keep
triage-pass-2,ranchers,keep
triage-pass-2,rarest,keep
triage-pass-2,rascal,keep
triage-pass-2,reared,keep
triage-pass-2,refuted,keep
triage-pass-2,resented,keep
triage-pass-2,revue,keep
triage-pass-2,rigor,keep
triage-pass-2,rioters,keep
triage-pass-2,robins,keep
triage-pass-2,roosters,keep
triage-pass-2,roper,keep
triage-pass-2,rosters,keep
triage-pass-2,sacking,keep
triage-pass-2,scarring,keep
triage-pass-2,scheming,keep
triage-pass-2,scorched,keep
triage-pass-2,scripting,keep
triage-pass-2,seatbelt,keep
triage-pass-2,shank,keep
triage-pass-2,sharpened,keep
triage-pass-2,shortlist,keep
triage-pass-2,sidebar,keep
triage-pass-2,skeptics,keep
triage-pass-2,slashing,keep
triage-pass-2,sledge,keep
triage-pass-2,slotted,keep
triage-pass-2,sociopath,keep
triage-pass-2,southward,keep
triage-pass-2,sparkly,keep
triage-pass-2,speculating,keep
triage-pass-2,sponges,keep
triage-pass-2,steamship,keep
triage-pass-2,stinging,keep
triage-pass-2,subbed,keep
triage-pass-2,summoning,keep
triage-pass-2,telecast,keep
triage-pass-2,tenancy,keep
triage-pass-2,testimonial,keep
triage-pass-2,thence,keep
triage-pass-2,thyme,keep
triage-pass-2,tiniest,keep
triage-pass-2,toner,keep
triage-pass-2,totalling,keep
triage-pass-2,trafficked,keep
triage-pass-2,trampled,keep
triage-pass-2,transponder,keep
triage-pass-2,trashy,keep
triage-pass-2,trimester,keep
triage-pass-2,tron,ditch
triage-pass-2,tubs,keep
triage-pass-2,unfaithful,keep
triage-pass-2,unholy,keep
triage-pass-2,unify,keep
triage-pass-2,unregulated,keep
triage-pass-2,unscrupulous,keep
triage-pass-2,unwittingly,keep
triage-pass-2,upland,keep
triage-pass-2,upped,keep
triage-pass-2,ushered,keep
triage-pass-2,verbatim,keep
triage-pass-2,voiceover,keep
triage-pass-2,willfully,keep
triage-pass-2,worshipping,keep
triage-pass-2,yawn,keep
triage-pass-2,adrift,keep
triage-pass-2,aegis,keep
triage-pass-2,alleys,keep
triage-pass-2,almanac,keep
triage-pass-2,aloe,keep
triage-pass-2,amphibious,keep
triage-pass-2,analyzer,keep
triage-pass-2,ancillary,keep
triage-pass-2,anesthetic,keep
triage-pass-2,antiquated,keep
triage-pass-2,ascot,keep
triage-pass-2,averse,keep
triage-pass-2,bandages,keep
triage-pass-2,barges,keep
triage-pass-2,beaded,keep
triage-pass-2,beagle,keep
triage-pass-2,beavers,keep
triage-pass-2,biceps,keep
triage-pass-2,blindfolded,keep
triage-pass-2,blokes,keep
triage-pass-2,boomerang,keep
triage-pass-2,brill,ditch
triage-pass-2,brim,keep
triage-pass-2,broadening,keep
triage-pass-2,caged,keep
triage-pass-2,calligraphy,keep
triage-pass-2,carpenters,keep
triage-pass-2,castes,keep
triage-pass-2,cauldron,keep
triage-pass-2,celebratory,keep
triage-pass-2,chalet,keep
triage-pass-2,childless,keep
triage-pass-2,chimes,keep
triage-pass-2,cleanser,keep
triage-pass-2,clipper,keep
triage-pass-2,closets,keep
triage-pass-2,clouded,keep
triage-pass-2,coalitions,keep
triage-pass-2,colossus,keep
triage-pass-2,conductive,keep
triage-pass-2,coney,ditch
triage-pass-2,cooperatives,keep
triage-pass-2,corals,keep
triage-pass-2,corral,keep
triage-pass-2,cortical,ditch
triage-pass-2,countering,keep
triage-pass-2,cremation,keep
triage-pass-2,curricular,keep
triage-pass-2,curving,keep
triage-pass-2,deans,keep
triage-pass-2,decked,keep
triage-pass-2,deepened,keep
triage-pass-2,deliberation,keep
triage-pass-2,detonation,keep
triage-pass-2,deviate,keep
triage-pass-2,devolution,keep
triage-pass-2,dialing,keep
triage-pass-2,diode,keep
triage-pass-2,discharges,keep
triage-pass-2,disruptions,keep
triage-pass-2,distancing,keep
triage-pass-2,ditching,keep
triage-pass-2,donkeys,keep
triage-pass-2,downer,keep
triage-pass-2,dribble,keep
triage-pass-2,earbuds,keep
triage-pass-2,egalitarian,keep
triage-pass-2,endocrine,keep
triage-pass-2,energized,keep
triage-pass-2,epithelial,keep
triage-pass-2,equates,keep
triage-pass-2,ester,keep
triage-pass-2,excitedly,keep
triage-pass-2,excruciating,keep
triage-pass-2,executes,keep
triage-pass-2,farthest,keep
triage-pass-2,fateful,keep
triage-pass-2,fatter,keep
triage-pass-2,fedora,keep
triage-pass-2,fillers,keep
triage-pass-2,flak,keep
triage-pass-2,flamboyant,keep
triage-pass-2,flamingo,keep
triage-pass-2,flutter,keep
triage-pass-2,foodie,keep
triage-pass-2,foolishness,keep
triage-pass-2,foundational,keep
triage-pass-2,furnaces,keep
triage-pass-2,gills,keep
triage-pass-2,gout,keep
triage-pass-2,harsher,keep
triage-pass-2,hatching,keep
triage-pass-2,hepatic,keep
triage-pass-2,homegrown,keep
triage-pass-2,hoof,keep
triage-pass-2,housemates,keep
triage-pass-2,hues,keep
triage-pass-2,humbling,keep
triage-pass-2,hydrocarbons,keep
triage-pass-2,impala,keep
triage-pass-2,impurities,keep
triage-pass-2,incognito,keep
triage-pass-2,inhibiting,keep
triage-pass-2,inks,keep
triage-pass-2,innocuous,keep
triage-pass-2,inns,keep
triage-pass-2,insofar,keep
triage-pass-2,islander,keep
triage-pass-2,jest,keep
triage-pass-2,lambda,keep
triage-pass-2,leaky,keep
triage-pass-2,libido,keep
triage-pass-2,linn,ditch
triage-pass-2,loyalties,keep
triage-pass-2,lynching,keep
triage-pass-2,mage,keep
triage-pass-2,mahatma,keep
triage-pass-2,mainline,keep
triage-pass-2,mainstay,keep
triage-pass-2,mannequin,keep
triage-pass-2,marketable,keep
triage-pass-2,masterful,keep
triage-pass-2,maximal,keep
triage-pass-2,millers,keep
triage-pass-2,mime,keep
triage-pass-2,minivan,keep
triage-pass-2,mistrust,keep
triage-pass-2,mites,keep
triage-pass-2,mobiles,keep
triage-pass-2,modestly,keep
triage-pass-2,moniker,keep
triage-pass-2,mythological,keep
triage-pass-2,nave,keep
triage-pass-2,needlessly,keep
triage-pass-2,nonviolent,keep
triage-pass-2,palatable,keep
triage-pass-2,parishioners,keep
triage-pass-2,parkland,keep
triage-pass-2,payouts,keep
triage-pass-2,plunging,keep
triage-pass-2,polarity,keep
triage-pass-2,pompous,keep
triage-pass-2,profanity,keep
triage-pass-2,protruding,keep
triage-pass-2,pundit,keep
triage-pass-2,purify,keep
triage-pass-2,quarries,keep
triage-pass-2,raged,keep
triage-pass-2,rages,keep
triage-pass-2,regaining,keep
triage-pass-2,regenerative,keep
triage-pass-2,regroup,keep
triage-pass-2,rehearsed,keep
triage-pass-2,reimburse,keep
triage-pass-2,reinvent,keep
triage-pass-2,repatriation,keep
triage-pass-2,requiem,keep
triage-pass-2,resurrect,keep
triage-pass-2,ringer,keep
triage-pass-2,rooftops,keep
triage-pass-2,salvaged,keep
triage-pass-2,sari,keep
triage-pass-2,saucer,keep
triage-pass-2,scrapping,keep
triage-pass-2,scrappy,keep
triage-pass-2,semis,keep
triage-pass-2,serpentine,keep
triage-pass-2,shuffling,keep
triage-pass-2,skirmish,keep
triage-pass-2,slough,keep
triage-pass-2,snippets,keep
triage-pass-2,soared,keep
triage-pass-2,solicit,keep
triage-pass-2,solidified,keep
triage-pass-2,solvents,keep
triage-pass-2,spar,keep
triage-pass-2,spearheaded,keep
triage-pass-2,spooked,keep
triage-pass-2,sprints,keep
triage-pass-2,stimulant,keep
triage-pass-2,stow,keep
triage-pass-2,stylized,keep
triage-pass-2,subdue,keep
triage-pass-2,subscribing,keep
triage-pass-2,succumb,keep
triage-pass-2,suffocating,keep
triage-pass-2,sumo,keep
triage-pass-2,surgically,keep
triage-pass-2,tabernacle,keep
triage-pass-2,tagline,keep
triage-pass-2,talisman,keep
triage-pass-2,thirdly,keep
triage-pass-2,thwart,keep
triage-pass-2,ticked,keep
triage-pass-2,tins,keep
triage-pass-2,tortilla,keep
triage-pass-2,townhouse,keep
triage-pass-2,transferable,keep
triage-pass-2,transistors,keep
triage-pass-2,transpired,keep
triage-pass-2,transplanted,keep
triage-pass-2,truffle,keep
triage-pass-2,tumultuous,keep
triage-pass-2,unclean,keep
triage-pass-2,unitary,keep
triage-pass-2,vail,ditch
triage-pass-2,vedic,ditch
triage-pass-2,ventral,keep
triage-pass-2,vibrate,keep
triage-pass-2,waging,keep
triage-pass-2,weirdly,keep
triage-pass-2,whiplash,keep
triage-pass-2,wildcat,keep
triage-pass-2,woodworking,keep
triage-pass-2,worsen,keep
triage-pass-2,worshippers,keep
triage-pass-2,xenophobia,keep
triage-pass-2,xenophobic,keep
triage-pass-2,acreage,keep
triage-pass-2,affords,keep
triage-pass-2,albino,keep
triage-pass-2,antichrist,keep
triage-pass-2,aquaculture,keep
triage-pass-2,arrears,keep
triage-pass-2,assimilate,keep
triage-pass-2,asterisk,keep
triage-pass-2,asymmetrical,keep
triage-pass-2,augmentation,keep
triage-pass-2,azalea,keep
triage-pass-2,bacterium,keep
triage-pass-2,barter,keep
triage-pass-2,beet,keep
triage-pass-2,bigoted,keep
triage-pass-2,bistro,keep
triage-pass-2,bonanza,keep
triage-pass-2,bosom,keep
triage-pass-2,bribed,keep
triage-pass-2,calmer,keep
triage-pass-2,cannibal,keep
triage-pass-2,catalogues,keep
triage-pass-2,centurion,keep
triage-pass-2,chuckled,keep
triage-pass-2,compendium,keep
triage-pass-2,complacency,keep
triage-pass-2,complements,keep
triage-pass-2,confessional,keep
triage-pass-2,conservancy,keep
triage-pass-2,contentment,keep
triage-pass-2,convoluted,keep
triage-pass-2,cools,keep
triage-pass-2,crayon,keep
triage-pass-2,cremated,keep
triage-pass-2,cropping,keep
triage-pass-2,crossbow,keep
triage-pass-2,crowding,keep
triage-pass-2,curators,keep
triage-pass-2,cusp,keep
triage-pass-2,decoding,keep
triage-pass-2,defenseless,keep
triage-pass-2,defiantly,keep
triage-pass-2,delicately,keep
triage-pass-2,deluge,keep
triage-pass-2,desist,keep
triage-pass-2,devoured,keep
triage-pass-2,diffraction,keep
triage-pass-2,dilapidated,keep
triage-pass-2,dismissive,keep
triage-pass-2,divas,keep
triage-pass-2,doable,keep
triage-pass-2,doorbell,keep
triage-pass-2,drooling,keep
triage-pass-2,ducking,keep
triage-pass-2,duplicates,keep
triage-pass-2,eastbound,keep
triage-pass-2,emir,keep
triage-pass-2,errand,keep
triage-pass-2,excites,keep
triage-pass-2,exclaimed,keep
triage-pass-2,expedite,keep
triage-pass-2,fastball,keep
triage-pass-2,fearsome,keep
triage-pass-2,feathered,keep
triage-pass-2,fervor,keep
triage-pass-2,fiduciary,keep
triage-pass-2,fifths,keep
triage-pass-2,fractional,keep
triage-pass-2,freighter,keep
triage-pass-2,frosting,keep
triage-pass-2,fuelled,keep
triage-pass-2,gasping,keep
triage-pass-2,globes,keep
triage-pass-2,glorify,keep
triage-pass-2,heartwarming,keep
triage-pass-2,heretics,keep
triage-pass-2,hiccups,keep
triage-pass-2,hiss,keep
triage-pass-2,holographic,keep
triage-pass-2,hotspur,ditch
triage-pass-2,impediment,keep
triage-pass-2,importation,keep
triage-pass-2,inactivity,keep
triage-pass-2,incendiary,keep
triage-pass-2,insistent,keep
triage-pass-2,instigated,keep
triage-pass-2,interferes,keep
triage-pass-2,kidnappers,keep
triage-pass-2,leapt,keep
triage-pass-2,leisurely,keep
triage-pass-2,ligand,ditch
triage-pass-2,liturgical,keep
triage-pass-2,livelihoods,keep
triage-pass-2,lubricant,keep
triage-pass-2,mags,ditch
triage-pass-2,masquerade,keep
triage-pass-2,materialism,keep
triage-pass-2,meager,keep
triage-pass-2,melodrama,keep
triage-pass-2,minimized,keep
triage-pass-2,minion,keep
triage-pass-2,mistreated,keep
triage-pass-2,misused,keep
triage-pass-2,morn,keep
triage-pass-2,motherland,keep
triage-pass-2,napkins,keep
triage-pass-2,narcissism,keep
triage-pass-2,niches,keep
triage-pass-2,ninjas,keep
triage-pass-2,observant,keep
triage-pass-2,opioids,keep
triage-pass-2,ostrich,keep
triage-pass-2,overcast,keep
triage-pass-2,overcrowding,keep
triage-pass-2,paragon,keep
triage-pass-2,parochial,keep
triage-pass-2,pastries,keep
triage-pass-2,perplexed,keep
triage-pass-2,persistently,keep
triage-pass-2,petting,keep
triage-pass-2,phenotype,keep
triage-pass-2,plankton,keep
triage-pass-2,prejudiced,keep
triage-pass-2,propped,keep
triage-pass-2,protons,keep
triage-pass-2,pruning,keep
triage-pass-2,punter,keep
triage-pass-2,queuing,keep
triage-pass-2,rarer,keep
triage-pass-2,redacted,keep
triage-pass-2,regretting,keep
triage-pass-2,reimbursed,keep
triage-pass-2,renovate,keep
triage-pass-2,respiration,keep
triage-pass-2,restores,keep
triage-pass-2,retracted,keep
triage-pass-2,reverses,keep
triage-pass-2,ruff,keep
triage-pass-2,rump,keep
triage-pass-2,schiller,ditch
triage-pass-2,secondhand,keep
triage-pass-2,shackles,keep
triage-pass-2,shards,keep
triage-pass-2,shiver,keep
triage-pass-2,simplifying,keep
triage-pass-2,sinned,keep
triage-pass-2,slugs,keep
triage-pass-2,smog,keep
triage-pass-2,smoothies,keep
triage-pass-2,somber,keep
triage-pass-2,splendor,keep
triage-pass-2,springtime,keep
triage-pass-2,sprinkler,keep
triage-pass-2,stabs,keep
triage-pass-2,standstill,keep
triage-pass-2,stools,keep
triage-pass-2,subunit,keep
triage-pass-2,sues,keep
triage-pass-2,surges,keep
triage-pass-2,surveyors,keep
triage-pass-2,swede,keep
triage-pass-2,sweepstakes,keep
triage-pass-2,syndicated,keep
triage-pass-2,tailoring,keep
triage-pass-2,teeny,keep
triage-pass-2,tendered,keep
triage-pass-2,thoracic,keep
triage-pass-2,ticketing,keep
triage-pass-2,trams,keep
triage-pass-2,tremor,keep
triage-pass-2,triplets,keep
triage-pass-2,twister,keep
triage-pass-2,unannounced,keep
triage-pass-2,uncovering,keep
triage-pass-2,undivided,keep
triage-pass-2,unskilled,keep
triage-pass-2,unwritten,keep
triage-pass-2,utilitarian,keep
triage-pass-2,vehicular,keep
triage-pass-2,vetted,keep
triage-pass-2,wading,keep
triage-pass-2,wallpapers,keep
triage-pass-2,waning,keep
triage-pass-2,willpower,keep
triage-pass-2,woolly,keep
triage-pass-2,acquittal,keep
triage-pass-2,acupuncture,keep
triage-pass-2,admins,keep
triage-pass-2,aggregated,keep
triage-pass-2,anvil,keep
triage-pass-2,armament,keep
triage-pass-2,ascribed,keep
triage-pass-2,auctioned,keep
triage-pass-2,backfired,keep
triage-pass-2,balconies,keep
triage-pass-2,bastille,ditch
triage-pass-2,belligerent,keep
triage-pass-2,bibles,keep
triage-pass-2,bleaching,keep
triage-pass-2,bleeds,keep
triage-pass-2,bookmark,keep
triage-pass-2,botanic,keep
triage-pass-2,boundless,keep
triage-pass-2,broadened,keep
triage-pass-2,brooch,keep
triage-pass-2,bulletins,keep
triage-pass-2,bunting,keep
triage-pass-2,burials,keep
triage-pass-2,cabal,keep
triage-pass-2,cadre,keep
triage-pass-2,campground,keep
triage-pass-2,canyons,keep
triage-pass-2,causeway,keep
triage-pass-2,clamps,keep
triage-pass-2,clearest,keep
triage-pass-2,cleaver,keep
triage-pass-2,coexist,keep
triage-pass-2,coffins,keep
triage-pass-2,coinage,keep
triage-pass-2,conquests,keep
triage-pass-2,consenting,keep
triage-pass-2,consummate,keep
triage-pass-2,contending,keep
triage-pass-2,convene,keep
triage-pass-2,corresponded,keep
triage-pass-2,cramp,keep
triage-pass-2,cucumbers,keep
triage-pass-2,curricula,keep
triage-pass-2,decadent,keep
triage-pass-2,decoy,keep
triage-pass-2,defies,keep
triage-pass-2,demoted,keep
triage-pass-2,depraved,keep
triage-pass-2,derivation,keep
triage-pass-2,designations,keep
triage-pass-2,detectable,keep
triage-pass-2,deviations,keep
triage-pass-2,diced,keep
triage-pass-2,discreetly,keep
triage-pass-2,distortions,keep
triage-pass-2,divorces,keep
triage-pass-2,dredge,keep
triage-pass-2,drool,keep
triage-pass-2,earths,keep
triage-pass-2,emulation,keep
triage-pass-2,enriching,keep
triage-pass-2,enshrined,keep
triage-pass-2,erasing,keep
triage-pass-2,escrow,keep
triage-pass-2,evaporated,keep
triage-pass-2,evasive,keep
triage-pass-2,extinguish,keep
triage-pass-2,federalist,keep
triage-pass-2,fervent,keep
triage-pass-2,fiberglass,keep
triage-pass-2,foray,keep
triage-pass-2,forfeiture,keep
triage-pass-2,forgave,keep
triage-pass-2,forties,keep
triage-pass-2,friar,keep
triage-pass-2,fruitless,keep
triage-pass-2,fussy,keep
triage-pass-2,garnish,keep
triage-pass-2,genealogical,keep
triage-pass-2,genomes,keep
triage-pass-2,glances,keep
triage-pass-2,goody,keep
triage-pass-2,graciously,keep
triage-pass-2,grassland,keep
triage-pass-2,headway,keep
triage-pass-2,hearsay,keep
triage-pass-2,hideout,keep
triage-pass-2,hippies,keep
triage-pass-2,holed,keep
triage-pass-2,honed,keep
triage-pass-2,horned,keep
triage-pass-2,hutch,keep
triage-pass-2,idyllic,keep
triage-pass-2,imaginations,keep
triage-pass-2,impairments,keep
triage-pass-2,impotent,keep
triage-pass-2,indictments,keep
triage-pass-2,insatiable,keep
triage-pass-2,instalment,keep
triage-pass-2,instinctive,keep
triage-pass-2,integrates,keep
triage-pass-2,interpretive,keep
triage-pass-2,intrepid,keep
triage-pass-2,intuitively,keep
triage-pass-2,junkies,keep
triage-pass-2,koala,keep
triage-pass-2,lashing,keep
triage-pass-2,lectured,keep
triage-pass-2,lees,ditch
triage-pass-2,levelled,keep
triage-pass-2,lightening,keep
triage-pass-2,macs,ditch
triage-pass-2,magnate,keep
triage-pass-2,magneto,keep
triage-pass-2,mannered,keep
triage-pass-2,merciless,keep
triage-pass-2,merle,ditch
triage-pass-2,milder,keep
triage-pass-2,millimeters,keep
triage-pass-2,misfits,keep
triage-pass-2,mocks,keep
triage-pass-2,monde,ditch
triage-pass-2,mongols,ditch
triage-pass-2,monochrome,keep
triage-pass-2,mortuary,keep
triage-pass-2,muffled,keep
triage-pass-2,muses,keep
triage-pass-2,nervousness,keep
triage-pass-2,neurologist,keep
triage-pass-2,notched,keep
triage-pass-2,nutmeg,keep
triage-pass-2,obstetrics,keep
triage-pass-2,obtains,keep
triage-pass-2,obtuse,keep
triage-pass-2,particulate,keep
triage-pass-2,pausing,keep
triage-pass-2,penicillin,keep
triage-pass-2,perfecting,keep
triage-pass-2,petal,keep
triage-pass-2,petitioned,keep
triage-pass-2,plumbers,keep
triage-pass-2,poise,keep
triage-pass-2,polygon,keep
triage-pass-2,ported,keep
triage-pass-2,precursors,keep
triage-pass-2,promos,keep
triage-pass-2,radiance,keep
triage-pass-2,rammed,keep
triage-pass-2,reciprocity,keep
triage-pass-2,remodeled,keep
triage-pass-2,replenish,keep
triage-pass-2,reproducing,keep
triage-pass-2,reputations,keep
triage-pass-2,rheumatoid,keep
triage-pass-2,rubles,keep
triage-pass-2,rupee,keep
triage-pass-2,saltwater,keep
triage-pass-2,sanctity,keep
triage-pass-2,scooped,keep
triage-pass-2,scrabble,keep
triage-pass-2,scrimmage,keep
triage-pass-2,seaboard,keep
triage-pass-2,sedition,keep
triage-pass-2,shoddy,keep
triage-pass-2,shortstop,keep
triage-pass-2,shotguns,keep
triage-pass-2,sleepers,keep
triage-pass-2,smashes,keep
triage-pass-2,smirk,keep
triage-pass-2,smoothing,keep
triage-pass-2,sneaks,keep
triage-pass-2,snipe,keep
triage-pass-2,snuggle,keep
triage-pass-2,sociologist,keep
triage-pass-2,spares,keep
triage-pass-2,spewing,keep
triage-pass-2,stalemate,keep
triage-pass-2,stave,keep
triage-pass-2,stinking,keep
triage-pass-2,strangle,keep
triage-pass-2,streamer,keep
triage-pass-2,streetcar,keep
triage-pass-2,stringer,keep
triage-pass-2,summits,keep
triage-pass-2,sunsets,keep
triage-pass-2,supremely,keep
triage-pass-2,swami,keep
triage-pass-2,swelled,keep
triage-pass-2,symbolizes,keep
triage-pass-2,tarmac,keep
triage-pass-2,tenacious,keep
triage-pass-2,tireless,keep
triage-pass-2,toothed,keep
triage-pass-2,tremble,keep
triage-pass-2,trillions,keep
triage-pass-2,trove,keep
triage-pass-2,undated,keep
triage-pass-2,undefined,keep
triage-pass-2,unpack,keep
triage-pass-2,urbanization,keep
triage-pass-2,vetoed,keep
triage-pass-2,victimized,keep
triage-pass-2,wainwright,keep
triage-pass-2,wanders,keep
triage-pass-2,weakens,keep
triage-pass-2,westbound,keep
triage-pass-2,westerly,keep
triage-pass-2,winch,keep
triage-pass-2,workstation,keep
triage-pass-2,yawning,keep
triage-pass-2,yolk,keep
triage-pass-2,accomplices,keep
triage-pass-2,adjusts,keep
triage-pass-2,aerosol,keep
triage-pass-2,aftermarket,keep
triage-pass-2,alienate,keep
triage-pass-2,ammonium,keep
triage-pass-2,amour,keep
triage-pass-2,annuities,keep
triage-pass-2,apprehensive,keep
triage-pass-2,assent,keep
triage-pass-2,assn,ditch
triage-pass-2,atrocity,keep
triage-pass-2,babysit,keep
triage-pass-2,backdoor,keep
triage-pass-2,bagels,keep
triage-pass-2,beaming,keep
triage-pass-2,bigots,keep
triage-pass-2,biopic,keep
triage-pass-2,bleached,keep
triage-pass-2,bloods,keep
triage-pass-2,blot,keep
triage-pass-2,bode,keep
triage-pass-2,boggling,keep
triage-pass-2,bookstores,keep
triage-pass-2,boos,keep
triage-pass-2,bourgeoisie,keep
triage-pass-2,boycotting,keep
triage-pass-2,braced,keep
triage-pass-2,bulging,keep
triage-pass-2,burners,keep
triage-pass-2,byproduct,keep
triage-pass-2,bystanders,keep
triage-pass-2,cathode,keep
triage-pass-2,ceded,keep
triage-pass-2,cheaters,keep
triage-pass-2,civility,keep
triage-pass-2,clustering,keep
triage-pass-2,commandos,keep
triage-pass-2,complicity,keep
triage-pass-2,conf,ditch
triage-pass-2,confetti,keep
triage-pass-2,configure,keep
triage-pass-2,contagion,keep
triage-pass-2,convoys,keep
triage-pass-2,corset,keep
triage-pass-2,cortisol,keep
triage-pass-2,craters,keep
triage-pass-2,crock,keep
triage-pass-2,curate,keep
triage-pass-2,cuttings,keep
triage-pass-2,dataset,keep
triage-pass-2,dawned,keep
triage-pass-2,daybreak,keep
triage-pass-2,defected,keep
triage-pass-2,desolation,keep
triage-pass-2,deviant,keep
triage-pass-2,devious,keep
triage-pass-2,dilemmas,keep
triage-pass-2,discography,keep
triage-pass-2,dislocated,keep
triage-pass-2,dispenser,keep
triage-pass-2,disseminate,keep
triage-pass-2,dorado,ditch
triage-pass-2,dragonfly,keep
triage-pass-2,dugout,keep
triage-pass-2,dynamically,keep
triage-pass-2,emanating,keep
triage-pass-2,ensues,keep
triage-pass-2,eradicated,keep
triage-pass-2,erode,keep
triage-pass-2,evocative,keep
triage-pass-2,faintly,keep
triage-pass-2,fancies,keep
triage-pass-2,fewest,keep
triage-pass-2,fielded,keep
triage-pass-2,fingering,keep
triage-pass-2,flirty,keep
triage-pass-2,flocks,keep
triage-pass-2,forbade,keep
triage-pass-2,forested,keep
triage-pass-2,frauds,keep
triage-pass-2,friendlies,keep
triage-pass-2,fronting,keep
triage-pass-2,frosted,keep
triage-pass-2,fullness,keep
triage-pass-2,furthering,keep
triage-pass-2,gallop,keep
triage-pass-2,gentile,keep
triage-pass-2,gingerbread,keep
triage-pass-2,giro,ditch
triage-pass-2,gosling,keep
triage-pass-2,grasshopper,keep
triage-pass-2,groupings,keep
triage-pass-2,hallowed,keep
triage-pass-2,halting,keep
triage-pass-2,handguns,keep
triage-pass-2,hove,ditch
triage-pass-2,hydrate,keep
triage-pass-2,hydrocarbon,keep
triage-pass-2,incessant,keep
triage-pass-2,incurable,keep
triage-pass-2,informants,keep
triage-pass-2,informatics,keep
triage-pass-2,infringed,keep
triage-pass-2,inhaling,keep
triage-pass-2,innumerable,keep
triage-pass-2,insular,keep
triage-pass-2,inundated,keep
triage-pass-2,invariant,keep
triage-pass-2,ionization,keep
triage-pass-2,jailbreak,keep
triage-pass-2,jarring,keep
triage-pass-2,juncture,keep
triage-pass-2,kebab,keep
triage-pass-2,licensee,keep
triage-pass-2,locator,keep
triage-pass-2,loyalist,keep
triage-pass-2,magnetism,keep
triage-pass-2,manhunt,keep
triage-pass-2,mariner,keep
triage-pass-2,marshmallows,keep
triage-pass-2,masons,keep
triage-pass-2,meditating,keep
triage-pass-2,middleweight,keep
triage-pass-2,migrations,keep
triage-pass-2,milkshake,keep
triage-pass-2,mixers,keep
triage-pass-2,modernize,keep
triage-pass-2,multilingual,keep
triage-pass-2,natured,keep
triage-pass-2,nested,keep
triage-pass-2,notifying,keep
triage-pass-2,nourishment,keep
triage-pass-2,numerals,keep
triage-pass-2,obeying,keep
triage-pass-2,olfactory,keep
triage-pass-2,organically,keep
triage-pass-2,paintball,keep
triage-pass-2,parton,ditch
triage-pass-2,pedophiles,keep
triage-pass-2,pertains,keep
triage-pass-2,petrified,keep
triage-pass-2,pheasant,keep
triage-pass-2,piccolo,keep
triage-pass-2,piloted,keep
triage-pass-2,pinching,keep
triage-pass-2,postponement,keep
triage-pass-2,preclude,keep
triage-pass-2,pressurized,keep
triage-pass-2,prickly,keep
triage-pass-2,pricks,keep
triage-pass-2,priory,keep
triage-pass-2,profiled,keep
triage-pass-2,programmable,keep
triage-pass-2,puss,keep
triage-pass-2,racked,keep
triage-pass-2,radiating,keep
triage-pass-2,rancher,keep
triage-pass-2,reclaiming,keep
triage-pass-2,regularity,keep
triage-pass-2,remediation,keep
triage-pass-2,reprints,keep
triage-pass-2,resounding,keep
triage-pass-2,restrooms,keep
triage-pass-2,retract,keep
triage-pass-2,ripples,keep
triage-pass-2,roared,keep
triage-pass-2,rondo,keep
triage-pass-2,scaffold,keep
triage-pass-2,scavenger,keep
triage-pass-2,schooner,keep
triage-pass-2,scion,keep
triage-pass-2,secularism,keep
triage-pass-2,separatists,keep
triage-pass-2,servitude,keep
triage-pass-2,sickly,keep
triage-pass-2,slaughtering,keep
triage-pass-2,slumped,keep
triage-pass-2,smacks,keep
triage-pass-2,snooker,keep
triage-pass-2,solemnly,keep
triage-pass-2,sores,keep
triage-pass-2,splashed,keep
triage-pass-2,sprained,keep
triage-pass-2,squadrons,keep
triage-pass-2,starling,keep
triage-pass-2,steamboat,keep
triage-pass-2,stingy,keep
triage-pass-2,stuffy,keep
triage-pass-2,stumbles,keep
triage-pass-2,substituting,keep
triage-pass-2,subversion,keep
triage-pass-2,sufficiency,keep
triage-pass-2,suitcases,keep
triage-pass-2,tasteless,keep
triage-pass-2,tensor,keep
triage-pass-2,terminally,keep
triage-pass-2,ticker,keep
triage-pass-2,tiff,keep
triage-pass-2,toil,keep
triage-pass-2,tomography,keep
triage-pass-2,toot,keep
triage-pass-2,truncated,keep
triage-pass-2,trusty,keep
triage-pass-2,twig,keep
triage-pass-2,ulcer,keep
triage-pass-2,unconfirmed,keep
triage-pass-2,undetected,keep
triage-pass-2,uniformity,keep
triage-pass-2,unjustified,keep
triage-pass-2,unregistered,keep
triage-pass-2,unsubscribe,keep
triage-pass-2,untrained,keep
triage-pass-2,varnish,keep
triage-pass-2,vigor,keep
triage-pass-2,walnuts,keep
triage-pass-2,warhead,keep
triage-pass-2,watcher,keep
triage-pass-2,wealthier,keep
triage-pass-2,widower,keep
triage-pass-2,wobbly,keep
triage-pass-2,wraith,keep
triage-pass-2,yanks,keep
triage-pass-2,zoological,keep
triage-pass-2,accorded,keep
triage-pass-2,agar,keep
triage-pass-2,agnostic,keep
triage-pass-2,airmen,keep
triage-pass-2,alameda,ditch
triage-pass-2,aligning,keep
triage-pass-2,allocations,keep
triage-pass-2,alluring,keep
triage-pass-2,amputation,keep
triage-pass-2,anarchism,keep
triage-pass-2,antagonistic,keep
triage-pass-2,apprehend,keep
triage-pass-2,banger,keep
triage-pass-2,barista,keep
triage-pass-2,basalt,keep
triage-pass-2,beatings,keep
triage-pass-2,belated,keep
triage-pass-2,bequeathed,keep
triage-pass-2,betterment,keep
triage-pass-2,birthright,keep
triage-pass-2,blackboard,keep
triage-pass-2,breather,keep
triage-pass-2,brothels,keep
triage-pass-2,buckeyes,keep
triage-pass-2,buffers,keep
triage-pass-2,buffs,keep
triage-pass-2,bylaws,keep
triage-pass-2,bystander,keep
triage-pass-2,catchment,keep
triage-pass-2,chino,keep
triage-pass-2,cleanly,keep
triage-pass-2,coffees,keep
triage-pass-2,colorless,keep
triage-pass-2,concave,keep
triage-pass-2,confuses,keep
triage-pass-2,consequent,keep
triage-pass-2,corrects,keep
triage-pass-2,coughs,keep
triage-pass-2,cyclones,keep
triage-pass-2,daggers,keep
triage-pass-2,dealerships,keep
triage-pass-2,decode,keep
triage-pass-2,depriving,keep
triage-pass-2,diagnosing,keep
triage-pass-2,diarrhoea,keep
triage-pass-2,dieter,keep
triage-pass-2,discerning,keep
triage-pass-2,disposing,keep
triage-pass-2,dissonance,keep
triage-pass-2,duress,keep
triage-pass-2,dyslexia,keep
triage-pass-2,earthy,keep
triage-pass-2,editorials,keep
triage-pass-2,elects,keep
triage-pass-2,elevating,keep
triage-pass-2,emigrants,keep
triage-pass-2,emits,keep
triage-pass-2,endorses,keep
triage-pass-2,enforceable,keep
triage-pass-2,erotica,keep
triage-pass-2,escalator,keep
triage-pass-2,eulogy,keep
triage-pass-2,eventful,keep
triage-pass-2,excitation,keep
triage-pass-2,fanatical,keep
triage-pass-2,fangs,keep
triage-pass-2,fastened,keep
triage-pass-2,fawn,keep
triage-pass-2,flanking,keep
triage-pass-2,flinders,ditch
triage-pass-2,fluency,keep
triage-pass-2,fresher,keep
triage-pass-2,fructose,keep
triage-pass-2,furnishing,keep
triage-pass-2,galvanized,keep
triage-pass-2,geophysical,keep
triage-pass-2,gladiators,keep
triage-pass-2,grasped,keep
triage-pass-2,grower,keep
triage-pass-2,grunge,keep
triage-pass-2,hatches,keep
triage-pass-2,headlined,keep
triage-pass-2,hilariously,keep
triage-pass-2,hoodies,keep
triage-pass-2,hottie,keep
triage-pass-2,huddled,keep
triage-pass-2,hypothesized,keep
triage-pass-2,illustrative,keep
triage-pass-2,imbalances,keep
triage-pass-2,improvise,keep
triage-pass-2,incandescent,keep
triage-pass-2,indistinct,keep
triage-pass-2,infallible,keep
triage-pass-2,infuriating,keep
triage-pass-2,insulating,keep
triage-pass-2,integers,keep
triage-pass-2,jolt,keep
triage-pass-2,juggle,keep
triage-pass-2,jumpsuit,keep
triage-pass-2,kami,ditch
triage-pass-2,kangaroos,keep
triage-pass-2,kayaking,keep
triage-pass-2,kerosene,keep
triage-pass-2,keto,keep
triage-pass-2,knobs,keep
triage-pass-2,legacies,keep
triage-pass-2,leveraging,keep
triage-pass-2,levies,keep
triage-pass-2,likeable,keep
triage-pass-2,longs,keep
triage-pass-2,magenta,keep
triage-pass-2,methodical,keep
triage-pass-2,mince,keep
triage-pass-2,miniatures,keep
triage-pass-2,mints,keep
triage-pass-2,monogram,keep
triage-pass-2,moray,keep
triage-pass-2,mythic,keep
triage-pass-2,nacho,keep
triage-pass-2,nailing,keep
triage-pass-2,napping,keep
triage-pass-2,nobleman,keep
triage-pass-2,nonprofits,keep
triage-pass-2,obeyed,keep
triage-pass-2,optimist,keep
triage-pass-2,outwardly,keep
triage-pass-2,overlord,keep
triage-pass-2,overuse,keep
triage-pass-2,panned,keep
triage-pass-2,papacy,keep
triage-pass-2,pasted,keep
triage-pass-2,perfumes,keep
triage-pass-2,phonetic,keep
triage-pass-2,photovoltaic,keep
triage-pass-2,pied,keep
triage-pass-2,piloting,keep
triage-pass-2,poodle,keep
triage-pass-2,populism,keep
triage-pass-2,precedes,keep
triage-pass-2,racetrack,keep
triage-pass-2,redirected,keep
triage-pass-2,reeds,keep
triage-pass-2,rejoined,keep
triage-pass-2,relayed,keep
triage-pass-2,rescinded,keep
triage-pass-2,resuming,keep
triage-pass-2,retrieving,keep
triage-pass-2,roadblock,keep
triage-pass-2,roadshow,keep
triage-pass-2,roadways,keep
triage-pass-2,sabre,keep
triage-pass-2,salons,keep
triage-pass-2,sandbox,keep
triage-pass-2,scooters,keep
triage-pass-2,seagull,keep
triage-pass-2,shag,keep
triage-pass-2,shifter,keep
triage-pass-2,shoemaker,keep
triage-pass-2,shortfall,keep
triage-pass-2,shrugs,keep
triage-pass-2,sift,keep
triage-pass-2,silo,keep
triage-pass-2,smacking,keep
triage-pass-2,smothered,keep
triage-pass-2,sneezing,keep
triage-pass-2,snooping,keep
triage-pass-2,soot,keep
triage-pass-2,sopranos,keep
triage-pass-2,sparingly,keep
triage-pass-2,speck,keep
triage-pass-2,spiced,keep
triage-pass-2,stoves,keep
triage-pass-2,stylus,keep
triage-pass-2,subclass,keep
triage-pass-2,submits,keep
triage-pass-2,successively,keep
triage-pass-2,sumptuous,keep
triage-pass-2,suture,keep
triage-pass-2,synaptic,keep
triage-pass-2,tailgate,keep
triage-pass-2,tenuous,keep
triage-pass-2,threes,keep
triage-pass-2,topographic,keep
triage-pass-2,tranquility,keep
triage-pass-2,transmits,keep
triage-pass-2,trekking,keep
triage-pass-2,tutu,keep
triage-pass-2,umbilical,keep
triage-pass-2,unhinged,keep
triage-pass-2,uninterested,keep
triage-pass-2,uterine,keep
triage-pass-2,vanishes,keep
triage-pass-2,veer,keep
triage-pass-2,warheads,keep
triage-pass-2,weirder,keep
triage-pass-2,whereupon,keep
triage-pass-2,withdraws,keep
triage-pass-2,wither,keep
triage-pass-2,wobble,keep
triage-pass-2,abridged,keep
triage-pass-2,absences,keep
triage-pass-2,acacia,keep
triage-pass-2,adorn,keep
triage-pass-2,aggressor,keep
triage-pass-2,ambivalent,keep
triage-pass-2,amethyst,keep
triage-pass-2,angling,keep
triage-pass-2,anil,ditch
triage-pass-2,antennae,keep
triage-pass-2,baiting,keep
triage-pass-2,barks,keep
triage-pass-2,berserk,keep
triage-pass-2,bickering,keep
triage-pass-2,bovine,keep
triage-pass-2,braids,keep
triage-pass-2,braille,keep
triage-pass-2,butchered,keep
triage-pass-2,bypassing,keep
triage-pass-2,candlelight,keep
triage-pass-2,cannibalism,keep
triage-pass-2,canoes,keep
triage-pass-2,captivated,keep
triage-pass-2,catapult,keep
triage-pass-2,censors,keep
triage-pass-2,cheery,keep
triage-pass-2,chimneys,keep
triage-pass-2,chit,keep
triage-pass-2,cohorts,keep
triage-pass-2,coloration,keep
triage-pass-2,connective,keep
triage-pass-2,cray,ditch
triage-pass-2,crayons,keep
triage-pass-2,cronies,keep
triage-pass-2,crusty,keep
triage-pass-2,cumin,keep
triage-pass-2,cutlery,keep
triage-pass-2,decal,keep
triage-pass-2,deciduous,keep
triage-pass-2,degenerative,keep
triage-pass-2,detract,keep
triage-pass-2,dialed,keep
triage-pass-2,digested,keep
triage-pass-2,diminishes,keep
triage-pass-2,diplomas,keep
triage-pass-2,dissection,keep
triage-pass-2,dissimilar,keep
triage-pass-2,dissuade,keep
triage-pass-2,distillation,keep
triage-pass-2,drab,keep
triage-pass-2,dubs,keep
triage-pass-2,ducked,keep
triage-pass-2,eggplant,keep
triage-pass-2,engravings,keep
triage-pass-2,enmity,keep
triage-pass-2,epidemics,keep
triage-pass-2,equipping,keep
triage-pass-2,eucalyptus,keep
triage-pass-2,evaporate,keep
triage-pass-2,exhibitors,keep
triage-pass-2,exorbitant,keep
triage-pass-2,expiring,keep
triage-pass-2,eyelid,keep
triage-pass-2,fainting,keep
triage-pass-2,fecal,keep
triage-pass-2,ferret,keep
triage-pass-2,fertilizers,keep
triage-pass-2,financier,keep
triage-pass-2,fitter,keep
triage-pass-2,flagrant,keep
triage-pass-2,flapping,keep
triage-pass-2,florist,keep
triage-pass-2,foreplay,keep
triage-pass-2,formatted,keep
triage-pass-2,gangsta,keep
triage-pass-2,garb,keep
triage-pass-2,garvey,ditch
triage-pass-2,gassed,keep
triage-pass-2,gentiles,keep
triage-pass-2,glancing,keep
triage-pass-2,glaucoma,keep
triage-pass-2,glazing,keep
triage-pass-2,goblins,keep
triage-pass-2,googling,keep
triage-pass-2,goosebumps,keep
triage-pass-2,granular,keep
triage-pass-2,greenish,keep
triage-pass-2,grocer,keep
triage-pass-2,groping,keep
triage-pass-2,headless,keep
triage-pass-2,healthiest,keep
triage-pass-2,hibernation,keep
triage-pass-2,hindrance,keep
triage-pass-2,hula,keep
triage-pass-2,ills,keep
triage-pass-2,immunization,keep
triage-pass-2,implantation,keep
triage-pass-2,impressing,keep
triage-pass-2,inaccuracies,keep
triage-pass-2,inanimate,keep
triage-pass-2,inexplicably,keep
triage-pass-2,infield,keep
triage-pass-2,inflate,keep
triage-pass-2,innovator,keep
triage-pass-2,intermission,keep
triage-pass-2,kilogram,keep
triage-pass-2,landline,keep
triage-pass-2,lashed,keep
triage-pass-2,legislate,keep
triage-pass-2,lingo,keep
triage-pass-2,looping,keep
triage-pass-2,marlin,keep
triage-pass-2,matron,keep
triage-pass-2,meaty,keep
triage-pass-2,mirroring,keep
triage-pass-2,mistaking,keep
triage-pass-2,moderators,keep
triage-pass-2,mouthful,keep
triage-pass-2,mustangs,keep
triage-pass-2,mutton,keep
triage-pass-2,neoliberal,keep
triage-pass-2,nestled,keep
triage-pass-2,neutrons,keep
triage-pass-2,novelists,keep
triage-pass-2,numeric,keep
triage-pass-2,oars,keep
triage-pass-2,optimizing,keep
triage-pass-2,outfielder,keep
triage-pass-2,outflow,keep
triage-pass-2,outperform,keep
triage-pass-2,overtaking,keep
triage-pass-2,overtook,keep
triage-pass-2,overture,keep
triage-pass-2,parr,ditch
triage-pass-2,parrots,keep
triage-pass-2,passively,keep
triage-pass-2,peddling,keep
triage-pass-2,pepperoni,keep
triage-pass-2,perforated,keep
triage-pass-2,pitchfork,keep
triage-pass-2,placid,keep
triage-pass-2,pooping,keep
triage-pass-2,pretense,keep
triage-pass-2,principled,keep
triage-pass-2,progesterone,keep
triage-pass-2,puritan,keep
triage-pass-2,quinoa,keep
triage-pass-2,rabble,keep
triage-pass-2,rafters,keep
triage-pass-2,raisin,keep
triage-pass-2,rationing,keep
triage-pass-2,reappear,keep
triage-pass-2,rearrange,keep
triage-pass-2,recreating,keep
triage-pass-2,redeemer,keep
triage-pass-2,redeeming,keep
triage-pass-2,refreshments,keep
triage-pass-2,reissue,keep
triage-pass-2,remade,keep
triage-pass-2,repulsed,keep
triage-pass-2,resistor,keep
triage-pass-2,restructure,keep
triage-pass-2,revolting,keep
triage-pass-2,rhapsody,keep
triage-pass-2,rhea,keep
triage-pass-2,roux,keep
triage-pass-2,ruddy,keep
triage-pass-2,rune,keep
triage-pass-2,sahib,ditch
triage-pass-2,saucepan,keep
triage-pass-2,scarier,keep
triage-pass-2,schism,keep
triage-pass-2,scrubbed,keep
triage-pass-2,seer,keep
triage-pass-2,sepsis,keep
triage-pass-2,sharpening,keep
triage-pass-2,sharpness,keep
triage-pass-2,shelved,keep
triage-pass-2,shipper,keep
triage-pass-2,shopped,keep
triage-pass-2,sketching,keep
triage-pass-2,skew,keep
triage-pass-2,skimming,keep
triage-pass-2,skydiving,keep
triage-pass-2,smitten,keep
triage-pass-2,snappy,keep
triage-pass-2,sneaker,keep
triage-pass-2,snort,keep
triage-pass-2,snowboard,keep
triage-pass-2,solitaire,keep
triage-pass-2,sparing,keep
triage-pass-2,spicer,ditch
triage-pass-2,sprinting,keep
triage-pass-2,stakeholder,keep
triage-pass-2,stanza,keep
triage-pass-2,stipend,keep
triage-pass-2,subsided,keep
triage-pass-2,surging,keep
triage-pass-2,sweetened,keep
triage-pass-2,sweetly,keep
triage-pass-2,swims,keep
triage-pass-2,swimwear,keep
triage-pass-2,tamed,keep
triage-pass-2,tampons,keep
triage-pass-2,taunting,keep
triage-pass-2,tendons,keep
triage-pass-2,terraced,keep
triage-pass-2,testers,keep
triage-pass-2,thrived,keep
triage-pass-2,tickled,keep
triage-pass-2,titty,keep
triage-pass-2,toppings,keep
triage-pass-2,traffickers,keep
triage-pass-2,transcends,keep
triage-pass-2,tropes,keep
triage-pass-2,tumbled,keep
triage-pass-2,twas,ditch
triage-pass-2,typography,keep
triage-pass-2,typos,keep
triage-pass-2,ukulele,keep
triage-pass-2,uncensored,keep
triage-pass-2,unforgivable,keep
triage-pass-2,uninhabited,keep
triage-pass-2,untenable,keep
triage-pass-2,unwavering,keep
triage-pass-2,usability,keep
triage-pass-2,veritable,keep
triage-pass-2,vices,keep
triage-pass-2,wanderer,keep
triage-pass-2,warts,keep
triage-pass-2,watchman,keep
triage-pass-2,yeti,keep
triage-pass-2,yoghurt,keep
triage-pass-2,actionable,keep
triage-pass-2,administers,keep
triage-pass-2,affective,keep
triage-pass-2,afield,keep
triage-pass-2,alienating,keep
triage-pass-2,alight,keep
triage-pass-2,amazement,keep
triage-pass-2,amending,keep
triage-pass-2,apnea,keep
triage-pass-2,appointees,keep
triage-pass-2,armpit,keep
triage-pass-2,austere,keep
triage-pass-2,awkwardness,keep
triage-pass-2,backer,keep
triage-pass-2,backpacking,keep
triage-pass-2,bagging,keep
triage-pass-2,bailiff,keep
triage-pass-2,banked,keep
triage-pass-2,barricades,keep
triage-pass-2,beamed,keep
triage-pass-2,betrays,keep
triage-pass-2,blinked,keep
triage-pass-2,blissful,keep
triage-pass-2,blister,keep
triage-pass-2,blockage,keep
triage-pass-2,blondes,keep
triage-pass-2,bloodbath,keep
triage-pass-2,bluffs,keep
triage-pass-2,booms,keep
triage-pass-2,bower,keep
triage-pass-2,bravest,keep
triage-pass-2,breasted,keep
triage-pass-2,budgeted,keep
triage-pass-2,bugger,keep
triage-pass-2,buoy,keep
triage-pass-2,campaigner,keep
triage-pass-2,capacitors,keep
triage-pass-2,capes,keep
triage-pass-2,carvings,keep
triage-pass-2,celeb,keep
triage-pass-2,cellars,keep
triage-pass-2,chalice,keep
triage-pass-2,clippings,keep
triage-pass-2,coll,ditch
triage-pass-2,combing,keep
triage-pass-2,commendation,keep
triage-pass-2,compensating,keep
triage-pass-2,condominiums,keep
triage-pass-2,consignment,keep
triage-pass-2,conundrum,keep
triage-pass-2,coursework,keep
triage-pass-2,coven,keep
triage-pass-2,criminology,keep
triage-pass-2,depots,keep
triage-pass-2,dials,keep
triage-pass-2,diamondbacks,keep
triage-pass-2,discounting,keep
triage-pass-2,disorganized,keep
triage-pass-2,disseminated,keep
triage-pass-2,dissolves,keep
triage-pass-2,doggie,keep
triage-pass-2,domes,keep
triage-pass-2,dumplings,keep
triage-pass-2,earmarked,keep
triage-pass-2,ecumenical,keep
triage-pass-2,embedding,keep
triage-pass-2,encased,keep
triage-pass-2,endothelial,ditch
triage-pass-2,episodic,keep
triage-pass-2,extremity,keep
triage-pass-2,faithfulness,keep
triage-pass-2,felonies,keep
triage-pass-2,femur,keep
triage-pass-2,fluctuating,keep
triage-pass-2,fowl,keep
triage-pass-2,freckles,keep
triage-pass-2,freelancer,keep
triage-pass-2,fundraisers,keep
triage-pass-2,furs,keep
triage-pass-2,gelatin,keep
triage-pass-2,gestation,keep
triage-pass-2,guillotine,keep
triage-pass-2,gull,keep
triage-pass-2,gulls,keep
triage-pass-2,gusto,keep
triage-pass-2,halfback,keep
triage-pass-2,handout,keep
triage-pass-2,harbors,keep
triage-pass-2,havens,keep
triage-pass-2,headband,keep
triage-pass-2,heralded,keep
triage-pass-2,heretic,keep
triage-pass-2,hernia,keep
triage-pass-2,hummus,keep
triage-pass-2,infernal,keep
triage-pass-2,infrequently,keep
triage-pass-2,instill,keep
triage-pass-2,invalidate,keep
triage-pass-2,isolates,keep
triage-pass-2,kingpin,keep
triage-pass-2,kiosk,keep
triage-pass-2,lags,keep
triage-pass-2,legalizing,keep
triage-pass-2,lentils,keep
triage-pass-2,leprosy,keep
triage-pass-2,lisp,keep
triage-pass-2,locust,keep
triage-pass-2,looney,keep
triage-pass-2,magnifying,keep
triage-pass-2,mallet,keep
triage-pass-2,metastatic,keep
triage-pass-2,meteorites,keep
triage-pass-2,militarily,keep
triage-pass-2,minced,keep
triage-pass-2,mishap,keep
triage-pass-2,molasses,keep
triage-pass-2,monographs,keep
triage-pass-2,monolithic,keep
triage-pass-2,motoring,keep
triage-pass-2,mystique,keep
triage-pass-2,narcotic,keep
triage-pass-2,nefarious,keep
triage-pass-2,nite,ditch
triage-pass-2,normalize,keep
triage-pass-2,nucleotide,keep
triage-pass-2,nurseries,keep
triage-pass-2,orcs,keep
triage-pass-2,outbound,keep
triage-pass-2,outbursts,keep
triage-pass-2,outsourced,keep
triage-pass-2,overalls,keep
triage-pass-2,overpowered,keep
triage-pass-2,overworked,keep
triage-pass-2,pantomime,keep
triage-pass-2,peacetime,keep
triage-pass-2,peso,keep
triage-pass-2,pita,keep
triage-pass-2,pitting,keep
triage-pass-2,plagues,keep
triage-pass-2,playtime,keep
triage-pass-2,portage,keep
triage-pass-2,positional,keep
triage-pass-2,postcode,keep
triage-pass-2,predicated,keep
triage-pass-2,predictably,keep
triage-pass-2,progeny,keep
triage-pass-2,propagated,keep
triage-pass-2,pushy,keep
triage-pass-2,racecourse,keep
triage-pass-2,railings,keep
triage-pass-2,rainwater,keep
triage-pass-2,rebounding,keep
triage-pass-2,reflector,keep
triage-pass-2,regimental,keep
triage-pass-2,rehabilitate,keep
triage-pass-2,renounced,keep
triage-pass-2,reorganized,keep
triage-pass-2,replicas,keep
triage-pass-2,reread,keep
triage-pass-2,revisiting,keep
triage-pass-2,revolved,keep
triage-pass-2,rigorously,keep
triage-pass-2,rogues,keep
triage-pass-2,roost,keep
triage-pass-2,routers,keep
triage-pass-2,savory,keep
triage-pass-2,scorpions,keep
triage-pass-2,segmented,keep
triage-pass-2,semesters,keep
triage-pass-2,shalom,keep
triage-pass-2,shard,keep
triage-pass-2,sieve,keep
triage-pass-2,signatories,keep
triage-pass-2,sill,keep
triage-pass-2,silvery,keep
triage-pass-2,smartwatch,keep
triage-pass-2,snapper,keep
triage-pass-2,snickers,keep
triage-pass-2,soloist,keep
triage-pass-2,soreness,keep
triage-pass-2,southerners,keep
triage-pass-2,sowing,keep
triage-pass-2,spore,keep
triage-pass-2,stances,keep
triage-pass-2,starfish,keep
triage-pass-2,stifle,keep
triage-pass-2,succulent,keep
triage-pass-2,superbly,keep
triage-pass-2,superfluous,keep
triage-pass-2,surged,keep
triage-pass-2,surpasses,keep
triage-pass-2,swain,ditch
triage-pass-2,swarming,keep
triage-pass-2,synchronous,keep
triage-pass-2,tasteful,keep
triage-pass-2,telemetry,keep
triage-pass-2,tenet,keep
triage-pass-2,testifies,keep
triage-pass-2,theologian,keep
triage-pass-2,tiled,keep
triage-pass-2,tots,keep
triage-pass-2,travesty,keep
triage-pass-2,tricking,keep
triage-pass-2,undiscovered,keep
triage-pass-2,unisex,keep
triage-pass-2,vane,keep
triage-pass-2,vegetarians,keep
triage-pass-2,vengeful,keep
triage-pass-2,vials,keep
triage-pass-2,weavers,keep
triage-pass-2,whatnot,keep
triage-pass-2,whiteness,keep
triage-pass-2,wicker,keep
triage-pass-2,wrinkled,keep
triage-pass-2,yank,keep
triage-pass-2,aback,keep
triage-pass-2,accuser,keep
triage-pass-2,adrenal,keep
triage-pass-2,agonizing,keep
triage-pass-2,alluding,keep
triage-pass-2,aloof,keep
triage-pass-2,amulet,keep
triage-pass-2,annotations,keep
triage-pass-2,anticipates,keep
triage-pass-2,apologetic,keep
triage-pass-2,apoptosis,ditch
triage-pass-2,arcane,keep
triage-pass-2,aristocrat,keep
triage-pass-2,arty,keep
triage-pass-2,assays,keep
triage-pass-2,astrophysics,keep
triage-pass-2,barbershop,keep
triage-pass-2,batsmen,keep
triage-pass-2,beanie,keep
triage-pass-2,behest,keep
triage-pass-2,biometric,keep
triage-pass-2,blackened,keep
triage-pass-2,blacklisted,keep
triage-pass-2,bogged,keep
triage-pass-2,boobies,keep
triage-pass-2,bookkeeping,keep
triage-pass-2,brews,keep
triage-pass-2,bronco,keep
triage-pass-2,calvary,ditch
triage-pass-2,camaraderie,keep
triage-pass-2,caravans,keep
triage-pass-2,cascades,keep
triage-pass-2,cask,keep
triage-pass-2,catwalk,keep
triage-pass-2,chanted,keep
triage-pass-2,classically,keep
triage-pass-2,clog,keep
triage-pass-2,clubbing,keep
triage-pass-2,colonized,keep
triage-pass-2,competencies,keep
triage-pass-2,confiscation,keep
triage-pass-2,congresses,keep
triage-pass-2,conscription,keep
triage-pass-2,conserving,keep
triage-pass-2,covenants,keep
triage-pass-2,cranial,keep
triage-pass-2,criminality,keep
triage-pass-2,culprits,keep
triage-pass-2,cyberspace,keep
triage-pass-2,decapitated,keep
triage-pass-2,detach,keep
triage-pass-2,deterrence,keep
triage-pass-2,dielectric,ditch
triage-pass-2,dispensed,keep
triage-pass-2,distanced,keep
triage-pass-2,distasteful,keep
triage-pass-2,dorms,keep
triage-pass-2,dreading,keep
triage-pass-2,droughts,keep
triage-pass-2,druid,keep
triage-pass-2,duvet,keep
triage-pass-2,eclipsed,keep
triage-pass-2,emblems,keep
triage-pass-2,endogenous,keep
triage-pass-2,enforcer,keep
triage-pass-2,ensembles,keep
triage-pass-2,ephemeral,keep
triage-pass-2,eponymous,keep
triage-pass-2,escorting,keep
triage-pass-2,ethnographic,keep
triage-pass-2,examiners,keep
triage-pass-2,faraway,keep
triage-pass-2,figurines,keep
triage-pass-2,fittest,keep
triage-pass-2,fleshy,keep
triage-pass-2,flickering,keep
triage-pass-2,fliers,keep
triage-pass-2,fluctuate,keep
triage-pass-2,fluttering,keep
triage-pass-2,footpath,keep
triage-pass-2,forerunner,keep
triage-pass-2,forgo,keep
triage-pass-2,freer,keep
triage-pass-2,frontage,keep
triage-pass-2,frustrate,keep
triage-pass-2,fryer,keep
triage-pass-2,genomics,keep
triage-pass-2,goof,keep
triage-pass-2,graced,keep
triage-pass-2,grandad,keep
triage-pass-2,grandmothers,keep
triage-pass-2,gurus,keep
triage-pass-2,hadith,ditch
triage-pass-2,hamburgers,keep
triage-pass-2,hangers,keep
triage-pass-2,hardening,keep
triage-pass-2,hippocampus,keep
triage-pass-2,hoot,keep
triage-pass-2,hoses,keep
triage-pass-2,hostels,keep
triage-pass-2,humanism,keep
triage-pass-2,incarnate,keep
triage-pass-2,incomparable,keep
triage-pass-2,informer,keep
triage-pass-2,infrequent,keep
triage-pass-2,infringe,keep
triage-pass-2,ingestion,keep
triage-pass-2,inquiring,keep
triage-pass-2,internment,keep
triage-pass-2,interprets,keep
triage-pass-2,juggernaut,keep
triage-pass-2,jungles,keep
triage-pass-2,lackluster,keep
triage-pass-2,largo,ditch
triage-pass-2,larva,keep
triage-pass-2,layering,keep
triage-pass-2,libertarians,keep
triage-pass-2,lint,keep
triage-pass-2,lira,keep
triage-pass-2,lobbies,keep
triage-pass-2,loon,keep
triage-pass-2,looser,keep
triage-pass-2,lowland,keep
triage-pass-2,luce,ditch
triage-pass-2,luckiest,keep
triage-pass-2,luscious,keep
triage-pass-2,luxe,keep
triage-pass-2,magnified,keep
triage-pass-2,mainframe,keep
triage-pass-2,manger,keep
triage-pass-2,manicure,keep
triage-pass-2,mares,keep
triage-pass-2,materialize,keep
triage-pass-2,maturation,keep
triage-pass-2,meditations,keep
triage-pass-2,mica,keep
triage-pass-2,minted,keep
triage-pass-2,minuscule,keep
triage-pass-2,misspelled,keep
triage-pass-2,moisturizer,keep
triage-pass-2,molar,keep
triage-pass-2,molestation,keep
triage-pass-2,mong,ditch
triage-pass-2,mush,keep
triage-pass-2,narcissist,keep
triage-pass-2,navigational,keep
triage-pass-2,neolithic,keep
triage-pass-2,nestle,keep
triage-pass-2,nous,ditch
triage-pass-2,obsessing,keep
triage-pass-2,offends,keep
triage-pass-2,onus,keep
triage-pass-2,osteoporosis,keep
triage-pass-2,outfitted,keep
triage-pass-2,outwards,keep
triage-pass-2,panting,keep
triage-pass-2,pawns,keep
triage-pass-2,peering,keep
triage-pass-2,perceptive,keep
triage-pass-2,peri,ditch
triage-pass-2,perpetuating,keep
triage-pass-2,pianos,keep
triage-pass-2,picker,keep
triage-pass-2,poached,keep
triage-pass-2,precipitated,keep
triage-pass-2,preside,keep
triage-pass-2,primo,keep
triage-pass-2,purportedly,keep
triage-pass-2,rani,ditch
triage-pass-2,rayon,keep
triage-pass-2,recessed,keep
triage-pass-2,recklessly,keep
triage-pass-2,redefined,keep
triage-pass-2,reflux,keep
triage-pass-2,regionally,keep
triage-pass-2,relinquished,keep
triage-pass-2,renovating,keep
triage-pass-2,retriever,keep
triage-pass-2,rigidity,keep
triage-pass-2,ringtone,keep
triage-pass-2,riveting,keep
triage-pass-2,rosewood,keep
triage-pass-2,sable,keep
triage-pass-2,scoops,keep
triage-pass-2,scouring,keep
triage-pass-2,sedative,keep
triage-pass-2,senile,keep
triage-pass-2,setter,keep
triage-pass-2,sher,ditch
triage-pass-2,shredding,keep
triage-pass-2,shrouded,keep
triage-pass-2,shuffled,keep
triage-pass-2,sips,keep
triage-pass-2,sleigh,keep
triage-pass-2,sliders,keep
triage-pass-2,sliver,keep
triage-pass-2,slush,keep
triage-pass-2,smelt,keep
triage-pass-2,softness,keep
triage-pass-2,solidify,keep
triage-pass-2,sora,ditch
triage-pass-2,sordid,keep
triage-pass-2,soundtracks,keep
triage-pass-2,soybeans,keep
triage-pass-2,sportsmen,keep
triage-pass-2,sprawl,keep
triage-pass-2,springboard,keep
triage-pass-2,squashed,keep
triage-pass-2,squatting,keep
triage-pass-2,stasis,keep
triage-pass-2,stirs,keep
triage-pass-2,stonewall,keep
triage-pass-2,storied,keep
triage-pass-2,streamers,keep
triage-pass-2,sultry,keep
triage-pass-2,sustenance,keep
triage-pass-2,swamped,keep
triage-pass-2,swivel,keep
triage-pass-2,tearful,keep
triage-pass-2,terminates,keep
triage-pass-2,thrashing,keep
triage-pass-2,toolbox,keep
triage-pass-2,toying,keep
triage-pass-2,transsexual,keep
triage-pass-2,tuff,ditch
triage-pass-2,twitching,keep
triage-pass-2,undisturbed,keep
triage-pass-2,unhelpful,keep
triage-pass-2,uninformed,keep
triage-pass-2,unkind,keep
triage-pass-2,unresponsive,keep
triage-pass-2,unscathed,keep
triage-pass-2,unsupported,keep
triage-pass-2,vert,ditch
triage-pass-2,vindicated,keep
triage-pass-2,warlock,keep
triage-pass-2,wayside,keep
triage-pass-2,whirlpool,keep
triage-pass-2,whiskers,keep
triage-pass-2,whitish,keep
triage-pass-2,wholesalers,keep
triage-pass-2,willows,keep
triage-pass-2,zealous,keep
triage-pass-2,aberration,keep
triage-pass-2,ailment,keep
triage-pass-2,airstrike,keep
triage-pass-2,airwaves,keep
triage-pass-2,alerting,keep
triage-pass-2,apricot,keep
triage-pass-2,arbiter,keep
triage-pass-2,arbitrator,keep
triage-pass-2,archangel,keep
triage-pass-2,athleticism,keep
triage-pass-2,axles,keep
triage-pass-2,bailing,keep
triage-pass-2,baptists,keep
triage-pass-2,baritone,keep
triage-pass-2,benefitted,keep
triage-pass-2,bestow,keep
triage-pass-2,blistering,keep
triage-pass-2,bloodline,keep
triage-pass-2,booby,keep
triage-pass-2,borderlands,keep
triage-pass-2,breaching,keep
triage-pass-2,buoyant,keep
triage-pass-2,bushy,keep
triage-pass-2,bustle,keep
triage-pass-2,calculators,keep
triage-pass-2,calms,keep
triage-pass-2,caloric,keep
triage-pass-2,captaincy,keep
triage-pass-2,carbide,keep
triage-pass-2,carmine,keep
triage-pass-2,caved,keep
triage-pass-2,caverns,keep
triage-pass-2,chairmanship,keep
triage-pass-2,chardonnay,keep
triage-pass-2,checkmate,keep
triage-pass-2,cheerfully,keep
triage-pass-2,chou,ditch
triage-pass-2,clem,ditch
triage-pass-2,clinician,keep
triage-pass-2,clung,keep
triage-pass-2,coals,keep
triage-pass-2,coercive,keep
triage-pass-2,collie,keep
triage-pass-2,conclusively,keep
triage-pass-2,conduction,keep
triage-pass-2,confided,keep
triage-pass-2,consumerism,keep
triage-pass-2,converters,keep
triage-pass-2,convinces,keep
triage-pass-2,copyrights,keep
triage-pass-2,cosmology,keep
triage-pass-2,crumbled,keep
triage-pass-2,curtail,keep
triage-pass-2,daydream,keep
triage-pass-2,deafening,keep
triage-pass-2,debuting,keep
triage-pass-2,dedicating,keep
triage-pass-2,detonate,keep
triage-pass-2,dined,keep
triage-pass-2,disarmed,keep
triage-pass-2,disordered,keep
triage-pass-2,divorcing,keep
triage-pass-2,docker,keep
triage-pass-2,docket,keep
triage-pass-2,drifts,keep
triage-pass-2,earphones,keep
triage-pass-2,electrified,keep
triage-pass-2,electrolytes,keep
triage-pass-2,enchantment,keep
triage-pass-2,endures,keep
triage-pass-2,equated,keep
triage-pass-2,expedited,keep
triage-pass-2,experiential,keep
triage-pass-2,faceless,keep
triage-pass-2,factored,keep
triage-pass-2,fascia,keep
triage-pass-2,fasten,keep
triage-pass-2,fatherland,keep
triage-pass-2,fatigued,keep
triage-pass-2,feasts,keep
triage-pass-2,federalism,keep
triage-pass-2,figuratively,keep
triage-pass-2,flatten,keep
triage-pass-2,flopped,keep
triage-pass-2,foiled,keep
triage-pass-2,forester,keep
triage-pass-2,fragility,keep
triage-pass-2,frigid,keep
triage-pass-2,gasket,keep
triage-pass-2,gemstone,keep
triage-pass-2,ginny,ditch
triage-pass-2,goaltender,keep
triage-pass-2,goodbyes,keep
triage-pass-2,gory,keep
triage-pass-2,granola,keep
triage-pass-2,graphically,keep
triage-pass-2,gushing,keep
triage-pass-2,habitation,keep
triage-pass-2,heirloom,keep
triage-pass-2,hoisted,keep
triage-pass-2,homing,keep
triage-pass-2,hough,ditch
triage-pass-2,huntsman,keep
triage-pass-2,hustler,keep
triage-pass-2,hypothermia,keep
triage-pass-2,impatience,keep
triage-pass-2,inquisitive,keep
triage-pass-2,instructive,keep
triage-pass-2,instructs,keep
triage-pass-2,interlocking,keep
triage-pass-2,invader,keep
triage-pass-2,kamala,ditch
triage-pass-2,kernels,keep
triage-pass-2,kors,ditch
triage-pass-2,lagged,keep
triage-pass-2,lard,keep
triage-pass-2,leeway,keep
triage-pass-2,lexical,keep
triage-pass-2,lobsters,keep
triage-pass-2,locale,keep
triage-pass-2,loosened,keep
triage-pass-2,mademoiselle,keep
triage-pass-2,manifesting,keep
triage-pass-2,memos,keep
triage-pass-2,menswear,keep
triage-pass-2,meritorious,keep
triage-pass-2,methadone,keep
triage-pass-2,methanol,keep
triage-pass-2,millet,keep
triage-pass-2,misogynistic,keep
triage-pass-2,mistreatment,keep
triage-pass-2,mitigated,keep
triage-pass-2,mocha,keep
triage-pass-2,mockingbird,keep
triage-pass-2,negate,keep
triage-pass-2,networked,keep
triage-pass-2,nomads,keep
triage-pass-2,nonsensical,keep
triage-pass-2,noose,keep
triage-pass-2,obstructed,keep
triage-pass-2,offshoot,keep
triage-pass-2,ointment,keep
triage-pass-2,onscreen,keep
triage-pass-2,onshore,keep
triage-pass-2,orthogonal,keep
triage-pass-2,ottomans,keep
triage-pass-2,outnumber,keep
triage-pass-2,outposts,keep
triage-pass-2,overkill,keep
triage-pass-2,overpowering,keep
triage-pass-2,ovulation,keep
triage-pass-2,pairings,keep
triage-pass-2,paladin,keep
triage-pass-2,parse,keep
triage-pass-2,pegs,keep
triage-pass-2,penises,keep
triage-pass-2,perpetuated,keep
triage-pass-2,phasing,keep
triage-pass-2,phrasing,keep
triage-pass-2,pledging,keep
triage-pass-2,pollination,keep
triage-pass-2,pooled,keep
triage-pass-2,postpartum,keep
triage-pass-2,potions,keep
triage-pass-2,pretzel,keep
triage-pass-2,profusely,keep
triage-pass-2,proletariat,keep
triage-pass-2,promulgated,keep
triage-pass-2,punctuated,keep
triage-pass-2,punctured,keep
triage-pass-2,punks,keep
triage-pass-2,quadratic,keep
triage-pass-2,raspberries,keep
triage-pass-2,recoup,keep
triage-pass-2,rediscovered,keep
triage-pass-2,remover,keep
triage-pass-2,repelled,keep
triage-pass-2,repertory,keep
triage-pass-2,replicating,keep
triage-pass-2,restructured,keep
triage-pass-2,riddles,keep
triage-pass-2,rousing,keep
triage-pass-2,roving,keep
triage-pass-2,sandman,keep
triage-pass-2,sass,keep
triage-pass-2,savor,keep
triage-pass-2,senatorial,keep
triage-pass-2,sexting,keep
triage-pass-2,shimmer,keep
triage-pass-2,shingle,keep
triage-pass-2,shoplifting,keep
triage-pass-2,simulating,keep
triage-pass-2,snatching,keep
triage-pass-2,snooze,keep
triage-pass-2,spasms,keep
triage-pass-2,staked,keep
triage-pass-2,stillness,keep
triage-pass-2,strikeouts,keep
triage-pass-2,structuring,keep
triage-pass-2,stupidly,keep
triage-pass-2,subculture,keep
triage-pass-2,suitor,keep
triage-pass-2,suitors,keep
triage-pass-2,supposing,keep
triage-pass-2,supt,ditch
triage-pass-2,taint,keep
triage-pass-2,tantrums,keep
triage-pass-2,tarp,keep
triage-pass-2,tarts,keep
triage-pass-2,thoroughbred,keep
triage-pass-2,tiara,keep
triage-pass-2,totality,keep
triage-pass-2,tremors,keep
triage-pass-2,tyrants,keep
triage-pass-2,ugliest,keep
triage-pass-2,ugliness,keep
triage-pass-2,underline,keep
triage-pass-2,unduly,keep
triage-pass-2,unsatisfied,keep
triage-pass-2,venturing,keep
triage-pass-2,victors,keep
triage-pass-2,vindictive,keep
triage-pass-2,visor,keep
triage-pass-2,walrus,keep
triage-pass-2,weighting,keep
triage-pass-2,werewolves,keep
triage-pass-2,withers,keep
triage-pass-2,wrongfully,keep
triage-pass-2,yanked,keep
triage-pass-2,abhorrent,keep
triage-pass-2,accelerates,keep
triage-pass-2,alder,keep
triage-pass-2,allowable,keep
triage-pass-2,amicable,keep
triage-pass-2,amortization,keep
triage-pass-2,anaconda,keep
triage-pass-2,anaerobic,keep
triage-pass-2,anchoring,keep
triage-pass-2,anglers,keep
triage-pass-2,annihilated,keep
triage-pass-2,antisemitic,keep
triage-pass-2,atrophy,keep
triage-pass-2,aviator,keep
triage-pass-2,avoidable,keep
triage-pass-2,bales,keep
triage-pass-2,baring,keep
triage-pass-2,behemoth,keep
triage-pass-2,blip,keep
triage-pass-2,bolshevik,keep
triage-pass-2,bossy,keep
triage-pass-2,bottleneck,keep
triage-pass-2,broadest,keep
triage-pass-2,buccaneers,keep
triage-pass-2,bumble,keep
triage-pass-2,caribou,keep
triage-pass-2,carnal,keep
triage-pass-2,carpentry,keep
triage-pass-2,cataract,keep
triage-pass-2,caterpillars,keep
triage-pass-2,caustic,keep
triage-pass-2,censoring,keep
triage-pass-2,centrifugal,keep
triage-pass-2,chimpanzees,keep
triage-pass-2,circadian,keep
triage-pass-2,clarifies,keep
triage-pass-2,cleansed,keep
triage-pass-2,clemency,keep
triage-pass-2,clots,keep
triage-pass-2,codified,keep
triage-pass-2,colds,keep
triage-pass-2,confederates,keep
triage-pass-2,constables,keep
triage-pass-2,constabulary,keep
triage-pass-2,coordinators,keep
triage-pass-2,cote,ditch
triage-pass-2,crumb,keep
triage-pass-2,dames,keep
triage-pass-2,darkly,keep
triage-pass-2,deactivate,keep
triage-pass-2,deadlock,keep
triage-pass-2,deathbed,keep
triage-pass-2,deceitful,keep
triage-pass-2,deduce,keep
triage-pass-2,demented,keep
triage-pass-2,discernible,keep
triage-pass-2,discharging,keep
triage-pass-2,discourses,keep
triage-pass-2,displace,keep
triage-pass-2,displeased,keep
triage-pass-2,dived,keep
triage-pass-2,doge,keep
triage-pass-2,dogged,keep
triage-pass-2,dosing,keep
triage-pass-2,duma,ditch
triage-pass-2,dynasties,keep
triage-pass-2,elated,keep
triage-pass-2,elegantly,keep
triage-pass-2,ember,keep
triage-pass-2,embroiled,keep
triage-pass-2,encampment,keep
triage-pass-2,entitlements,keep
triage-pass-2,ergo,keep
triage-pass-2,erupt,keep
triage-pass-2,eugenics,keep
triage-pass-2,evading,keep
triage-pass-2,evaluates,keep
triage-pass-2,evict,keep
triage-pass-2,executor,keep
triage-pass-2,expended,keep
triage-pass-2,extremities,keep
triage-pass-2,exuberant,keep
triage-pass-2,fables,keep
triage-pass-2,facsimile,keep
triage-pass-2,fanciful,keep
triage-pass-2,farting,keep
triage-pass-2,felons,keep
triage-pass-2,fillet,keep
triage-pass-2,firmer,keep
triage-pass-2,formaldehyde,keep
triage-pass-2,fractal,keep
triage-pass-2,fulfilment,keep
triage-pass-2,fumbled,keep
triage-pass-2,garter,keep
triage-pass-2,gels,keep
triage-pass-2,gibberish,keep
triage-pass-2,gifting,keep
triage-pass-2,gleam,keep
triage-pass-2,grandiose,keep
triage-pass-2,growling,keep
triage-pass-2,gummy,keep
triage-pass-2,harmonica,keep
triage-pass-2,headlight,keep
triage-pass-2,headsets,keep
triage-pass-2,housemate,keep
triage-pass-2,idiom,keep
triage-pass-2,impossibly,keep
triage-pass-2,impressively,keep
triage-pass-2,indulged,keep
triage-pass-2,inexperience,keep
triage-pass-2,inferiority,keep
triage-pass-2,infuriated,keep
triage-pass-2,inquired,keep
triage-pass-2,inquirer,keep
triage-pass-2,instilled,keep
triage-pass-2,intently,keep
triage-pass-2,intents,keep
triage-pass-2,intoxicating,keep
triage-pass-2,iota,keep
triage-pass-2,jihadists,keep
triage-pass-2,labored,keep
triage-pass-2,landslides,keep
triage-pass-2,leno,ditch
triage-pass-2,lightness,keep
triage-pass-2,liquidated,keep
triage-pass-2,lubrication,keep
triage-pass-2,lunatics,keep
triage-pass-2,lustre,keep
triage-pass-2,mako,keep
triage-pass-2,mobilizing,keep
triage-pass-2,modernized,keep
triage-pass-2,mongol,ditch
triage-pass-2,mortified,keep
triage-pass-2,motionless,keep
triage-pass-2,mullet,keep
triage-pass-2,natures,keep
triage-pass-2,navigable,keep
triage-pass-2,negotiators,keep
triage-pass-2,niggers,ditch
triage-pass-2,nothingness,keep
triage-pass-2,odors,keep
triage-pass-2,offensively,keep
triage-pass-2,openers,keep
triage-pass-2,orchestras,keep
triage-pass-2,ores,keep
triage-pass-2,overjoyed,keep
triage-pass-2,pacemaker,keep
triage-pass-2,pagans,keep
triage-pass-2,pallets,keep
triage-pass-2,pandering,keep
triage-pass-2,panty,keep
triage-pass-2,pessimism,keep
triage-pass-2,plums,keep
triage-pass-2,polyethylene,keep
triage-pass-2,pooch,keep
triage-pass-2,pooling,keep
triage-pass-2,popularized,keep
triage-pass-2,posterity,keep
triage-pass-2,posthumous,keep
triage-pass-2,pounce,keep
triage-pass-2,pragmatism,keep
triage-pass-2,projectors,keep
triage-pass-2,proprietors,keep
triage-pass-2,quantified,keep
triage-pass-2,receding,keep
triage-pass-2,recounting,keep
triage-pass-2,rejoicing,keep
triage-pass-2,repayments,keep
triage-pass-2,republished,keep
triage-pass-2,resentful,keep
triage-pass-2,rhubarb,keep
triage-pass-2,romanticism,keep
triage-pass-2,salesmen,keep
triage-pass-2,sapiens,ditch
triage-pass-2,savers,keep
triage-pass-2,scammed,keep
triage-pass-2,scathing,keep
triage-pass-2,scour,keep
triage-pass-2,seagulls,keep
triage-pass-2,serviceable,keep
triage-pass-2,shanks,keep
triage-pass-2,shearer,keep
triage-pass-2,shimmering,keep
triage-pass-2,shoals,keep
triage-pass-2,shredder,keep
triage-pass-2,sienna,keep
triage-pass-2,signifying,keep
triage-pass-2,simplex,keep
triage-pass-2,snorting,keep
triage-pass-2,snows,keep
triage-pass-2,sociable,keep
triage-pass-2,socializing,keep
triage-pass-2,soiled,keep
triage-pass-2,soundly,keep
triage-pass-2,speculations,keep
triage-pass-2,sprinkling,keep
triage-pass-2,standup,keep
triage-pass-2,stifling,keep
triage-pass-2,strayed,keep
triage-pass-2,stunted,keep
triage-pass-2,supremacists,keep
triage-pass-2,swastika,keep
triage-pass-2,symbolically,keep
triage-pass-2,talkative,keep
triage-pass-2,talon,keep
triage-pass-2,teleport,keep
triage-pass-2,tenths,keep
triage-pass-2,thoughtfully,keep
triage-pass-2,thrillers,keep
triage-pass-2,thump,keep
triage-pass-2,totalled,keep
triage-pass-2,trombone,keep
triage-pass-2,truer,keep
triage-pass-2,tyrannical,keep
triage-pass-2,underscore,keep
triage-pass-2,unlocks,keep
triage-pass-2,unusable,keep
triage-pass-2,uprisings,keep
triage-pass-2,vandals,keep
triage-pass-2,vented,keep
triage-pass-2,ventilator,keep
triage-pass-2,vertebrate,keep
triage-pass-2,violets,keep
triage-pass-2,warehousing,keep
triage-pass-2,warlords,keep
triage-pass-2,watermark,keep
triage-pass-2,weathering,keep
triage-pass-2,webcast,keep
triage-pass-2,wielded,keep
triage-pass-2,yearn,keep
triage-pass-2,yonder,keep
triage-pass-2,abandons,keep
triage-pass-2,admires,keep
triage-pass-2,affirms,keep
triage-pass-2,afghans,keep
triage-pass-2,airtime,keep
triage-pass-2,allocating,keep
triage-pass-2,antithesis,keep
triage-pass-2,arable,keep
triage-pass-2,archetype,keep
triage-pass-2,argyle,keep
triage-pass-2,aristocrats,keep
triage-pass-2,atrial,keep
triage-pass-2,auditioning,keep
triage-pass-2,avatars,keep
triage-pass-2,avenged,keep
triage-pass-2,awesomeness,keep
triage-pass-2,bereavement,keep
triage-pass-2,bikinis,keep
triage-pass-2,bionic,keep
triage-pass-2,blurring,keep
triage-pass-2,boardroom,keep
triage-pass-2,bobcats,keep
triage-pass-2,bottomless,keep
triage-pass-2,breakfasts,keep
triage-pass-2,bunches,keep
triage-pass-2,caddy,keep
triage-pass-2,cade,ditch
triage-pass-2,cautions,keep
triage-pass-2,cellphones,keep
triage-pass-2,charted,keep
triage-pass-2,chasm,keep
triage-pass-2,chevalier,ditch
triage-pass-2,chisel,keep
triage-pass-2,choirs,keep
triage-pass-2,cinder,keep
triage-pass-2,coincidences,keep
triage-pass-2,commences,keep
triage-pass-2,commenter,keep
triage-pass-2,communicator,keep
triage-pass-2,complies,keep
triage-pass-2,condor,keep
triage-pass-2,contented,keep
triage-pass-2,coverings,keep
triage-pass-2,crass,keep
triage-pass-2,cuddles,keep
triage-pass-2,cull,keep
triage-pass-2,culver,ditch
triage-pass-2,deference,keep
triage-pass-2,delirium,keep
triage-pass-2,deportations,keep
triage-pass-2,devoting,keep
triage-pass-2,diabolical,keep
triage-pass-2,dilated,keep
triage-pass-2,disarray,keep
triage-pass-2,dismayed,keep
triage-pass-2,disregarding,keep
triage-pass-2,elector,keep
triage-pass-2,eloquently,keep
triage-pass-2,emojis,keep
triage-pass-2,expendable,keep
triage-pass-2,factoring,keep
triage-pass-2,fantastical,keep
triage-pass-2,fennel,keep
triage-pass-2,fetching,keep
triage-pass-2,fieldwork,keep
triage-pass-2,firework,keep
triage-pass-2,firsts,keep
triage-pass-2,flattery,keep
triage-pass-2,foolishly,keep
triage-pass-2,foreseen,keep
triage-pass-2,forgives,keep
triage-pass-2,forked,keep
triage-pass-2,formulating,keep
triage-pass-2,fracturing,keep
triage-pass-2,freedman,keep
triage-pass-2,futility,keep
triage-pass-2,hamlets,keep
triage-pass-2,handover,keep
triage-pass-2,hedging,keep
triage-pass-2,heroines,keep
triage-pass-2,hexagonal,keep
triage-pass-2,hipsters,keep
triage-pass-2,hospitable,keep
triage-pass-2,hummingbird,keep
triage-pass-2,impasse,keep
triage-pass-2,impotence,keep
triage-pass-2,increment,keep
triage-pass-2,incursions,keep
triage-pass-2,inescapable,keep
triage-pass-2,infecting,keep
triage-pass-2,jester,keep
triage-pass-2,jihadist,keep
triage-pass-2,kites,keep
triage-pass-2,likable,keep
triage-pass-2,limping,keep
triage-pass-2,lineups,keep
triage-pass-2,luster,keep
triage-pass-2,maduro,ditch
triage-pass-2,majoring,keep
triage-pass-2,majorities,keep
triage-pass-2,melatonin,keep
triage-pass-2,mesmerizing,keep
triage-pass-2,misread,keep
triage-pass-2,modulated,keep
triage-pass-2,mousse,keep
triage-pass-2,naught,keep
triage-pass-2,necessitated,keep
triage-pass-2,nitrous,keep
triage-pass-2,obstructive,keep
triage-pass-2,occupiers,keep
triage-pass-2,orientated,keep
triage-pass-2,oscillation,keep
triage-pass-2,oscillator,keep
triage-pass-2,outrun,keep
triage-pass-2,overpass,keep
triage-pass-2,pampered,keep
triage-pass-2,paprika,keep
triage-pass-2,pathogenic,keep
triage-pass-2,peeking,keep
triage-pass-2,persevere,keep
triage-pass-2,piped,keep
triage-pass-2,plasticity,keep
triage-pass-2,playfully,keep
triage-pass-2,polymerase,keep
triage-pass-2,practicality,keep
triage-pass-2,prawns,keep
triage-pass-2,precedents,keep
triage-pass-2,pretzels,keep
triage-pass-2,proclaims,keep
triage-pass-2,profane,keep
triage-pass-2,profiting,keep
triage-pass-2,prospecting,keep
triage-pass-2,prune,keep
triage-pass-2,putative,keep
triage-pass-2,radiate,keep
triage-pass-2,reaping,keep
triage-pass-2,rectum,keep
triage-pass-2,regressive,keep
triage-pass-2,regrettable,keep
triage-pass-2,reprise,keep
triage-pass-2,restorative,keep
triage-pass-2,rhyming,keep
triage-pass-2,rumbling,keep
triage-pass-2,salinity,keep
triage-pass-2,scolded,keep
triage-pass-2,scrooge,keep
triage-pass-2,serials,keep
triage-pass-2,shipyards,keep
triage-pass-2,shovels,keep
triage-pass-2,silt,keep
triage-pass-2,sisterhood,keep
triage-pass-2,sketched,keep
triage-pass-2,smuggler,keep
triage-pass-2,snob,keep
triage-pass-2,sodomy,keep
triage-pass-2,soldering,keep
triage-pass-2,solubility,keep
triage-pass-2,sonnet,keep
triage-pass-2,spacey,keep
triage-pass-2,spectrometry,keep
triage-pass-2,spurious,keep
triage-pass-2,subgroups,keep
triage-pass-2,substandard,keep
triage-pass-2,sugarcane,keep
triage-pass-2,sundown,keep
triage-pass-2,suspecting,keep
triage-pass-2,swingers,keep
triage-pass-2,swiping,keep
triage-pass-2,synths,keep
triage-pass-2,takeaways,keep
triage-pass-2,talker,keep
triage-pass-2,taunt,keep
triage-pass-2,taunts,keep
triage-pass-2,tensile,keep
triage-pass-2,tether,keep
triage-pass-2,thundering,keep
triage-pass-2,tightness,keep
triage-pass-2,tinkering,keep
triage-pass-2,toothless,keep
triage-pass-2,truffles,keep
triage-pass-2,turntable,keep
triage-pass-2,underdogs,keep
triage-pass-2,undressed,keep
triage-pass-2,unknowns,keep
triage-pass-2,validating,keep
triage-pass-2,vermin,keep
triage-pass-2,vertebrates,keep
triage-pass-2,vertices,keep
triage-pass-2,voltages,keep
triage-pass-2,wardens,keep
triage-pass-2,weaves,keep
triage-pass-2,weirdos,keep
triage-pass-2,whirl,keep
triage-pass-2,widget,keep
triage-pass-2,wineries,keep
triage-pass-2,workman,keep
triage-pass-2,aborigines,keep
triage-pass-2,abreast,keep
triage-pass-2,absurdly,keep
triage-pass-2,adage,keep
triage-pass-2,airtight,keep
triage-pass-2,altruistic,keep
triage-pass-2,amalgamated,keep
triage-pass-2,amorphous,keep
triage-pass-2,annulled,keep
triage-pass-2,anthems,keep
triage-pass-2,antioxidants,keep
triage-pass-2,antlers,keep
triage-pass-2,armaments,keep
triage-pass-2,arroyo,keep
triage-pass-2,audacious,keep
triage-pass-2,auth,ditch
triage-pass-2,balboa,ditch
triage-pass-2,battleships,keep
triage-pass-2,befriended,keep
triage-pass-2,beheading,keep
triage-pass-2,blaring,keep
triage-pass-2,bolder,keep
triage-pass-2,bookies,keep
triage-pass-2,boolean,keep
triage-pass-2,brash,keep
triage-pass-2,breads,keep
triage-pass-2,bumpers,keep
triage-pass-2,buoyancy,keep
triage-pass-2,burglars,keep
triage-pass-2,buttermilk,keep
triage-pass-2,bypassed,keep
triage-pass-2,campaigners,keep
triage-pass-2,canisters,keep
triage-pass-2,captioned,keep
triage-pass-2,captors,keep
triage-pass-2,cautionary,keep
triage-pass-2,cayenne,keep
triage-pass-2,centering,keep
triage-pass-2,classifying,keep
triage-pass-2,clitoris,keep
triage-pass-2,coincidental,keep
triage-pass-2,colliding,keep
triage-pass-2,colliery,ditch
triage-pass-2,consonants,keep
triage-pass-2,constituting,keep
triage-pass-2,coriander,keep
triage-pass-2,couches,keep
triage-pass-2,critters,keep
triage-pass-2,crucially,keep
triage-pass-2,cruelly,keep
triage-pass-2,damnation,keep
triage-pass-2,debtors,keep
triage-pass-2,debunked,keep
triage-pass-2,decorator,keep
triage-pass-2,deletes,keep
triage-pass-2,delirious,keep
triage-pass-2,denser,keep
triage-pass-2,dependents,keep
triage-pass-2,deriving,keep
triage-pass-2,detractors,keep
triage-pass-2,disingenuous,keep
triage-pass-2,dissipate,keep
triage-pass-2,dressings,keep
triage-pass-2,easterly,keep
triage-pass-2,edema,keep
triage-pass-2,elapsed,keep
triage-pass-2,empowers,keep
triage-pass-2,encode,keep
triage-pass-2,enterprising,keep
triage-pass-2,erupts,keep
triage-pass-2,exacting,keep
triage-pass-2,expectant,keep
triage-pass-2,exponent,keep
triage-pass-2,extravaganza,keep
triage-pass-2,filaments,keep
triage-pass-2,finishers,keep
triage-pass-2,foaming,keep
triage-pass-2,freebies,keep
triage-pass-2,fuming,keep
triage-pass-2,geriatric,keep
triage-pass-2,gleaned,keep
triage-pass-2,goddammit,keep
triage-pass-2,goddamned,keep
triage-pass-2,grasslands,keep
triage-pass-2,guidebook,keep
triage-pass-2,halved,keep
triage-pass-2,hardline,keep
triage-pass-2,haves,keep
triage-pass-2,herding,keep
triage-pass-2,hereinafter,keep
triage-pass-2,hiked,keep
triage-pass-2,hoes,keep
triage-pass-2,honk,keep
triage-pass-2,hotspots,keep
triage-pass-2,hungover,keep
triage-pass-2,importers,keep
triage-pass-2,impure,keep
triage-pass-2,incursion,keep
triage-pass-2,inexcusable,keep
triage-pass-2,inhibitory,keep
triage-pass-2,installs,keep
triage-pass-2,integrative,keep
triage-pass-2,invisibility,keep
triage-pass-2,kimono,keep
triage-pass-2,knickers,keep
triage-pass-2,lessened,keep
triage-pass-2,liege,keep
triage-pass-2,lightest,keep
triage-pass-2,lingers,keep
triage-pass-2,lipids,keep
triage-pass-2,llama,keep
triage-pass-2,looped,keep
triage-pass-2,loosening,keep
triage-pass-2,loudspeaker,keep
triage-pass-2,macron,keep
triage-pass-2,marketer,keep
triage-pass-2,mascots,keep
triage-pass-2,mediators,keep
triage-pass-2,minster,ditch
triage-pass-2,mongering,keep
triage-pass-2,monotonous,keep
triage-pass-2,morbidity,keep
triage-pass-2,multipurpose,keep
triage-pass-2,muscat,ditch
triage-pass-2,muttering,keep
triage-pass-2,naturalized,keep
triage-pass-2,navel,keep
triage-pass-2,neanderthal,keep
triage-pass-2,newbies,keep
triage-pass-2,nitric,keep
triage-pass-2,northerly,keep
triage-pass-2,obsidian,keep
triage-pass-2,overlaps,keep
triage-pass-2,paging,keep
triage-pass-2,palettes,keep
triage-pass-2,payed,ditch
triage-pass-2,pent,keep
triage-pass-2,phishing,keep
triage-pass-2,plundered,keep
triage-pass-2,polarizing,keep
triage-pass-2,pomp,keep
triage-pass-2,popper,keep
triage-pass-2,priestess,keep
triage-pass-2,prohibitive,keep
triage-pass-2,quarantined,keep
triage-pass-2,quotient,keep
triage-pass-2,raking,keep
triage-pass-2,realtors,keep
triage-pass-2,rebelled,keep
triage-pass-2,redefining,keep
triage-pass-2,redness,keep
triage-pass-2,reelected,keep
triage-pass-2,resonated,keep
triage-pass-2,retelling,keep
triage-pass-2,reuniting,keep
triage-pass-2,sabbatical,keep
triage-pass-2,sabotaging,keep
triage-pass-2,sadder,keep
triage-pass-2,sailboat,keep
triage-pass-2,salaried,keep
triage-pass-2,saws,keep
triage-pass-2,scallops,keep
triage-pass-2,scammer,keep
triage-pass-2,searing,keep
triage-pass-2,secreted,keep
triage-pass-2,sedation,keep
triage-pass-2,sexier,keep
triage-pass-2,shamelessly,keep
triage-pass-2,shivers,keep
triage-pass-2,sleepover,keep
triage-pass-2,slingshot,keep
triage-pass-2,slurry,keep
triage-pass-2,smarts,keep
triage-pass-2,sown,keep
triage-pass-2,spitfire,keep
triage-pass-2,sprinkles,keep
triage-pass-2,stashed,keep
triage-pass-2,steampunk,keep
triage-pass-2,steed,keep
triage-pass-2,stints,keep
triage-pass-2,strongholds,keep
triage-pass-2,stumped,keep
triage-pass-2,stutter,keep
triage-pass-2,subspecies,keep
triage-pass-2,subvert,keep
triage-pass-2,sunburn,keep
triage-pass-2,swerve,keep
triage-pass-2,tampered,keep
triage-pass-2,tarnished,keep
triage-pass-2,termites,keep
triage-pass-2,testicular,keep
triage-pass-2,tiller,keep
triage-pass-2,tooling,keep
triage-pass-2,topological,keep
triage-pass-2,topple,keep
triage-pass-2,transcendent,keep
triage-pass-2,trapper,keep
triage-pass-2,trickery,keep
triage-pass-2,triton,ditch
triage-pass-2,trucker,keep
triage-pass-2,truckers,keep
triage-pass-2,tulips,keep
triage-pass-2,turban,keep
triage-pass-2,tusk,keep
triage-pass-2,undertakes,keep
triage-pass-2,unending,keep
triage-pass-2,unforgiving,keep
triage-pass-2,uninstall,keep
triage-pass-2,unplug,keep
triage-pass-2,unproven,keep
triage-pass-2,wanker,keep
triage-pass-2,watchmen,keep
triage-pass-2,airbags,keep
triage-pass-2,alkali,keep
triage-pass-2,allusion,keep
triage-pass-2,altruism,keep
triage-pass-2,ambience,keep
triage-pass-2,amphibians,keep
triage-pass-2,anomalous,keep
triage-pass-2,antioxidant,keep
triage-pass-2,assemblage,keep
triage-pass-2,astounded,keep
triage-pass-2,baht,keep
triage-pass-2,birdman,keep
triage-pass-2,birthing,keep
triage-pass-2,bobs,keep
triage-pass-2,bosh,ditch
triage-pass-2,boycotted,keep
triage-pass-2,bureaus,keep
triage-pass-2,burritos,keep
triage-pass-2,carcasses,keep
triage-pass-2,caress,keep
triage-pass-2,catchphrase,keep
triage-pass-2,censure,keep
triage-pass-2,channeled,keep
triage-pass-2,childlike,keep
triage-pass-2,cleanest,keep
triage-pass-2,cleft,keep
triage-pass-2,clump,keep
triage-pass-2,cluttered,keep
triage-pass-2,combos,keep
triage-pass-2,complicating,keep
triage-pass-2,conceivably,keep
triage-pass-2,concussions,keep
triage-pass-2,connotation,keep
triage-pass-2,coughed,keep
triage-pass-2,creeper,keep
triage-pass-2,cultivars,keep
triage-pass-2,damper,keep
triage-pass-2,deduced,keep
triage-pass-2,dependant,keep
triage-pass-2,depository,keep
triage-pass-2,deuce,keep
triage-pass-2,diagonally,keep
triage-pass-2,dickie,ditch
triage-pass-2,disapproved,keep
triage-pass-2,disqualify,keep
triage-pass-2,dona,ditch
triage-pass-2,donates,keep
triage-pass-2,doorways,keep
triage-pass-2,doped,keep
triage-pass-2,dram,keep
triage-pass-2,earner,keep
triage-pass-2,embed,keep
triage-pass-2,empathetic,keep
triage-pass-2,emulator,keep
triage-pass-2,encompassed,keep
triage-pass-2,enlisting,keep
triage-pass-2,enlistment,keep
triage-pass-2,entrant,keep
triage-pass-2,envoys,keep
triage-pass-2,eraser,keep
triage-pass-2,etymology,keep
triage-pass-2,evidences,keep
triage-pass-2,exasperated,keep
triage-pass-2,exorcist,keep
triage-pass-2,faceted,keep
triage-pass-2,faggots,ditch
triage-pass-2,fags,ditch
triage-pass-2,federated,keep
triage-pass-2,fibrous,keep
triage-pass-2,fiddling,keep
triage-pass-2,fixated,keep
triage-pass-2,friars,keep
triage-pass-2,gasped,keep
triage-pass-2,geeky,keep
triage-pass-2,goings,keep
triage-pass-2,gratis,keep
triage-pass-2,gratuitous,keep
triage-pass-2,haggard,keep
triage-pass-2,headings,keep
triage-pass-2,headliner,keep
triage-pass-2,honeycomb,keep
triage-pass-2,hooligans,keep
triage-pass-2,hopelessness,keep
triage-pass-2,householder,keep
triage-pass-2,hubris,keep
triage-pass-2,hurrah,keep
triage-pass-2,hysterically,keep
triage-pass-2,idealized,keep
triage-pass-2,immerse,keep
triage-pass-2,immortals,keep
triage-pass-2,impassioned,keep
triage-pass-2,indemnity,keep
triage-pass-2,installer,keep
triage-pass-2,kiddie,keep
triage-pass-2,kindest,keep
triage-pass-2,lapsed,keep
triage-pass-2,latitudes,keep
triage-pass-2,lures,keep
triage-pass-2,mailer,keep
triage-pass-2,mangled,keep
triage-pass-2,mausoleum,keep
triage-pass-2,melodramatic,keep
triage-pass-2,messaged,keep
triage-pass-2,metallurgy,keep
triage-pass-2,misc,ditch
triage-pass-2,mugged,keep
triage-pass-2,mull,keep
triage-pass-2,mushy,keep
triage-pass-2,newsletters,keep
triage-pass-2,novices,keep
triage-pass-2,nursed,keep
triage-pass-2,ocular,keep
triage-pass-2,ontology,keep
triage-pass-2,oratory,keep
triage-pass-2,orbiter,keep
triage-pass-2,origami,keep
triage-pass-2,orthopaedic,keep
triage-pass-2,oust,keep
triage-pass-2,ovary,keep
triage-pass-2,oxides,keep
triage-pass-2,perceives,keep
triage-pass-2,picturing,keep
triage-pass-2,pituitary,keep
triage-pass-2,plumage,keep
triage-pass-2,poachers,keep
triage-pass-2,poof,keep
triage-pass-2,possum,keep
triage-pass-2,potted,keep
triage-pass-2,premeditated,keep
triage-pass-2,preset,keep
triage-pass-2,profess,keep
triage-pass-2,purging,keep
triage-pass-2,raiser,keep
triage-pass-2,ratify,keep
triage-pass-2,rearranged,keep
triage-pass-2,reassigned,keep
triage-pass-2,recast,keep
triage-pass-2,recombinant,keep
triage-pass-2,refreshment,keep
triage-pass-2,rehearse,keep
triage-pass-2,remakes,keep
triage-pass-2,repellent,keep
triage-pass-2,reproach,keep
triage-pass-2,repurchase,keep
triage-pass-2,rescuers,keep
triage-pass-2,resins,keep
triage-pass-2,retractable,keep
triage-pass-2,retweeted,keep
triage-pass-2,reunions,keep
triage-pass-2,runny,keep
triage-pass-2,saddled,keep
triage-pass-2,saith,ditch
triage-pass-2,sander,keep
triage-pass-2,scorecard,keep
triage-pass-2,scrutinized,keep
triage-pass-2,scumbags,keep
triage-pass-2,seabed,keep
triage-pass-2,seamen,keep
triage-pass-2,senna,ditch
triage-pass-2,serenade,keep
triage-pass-2,sideshow,keep
triage-pass-2,silos,keep
triage-pass-2,simba,ditch
triage-pass-2,skimmed,keep
triage-pass-2,skirmishes,keep
triage-pass-2,slideshow,keep
triage-pass-2,smurfs,ditch
triage-pass-2,sociologists,keep
triage-pass-2,sparrows,keep
triage-pass-2,speculators,keep
triage-pass-2,splurge,keep
triage-pass-2,spotty,keep
triage-pass-2,springing,keep
triage-pass-2,stabilizer,keep
triage-pass-2,stereotyping,keep
triage-pass-2,stimulants,keep
triage-pass-2,struts,keep
triage-pass-2,sufferer,keep
triage-pass-2,suppressor,keep
triage-pass-2,sycamore,keep
triage-pass-2,synthesize,keep
triage-pass-2,tabled,keep
triage-pass-2,tacit,keep
triage-pass-2,takeout,keep
triage-pass-2,tangerine,keep
triage-pass-2,taro,keep
triage-pass-2,teeming,keep
triage-pass-2,terrors,keep
triage-pass-2,tethered,keep
triage-pass-2,thefts,keep
triage-pass-2,thrusting,keep
triage-pass-2,tonnage,keep
triage-pass-2,torrents,keep
triage-pass-2,totes,keep
triage-pass-2,typhoid,keep
triage-pass-2,unclaimed,keep
triage-pass-2,unofficially,keep
triage-pass-2,unopened,keep
triage-pass-2,untapped,keep
triage-pass-2,upholstery,keep
triage-pass-2,veracity,keep
triage-pass-2,verifiable,keep
triage-pass-2,vide,ditch
triage-pass-2,viscous,keep
triage-pass-2,vitally,keep
triage-pass-2,wank,keep
triage-pass-2,whims,keep
triage-pass-2,whitey,ditch
triage-pass-2,windfall,keep
triage-pass-2,workday,keep
triage-pass-2,wreak,keep
triage-pass-2,yous,ditch
triage-pass-2,aerodynamics,keep
triage-pass-2,amiss,keep
triage-pass-2,amphetamine,keep
triage-pass-2,amputated,keep
triage-pass-2,anaesthetic,keep
triage-pass-2,analogies,keep
triage-pass-2,animator,keep
triage-pass-2,aqueduct,keep
triage-pass-2,assesses,keep
triage-pass-2,attributing,keep
triage-pass-2,audiovisual,keep
triage-pass-2,awry,keep
triage-pass-2,bask,keep
triage-pass-2,befriend,keep
triage-pass-2,bragged,keep
triage-pass-2,brainwashing,keep
triage-pass-2,bribing,keep
triage-pass-2,bristles,keep
triage-pass-2,bueno,ditch
triage-pass-2,busier,keep
triage-pass-2,captained,keep
triage-pass-2,chiropractic,keep
triage-pass-2,chopsticks,keep
triage-pass-2,citizenry,keep
triage-pass-2,clumps,keep
triage-pass-2,cocked,keep
triage-pass-2,colloquial,keep
triage-pass-2,combed,keep
triage-pass-2,commas,keep
triage-pass-2,confidant,keep
triage-pass-2,confiscate,keep
triage-pass-2,controllable,keep
triage-pass-2,conversing,keep
triage-pass-2,copped,keep
triage-pass-2,cornea,keep
triage-pass-2,crumpled,keep
triage-pass-2,cuter,keep
triage-pass-2,deflation,keep
triage-pass-2,demeaning,keep
triage-pass-2,dengue,keep
triage-pass-2,denials,keep
triage-pass-2,dermatology,keep
triage-pass-2,detachable,keep
triage-pass-2,devotee,keep
triage-pass-2,dictating,keep
triage-pass-2,diggers,keep
triage-pass-2,dimes,keep
triage-pass-2,disfigured,keep
triage-pass-2,disguises,keep
triage-pass-2,disprove,keep
triage-pass-2,disrespected,keep
triage-pass-2,divulge,keep
triage-pass-2,docile,keep
triage-pass-2,doctrinal,keep
triage-pass-2,dogmatic,keep
triage-pass-2,droves,keep
triage-pass-2,drunks,keep
triage-pass-2,dryness,keep
triage-pass-2,dyeing,keep
triage-pass-2,eases,keep
triage-pass-2,echelon,keep
triage-pass-2,edifice,keep
triage-pass-2,embossed,keep
triage-pass-2,encircled,keep
triage-pass-2,endpoint,keep
triage-pass-2,entailed,keep
triage-pass-2,ethyl,keep
triage-pass-2,everglades,ditch
triage-pass-2,excels,keep
triage-pass-2,expatriate,keep
triage-pass-2,expats,keep
triage-pass-2,expertly,keep
triage-pass-2,facelift,keep
triage-pass-2,fairway,keep
triage-pass-2,fanboy,keep
triage-pass-2,farrow,keep
triage-pass-2,fireplaces,keep
triage-pass-2,fishers,keep
triage-pass-2,flamenco,keep
triage-pass-2,floored,keep
triage-pass-2,flustered,keep
triage-pass-2,follicles,keep
triage-pass-2,formalities,keep
triage-pass-2,friendliness,keep
triage-pass-2,gagging,keep
triage-pass-2,galloping,keep
triage-pass-2,gaseous,keep
triage-pass-2,glows,keep
triage-pass-2,gradients,keep
triage-pass-2,grads,keep
triage-pass-2,grits,keep
triage-pass-2,groans,keep
triage-pass-2,grueling,keep
triage-pass-2,guardianship,keep
triage-pass-2,gulp,keep
triage-pass-2,gypsum,keep
triage-pass-2,hasten,keep
triage-pass-2,heady,keep
triage-pass-2,healers,keep
triage-pass-2,hindering,keep
triage-pass-2,homesick,keep
triage-pass-2,hotly,keep
triage-pass-2,humanly,keep
triage-pass-2,husbandry,keep
triage-pass-2,hushed,keep
triage-pass-2,hyperbole,keep
triage-pass-2,ibuprofen,keep
triage-pass-2,identifiers,keep
triage-pass-2,idly,keep
triage-pass-2,immigrated,keep
triage-pass-2,immobile,keep
triage-pass-2,impair,keep
triage-pass-2,irradiated,keep
triage-pass-2,kinetics,keep
triage-pass-2,layman,keep
triage-pass-2,layup,keep
triage-pass-2,libra,ditch
triage-pass-2,macabre,keep
triage-pass-2,mackintosh,keep
triage-pass-2,medicated,keep
triage-pass-2,memento,keep
triage-pass-2,midwifery,keep
triage-pass-2,milieu,keep
triage-pass-2,mistresses,keep
triage-pass-2,monsignor,keep
triage-pass-2,moonshine,keep
triage-pass-2,multitasking,keep
triage-pass-2,mutt,keep
triage-pass-2,myocardial,keep
triage-pass-2,nachos,keep
triage-pass-2,naturalistic,keep
triage-pass-2,nepotism,keep
triage-pass-2,normality,keep
triage-pass-2,oblong,keep
triage-pass-2,operatic,keep
triage-pass-2,orca,keep
triage-pass-2,overcomes,keep
triage-pass-2,overseer,keep
triage-pass-2,overstated,keep
triage-pass-2,paddling,keep
triage-pass-2,painstaking,keep
triage-pass-2,pall,keep
triage-pass-2,panelists,keep
triage-pass-2,parodies,keep
triage-pass-2,patchy,keep
triage-pass-2,pecan,keep
triage-pass-2,perceptual,keep
triage-pass-2,pimples,keep
triage-pass-2,pings,keep
triage-pass-2,pips,keep
triage-pass-2,plowed,keep
triage-pass-2,politeness,keep
triage-pass-2,pomegranate,keep
triage-pass-2,porters,keep
triage-pass-2,potholes,keep
triage-pass-2,pregame,keep
triage-pass-2,promiscuous,keep
triage-pass-2,proudest,keep
triage-pass-2,psychopaths,keep
triage-pass-2,pusher,keep
triage-pass-2,refueling,keep
triage-pass-2,reprimanded,keep
triage-pass-2,resell,keep
triage-pass-2,reserving,keep
triage-pass-2,revocation,keep
triage-pass-2,roadblocks,keep
triage-pass-2,rusted,keep
triage-pass-2,sacraments,keep
triage-pass-2,sagging,keep
triage-pass-2,sardines,keep
triage-pass-2,scalable,keep
triage-pass-2,scalar,keep
triage-pass-2,scrapbook,keep
triage-pass-2,selectors,keep
triage-pass-2,sensibly,keep
triage-pass-2,separator,keep
triage-pass-2,shoal,keep
triage-pass-2,sledgehammer,keep
triage-pass-2,sleeved,keep
triage-pass-2,smartly,keep
triage-pass-2,smite,keep
triage-pass-2,sniping,keep
triage-pass-2,solicited,keep
triage-pass-2,somatic,keep
triage-pass-2,steeply,keep
triage-pass-2,stingray,keep
triage-pass-2,subcontinent,keep
triage-pass-2,subsets,keep
triage-pass-2,subsidize,keep
triage-pass-2,substation,keep
triage-pass-2,sufferings,keep
triage-pass-2,swarms,keep
triage-pass-2,symbiotic,keep
triage-pass-2,tantamount,keep
triage-pass-2,teaspoons,keep
triage-pass-2,thereto,keep
triage-pass-2,thorny,keep
triage-pass-2,tickling,keep
triage-pass-2,tortillas,keep
triage-pass-2,tosses,keep
triage-pass-2,traversed,keep
triage-pass-2,trifle,keep
triage-pass-2,twine,keep
triage-pass-2,twink,keep
triage-pass-2,unfulfilled,keep
triage-pass-2,unjustly,keep
triage-pass-2,unoccupied,keep
triage-pass-2,venous,keep
triage-pass-2,ventricular,keep
triage-pass-2,viciously,keep
triage-pass-2,vindication,keep
triage-pass-2,violins,keep
triage-pass-2,vive,ditch
triage-pass-2,wedded,keep
triage-pass-2,whiter,keep
triage-pass-2,wickedness,keep
triage-pass-2,worksheet,keep
triage-pass-2,wrappers,keep
triage-pass-2,yarns,keep
triage-pass-2,abysmal,keep
triage-pass-2,adores,keep
triage-pass-2,antigens,keep
triage-pass-2,aorta,keep
triage-pass-2,apostasy,keep
triage-pass-2,argyll,ditch
triage-pass-2,artistically,keep
triage-pass-2,ashram,keep
triage-pass-2,attentions,keep
triage-pass-2,avocados,keep
triage-pass-2,ayatollah,keep
triage-pass-2,battlefields,keep
triage-pass-2,beret,keep
triage-pass-2,bogey,keep
triage-pass-2,bolsheviks,ditch
triage-pass-2,bookshelf,keep
triage-pass-2,boron,keep
triage-pass-2,bronchitis,keep
triage-pass-2,brotherly,keep
triage-pass-2,buffering,keep
triage-pass-2,bugle,keep
triage-pass-2,bumblebee,keep
triage-pass-2,busters,keep
triage-pass-2,butters,keep
triage-pass-2,canvases,keep
triage-pass-2,casings,keep
triage-pass-2,catchers,keep
triage-pass-2,catechism,keep
triage-pass-2,categorize,keep
triage-pass-2,cathedrals,keep
triage-pass-2,causality,keep
triage-pass-2,chandeliers,keep
triage-pass-2,chatty,keep
triage-pass-2,chokes,keep
triage-pass-2,christened,keep
triage-pass-2,chug,keep
triage-pass-2,churchyard,keep
triage-pass-2,clapper,keep
triage-pass-2,clarion,keep
triage-pass-2,coffers,keep
triage-pass-2,cognac,keep
triage-pass-2,combatant,keep
triage-pass-2,commie,keep
triage-pass-2,compels,keep
triage-pass-2,compilations,keep
triage-pass-2,concealer,keep
triage-pass-2,concealment,keep
triage-pass-2,concentric,keep
triage-pass-2,conceptually,keep
triage-pass-2,confine,keep
triage-pass-2,congregate,keep
triage-pass-2,constructor,keep
triage-pass-2,coolers,keep
triage-pass-2,copycat,keep
triage-pass-2,corroborate,keep
triage-pass-2,corroborated,keep
triage-pass-2,cred,keep
triage-pass-2,curd,keep
triage-pass-2,cursory,keep
triage-pass-2,dangle,keep
triage-pass-2,dearth,keep
triage-pass-2,delinquency,keep
triage-pass-2,denominated,keep
triage-pass-2,disservice,keep
triage-pass-2,distaste,keep
triage-pass-2,dost,ditch
triage-pass-2,dribbling,keep
triage-pass-2,dwindled,keep
triage-pass-2,ejaculation,keep
triage-pass-2,enveloped,keep
triage-pass-2,epileptic,keep
triage-pass-2,erasure,keep
triage-pass-2,euphemism,keep
triage-pass-2,exacerbate,keep
triage-pass-2,exemplifies,keep
triage-pass-2,exonerated,keep
triage-pass-2,exquisitely,keep
triage-pass-2,extinguisher,keep
triage-pass-2,facilitation,keep
triage-pass-2,falsehood,keep
triage-pass-2,falsified,keep
triage-pass-2,fantasia,keep
triage-pass-2,fertilized,keep
triage-pass-2,firefighting,keep
triage-pass-2,firestorm,keep
triage-pass-2,flange,keep
triage-pass-2,flaunt,keep
triage-pass-2,flawlessly,keep
triage-pass-2,flier,keep
triage-pass-2,flinch,keep
triage-pass-2,forefathers,keep
triage-pass-2,freehold,keep
triage-pass-2,frisk,keep
triage-pass-2,fulfills,keep
triage-pass-2,gables,keep
triage-pass-2,gasps,keep
triage-pass-2,girth,keep
triage-pass-2,goalscorer,keep
triage-pass-2,godmother,keep
triage-pass-2,governorship,keep
triage-pass-2,grunts,keep
triage-pass-2,hallmarks,keep
triage-pass-2,hellish,keep
triage-pass-2,hemoglobin,keep
triage-pass-2,hermitage,keep
triage-pass-2,hierarchies,keep
triage-pass-2,hooves,keep
triage-pass-2,hourglass,keep
triage-pass-2,hygienic,keep
triage-pass-2,idiocy,keep
triage-pass-2,imitated,keep
triage-pass-2,impersonal,keep
triage-pass-2,impregnated,keep
triage-pass-2,incontinence,keep
triage-pass-2,inhaler,keep
triage-pass-2,injures,keep
triage-pass-2,intersex,keep
triage-pass-2,intricacies,keep
triage-pass-2,ironed,keep
triage-pass-2,lacquer,keep
triage-pass-2,laments,keep
triage-pass-2,lapses,keep
triage-pass-2,levelling,keep
triage-pass-2,linemen,keep
triage-pass-2,lipsticks,keep
triage-pass-2,liquefied,keep
triage-pass-2,loaves,keep
triage-pass-2,maidens,keep
triage-pass-2,malevolent,keep
triage-pass-2,martyred,keep
triage-pass-2,masterclass,keep
triage-pass-2,mated,keep
triage-pass-2,matrimony,keep
triage-pass-2,matures,keep
triage-pass-2,mechanized,keep
triage-pass-2,mending,keep
triage-pass-2,mercilessly,keep
triage-pass-2,midweek,keep
triage-pass-2,minefield,keep
triage-pass-2,murmur,keep
triage-pass-2,musings,keep
triage-pass-2,narrating,keep
triage-pass-2,necrosis,keep
triage-pass-2,notches,keep
triage-pass-2,onerous,keep
triage-pass-2,onsite,keep
triage-pass-2,orientations,keep
triage-pass-2,outsource,keep
triage-pass-2,overtones,keep
triage-pass-2,pained,keep
triage-pass-2,paradigms,keep
triage-pass-2,pardons,keep
triage-pass-2,patching,keep
triage-pass-2,peeping,keep
triage-pass-2,permeability,keep
triage-pass-2,plumb,keep
triage-pass-2,plumes,keep
triage-pass-2,plunger,keep
triage-pass-2,pokes,keep
triage-pass-2,presto,keep
triage-pass-2,priestly,keep
triage-pass-2,printable,keep
triage-pass-2,procuring,keep
triage-pass-2,prodigal,keep
triage-pass-2,prodigious,keep
triage-pass-2,propellant,keep
triage-pass-2,pulley,keep
triage-pass-2,raccoons,keep
triage-pass-2,reappeared,keep
triage-pass-2,recaptured,keep
triage-pass-2,rechargeable,keep
triage-pass-2,recluse,keep
triage-pass-2,rectified,keep
triage-pass-2,refinance,keep
triage-pass-2,reformist,keep
triage-pass-2,refresher,keep
triage-pass-2,relaxes,keep
triage-pass-2,remodel,keep
triage-pass-2,replaceable,keep
triage-pass-2,reschedule,keep
triage-pass-2,restarting,keep
triage-pass-2,retroactive,keep
triage-pass-2,reverb,keep
triage-pass-2,revisionist,keep
triage-pass-2,ribbed,keep
triage-pass-2,robs,keep
triage-pass-2,sabotaged,keep
triage-pass-2,sages,keep
triage-pass-2,saskatoon,ditch
triage-pass-2,schoolhouse,keep
triage-pass-2,seashore,keep
triage-pass-2,seclusion,keep
triage-pass-2,selenium,keep
triage-pass-2,setups,keep
triage-pass-2,shuttles,keep
triage-pass-2,signatory,keep
triage-pass-2,siphon,keep
triage-pass-2,slasher,keep
triage-pass-2,slimming,keep
triage-pass-2,snagged,keep
triage-pass-2,soulmate,keep
triage-pass-2,spangled,keep
triage-pass-2,spiteful,keep
triage-pass-2,splashes,keep
triage-pass-2,sporadically,keep
triage-pass-2,stifled,keep
triage-pass-2,stinger,keep
triage-pass-2,stipulation,keep
triage-pass-2,stubbornly,keep
triage-pass-2,subtropical,keep
triage-pass-2,sulfide,keep
triage-pass-2,summation,keep
triage-pass-2,superimposed,keep
triage-pass-2,surfacing,keep
triage-pass-2,tableau,keep
triage-pass-2,taming,keep
triage-pass-2,taxa,keep
triage-pass-2,techs,keep
triage-pass-2,tiredness,keep
triage-pass-2,toppled,keep
triage-pass-2,trajectories,keep
triage-pass-2,trotter,keep
triage-pass-2,truest,keep
triage-pass-2,underpants,keep
triage-pass-2,underscores,keep
triage-pass-2,unimpressed,keep
triage-pass-2,unreasonably,keep
triage-pass-2,unrelenting,keep
triage-pass-2,unsupervised,keep
triage-pass-2,vassal,keep
triage-pass-2,vegetative,keep
triage-pass-2,vying,keep
triage-pass-2,warranties,keep
triage-pass-2,washers,keep
triage-pass-2,weirdness,keep
triage-pass-2,wheelchairs,keep
triage-pass-2,withered,keep
triage-pass-2,woefully,keep
triage-pass-2,workmen,keep
triage-pass-2,wrangler,keep
triage-pass-2,abrasion,keep
triage-pass-2,accrue,keep
triage-pass-2,acumen,keep
triage-pass-2,admirably,keep
triage-pass-2,allele,keep
triage-pass-2,alumnus,keep
triage-pass-2,angers,keep
triage-pass-2,applauding,keep
triage-pass-2,approachable,keep
triage-pass-2,asexual,keep
triage-pass-2,auditioned,keep
triage-pass-2,automata,keep
triage-pass-2,babel,keep
triage-pass-2,balding,keep
triage-pass-2,ballon,ditch
triage-pass-2,banding,keep
triage-pass-2,bannister,keep
triage-pass-2,bellies,keep
triage-pass-2,beryl,keep
triage-pass-2,blackbird,keep
triage-pass-2,bleachers,keep
triage-pass-2,bluebird,keep
triage-pass-2,blunders,keep
triage-pass-2,brats,keep
triage-pass-2,breech,keep
triage-pass-2,breezes,keep
triage-pass-2,buttery,keep
triage-pass-2,caliph,keep
triage-pass-2,cameos,keep
triage-pass-2,celiac,keep
triage-pass-2,celibacy,keep
triage-pass-2,chancery,keep
triage-pass-2,chromatic,keep
triage-pass-2,clamping,keep
triage-pass-2,clashing,keep
triage-pass-2,clenched,keep
triage-pass-2,clogging,keep
triage-pass-2,clove,keep
triage-pass-2,columbine,keep
triage-pass-2,commemorated,keep
triage-pass-2,converged,keep
triage-pass-2,countenance,keep
triage-pass-2,crackling,keep
triage-pass-2,crawls,keep
triage-pass-2,crouching,keep
triage-pass-2,cryptography,keep
triage-pass-2,cysts,keep
triage-pass-2,damping,keep
triage-pass-2,dapper,keep
triage-pass-2,deathly,keep
triage-pass-2,defection,keep
triage-pass-2,delightfully,keep
triage-pass-2,dermatitis,keep
triage-pass-2,desiring,keep
triage-pass-2,determinants,keep
triage-pass-2,devaluation,keep
triage-pass-2,dictatorial,keep
triage-pass-2,digitized,keep
triage-pass-2,dispensaries,keep
triage-pass-2,dissected,keep
triage-pass-2,dist,ditch
triage-pass-2,diversions,keep
triage-pass-2,downplay,keep
triage-pass-2,drapes,keep
triage-pass-2,dynamical,keep
triage-pass-2,elicited,keep
triage-pass-2,eluded,keep
triage-pass-2,encapsulated,keep
triage-pass-2,enquire,keep
triage-pass-2,ensue,keep
triage-pass-2,environs,keep
triage-pass-2,epics,keep
triage-pass-2,errant,keep
triage-pass-2,esophagus,keep
triage-pass-2,ethylene,keep
triage-pass-2,evaded,keep
triage-pass-2,exterminate,keep
triage-pass-2,eyewitnesses,keep
triage-pass-2,flatly,keep
triage-pass-2,flicked,keep
triage-pass-2,flocked,keep
triage-pass-2,fluently,keep
triage-pass-2,forsake,keep
triage-pass-2,fusing,keep
triage-pass-2,gecko,keep
triage-pass-2,generalize,keep
triage-pass-2,giraffes,keep
triage-pass-2,gondola,keep
triage-pass-2,grained,keep
triage-pass-2,grandmaster,keep
triage-pass-2,grills,keep
triage-pass-2,grudges,keep
triage-pass-2,guacamole,keep
triage-pass-2,handcrafted,keep
triage-pass-2,harbinger,keep
triage-pass-2,harnessed,keep
triage-pass-2,harvests,keep
triage-pass-2,heartily,keep
triage-pass-2,helplessness,keep
triage-pass-2,helpline,keep
triage-pass-2,henchman,keep
triage-pass-2,hiccup,keep
triage-pass-2,hurl,keep
triage-pass-2,hydroxide,keep
triage-pass-2,imbued,keep
triage-pass-2,impartiality,keep
triage-pass-2,incessantly,keep
triage-pass-2,inertial,keep
triage-pass-2,intentioned,keep
triage-pass-2,introvert,keep
triage-pass-2,invades,keep
triage-pass-2,invocation,keep
triage-pass-2,irreparable,keep
triage-pass-2,issuers,keep
triage-pass-2,journeyman,keep
triage-pass-2,kitchener,ditch
triage-pass-2,lactic,keep
triage-pass-2,larval,keep
triage-pass-2,laterally,keep
triage-pass-2,lathe,keep
triage-pass-2,lawlessness,keep
triage-pass-2,leopards,keep
triage-pass-2,liberally,keep
triage-pass-2,lopsided,keep
triage-pass-2,lowlands,keep
triage-pass-2,lunacy,keep
triage-pass-2,magi,keep
triage-pass-2,mantel,keep
triage-pass-2,mayday,keep
triage-pass-2,melons,keep
triage-pass-2,melton,ditch
triage-pass-2,merges,keep
triage-pass-2,meteors,keep
triage-pass-2,misinformed,keep
triage-pass-2,morphed,keep
triage-pass-2,mumble,keep
triage-pass-2,mummies,keep
triage-pass-2,musketeers,keep
triage-pass-2,nonpartisan,keep
triage-pass-2,noxious,keep
triage-pass-2,nucleic,keep
triage-pass-2,oaths,keep
triage-pass-2,octagon,keep
triage-pass-2,offsets,keep
triage-pass-2,oligarchs,keep
triage-pass-2,opulent,keep
triage-pass-2,ordinate,ditch
triage-pass-2,organist,keep
triage-pass-2,outed,keep
triage-pass-2,outstretched,keep
triage-pass-2,overbearing,keep
triage-pass-2,patting,keep
triage-pass-2,pectoral,keep
triage-pass-2,perplexing,keep
triage-pass-2,personified,keep
triage-pass-2,plummeted,keep
triage-pass-2,preexisting,keep
triage-pass-2,prepped,keep
triage-pass-2,primrose,keep
triage-pass-2,prohibitions,keep
triage-pass-2,psyched,keep
triage-pass-2,puddles,keep
triage-pass-2,pulsating,keep
triage-pass-2,pungent,keep
triage-pass-2,putter,keep
triage-pass-2,ranches,keep
triage-pass-2,recessive,keep
triage-pass-2,reclining,keep
triage-pass-2,reeve,ditch
triage-pass-2,refinancing,keep
triage-pass-2,relativistic,keep
triage-pass-2,relaunch,keep
triage-pass-2,reloaded,keep
triage-pass-2,remand,keep
triage-pass-2,replete,keep
triage-pass-2,repugnant,keep
triage-pass-2,ringed,keep
triage-pass-2,roaches,keep
triage-pass-2,roamed,keep
triage-pass-2,roars,keep
triage-pass-2,rote,keep
triage-pass-2,rotors,keep
triage-pass-2,rudeness,keep
triage-pass-2,ruffled,keep
triage-pass-2,sandal,keep
triage-pass-2,scat,keep
triage-pass-2,scissor,keep
triage-pass-2,seaport,keep
triage-pass-2,sellout,keep
triage-pass-2,shakers,keep
triage-pass-2,sharpest,keep
triage-pass-2,simulators,keep
triage-pass-2,sixes,keep
triage-pass-2,skilful,keep
triage-pass-2,snot,keep
triage-pass-2,sodas,keep
triage-pass-2,spilt,keep
triage-pass-2,spineless,keep
triage-pass-2,spirals,keep
triage-pass-2,stairwell,keep
triage-pass-2,stalwart,keep
triage-pass-2,steeper,keep
triage-pass-2,stomped,keep
triage-pass-2,stooges,keep
triage-pass-2,subtraction,keep
triage-pass-2,summing,keep
triage-pass-2,sutra,keep
triage-pass-2,swiped,keep
triage-pass-2,synagogues,keep
triage-pass-2,tartan,keep
triage-pass-2,taut,keep
triage-pass-2,teapot,keep
triage-pass-2,telephoned,keep
triage-pass-2,theorems,keep
triage-pass-2,therefor,ditch
triage-pass-2,thoroughfare,keep
triage-pass-2,threading,keep
triage-pass-2,traversing,keep
triage-pass-2,triumphed,keep
triage-pass-2,tuner,keep
triage-pass-2,undervalued,keep
triage-pass-2,undying,keep
triage-pass-2,unequivocal,keep
triage-pass-2,uneventful,keep
triage-pass-2,unfathomable,keep
triage-pass-2,ungodly,keep
triage-pass-2,unprofitable,keep
triage-pass-2,unreported,keep
triage-pass-2,unsung,keep
triage-pass-2,vaginas,keep
triage-pass-2,vanquished,keep
triage-pass-2,velocities,keep
triage-pass-2,waterman,ditch
triage-pass-2,wetter,keep
triage-pass-2,windscreen,keep
triage-pass-2,wormhole,keep
triage-pass-2,yellows,keep
triage-pass-2,zooming,keep
triage-pass-2,accented,keep
triage-pass-2,adonis,keep
triage-pass-2,aggrieved,keep
triage-pass-2,albatross,keep
triage-pass-2,allusions,keep
triage-pass-2,androids,keep
triage-pass-2,antivirus,keep
triage-pass-2,aquifer,keep
triage-pass-2,arouse,keep
triage-pass-2,arranges,keep
triage-pass-2,assemblyman,keep
triage-pass-2,autocratic,keep
triage-pass-2,autographed,keep
triage-pass-2,bakeries,keep
triage-pass-2,basements,keep
triage-pass-2,bereaved,keep
triage-pass-2,bindings,keep
triage-pass-2,blackouts,keep
triage-pass-2,blossomed,keep
triage-pass-2,blossoming,keep
triage-pass-2,blowers,keep
triage-pass-2,boldness,keep
triage-pass-2,bolstered,keep
triage-pass-2,bookseller,keep
triage-pass-2,borrows,keep
triage-pass-2,brant,ditch
triage-pass-2,breakage,keep
triage-pass-2,capitulation,keep
triage-pass-2,cardiologist,keep
triage-pass-2,carelessly,keep
triage-pass-2,carotid,keep
triage-pass-2,chaplains,keep
triage-pass-2,charade,keep
triage-pass-2,chimps,keep
triage-pass-2,chinook,keep
triage-pass-2,coconuts,keep
triage-pass-2,coed,keep
triage-pass-2,coexistence,keep
triage-pass-2,coiled,keep
triage-pass-2,compatriots,keep
triage-pass-2,concourse,keep
triage-pass-2,confide,keep
triage-pass-2,converging,keep
triage-pass-2,corning,ditch
triage-pass-2,countryman,keep
triage-pass-2,cramping,keep
triage-pass-2,craved,keep
triage-pass-2,craves,keep
triage-pass-2,crutch,keep
triage-pass-2,cupboards,keep
triage-pass-2,cursive,keep
triage-pass-2,cutout,keep
triage-pass-2,daisies,keep
triage-pass-2,dandelion,keep
triage-pass-2,deafness,keep
triage-pass-2,decals,keep
triage-pass-2,declassified,keep
triage-pass-2,deflated,keep
triage-pass-2,demonstrator,keep
triage-pass-2,denoting,keep
triage-pass-2,destruct,keep
triage-pass-2,determinant,keep
triage-pass-2,deterred,keep
triage-pass-2,devouring,keep
triage-pass-2,disagreeing,keep
triage-pass-2,disengage,keep
triage-pass-2,disoriented,keep
triage-pass-2,displacing,keep
triage-pass-2,dissect,keep
triage-pass-2,drywall,keep
triage-pass-2,eagerness,keep
triage-pass-2,elliptic,keep
triage-pass-2,emitter,keep
triage-pass-2,emporium,keep
triage-pass-2,empties,keep
triage-pass-2,epicenter,keep
triage-pass-2,epidural,keep
triage-pass-2,epistle,keep
triage-pass-2,equating,keep
triage-pass-2,erstwhile,keep
triage-pass-2,espoused,keep
triage-pass-2,exertion,keep
triage-pass-2,expend,keep
triage-pass-2,facilitator,keep
triage-pass-2,fathered,keep
triage-pass-2,ferocity,keep
triage-pass-2,flagstaff,keep
triage-pass-2,fluidity,keep
triage-pass-2,follies,keep
triage-pass-2,fortify,keep
triage-pass-2,fouling,keep
triage-pass-2,frills,keep
triage-pass-2,gagged,keep
triage-pass-2,garret,keep
triage-pass-2,gaunt,keep
triage-pass-2,grapevine,keep
triage-pass-2,grinds,keep
triage-pass-2,groaning,keep
triage-pass-2,grotto,keep
triage-pass-2,groundhog,keep
triage-pass-2,guerilla,keep
triage-pass-2,hairless,keep
triage-pass-2,heave,keep
triage-pass-2,hellfire,keep
triage-pass-2,highlander,keep
triage-pass-2,hilt,keep
triage-pass-2,hinterland,keep
triage-pass-2,homely,keep
triage-pass-2,inbred,keep
triage-pass-2,incase,ditch
triage-pass-2,inclusions,keep
triage-pass-2,inductive,keep
triage-pass-2,infatuated,keep
triage-pass-2,infatuation,keep
triage-pass-2,infighting,keep
triage-pass-2,infra,ditch
triage-pass-2,infraction,keep
triage-pass-2,inhabiting,keep
triage-pass-2,inkling,keep
triage-pass-2,innuendo,keep
triage-pass-2,insecticide,keep
triage-pass-2,interfaith,keep
triage-pass-2,interrogate,keep
triage-pass-2,javelin,keep
triage-pass-2,knoll,keep
triage-pass-2,landlady,keep
triage-pass-2,larceny,keep
triage-pass-2,lavatory,keep
triage-pass-2,leanings,keep
triage-pass-2,ligands,ditch
triage-pass-2,lingered,keep
triage-pass-2,linings,keep
triage-pass-2,locales,keep
triage-pass-2,luminosity,keep
triage-pass-2,magpie,keep
triage-pass-2,masjid,ditch
triage-pass-2,materialized,keep
triage-pass-2,matrimonial,keep
triage-pass-2,maul,keep
triage-pass-2,meandering,keep
triage-pass-2,menstruation,keep
triage-pass-2,messianic,keep
triage-pass-2,metering,keep
triage-pass-2,minimalism,keep
triage-pass-2,misgivings,keep
triage-pass-2,misogynist,keep
triage-pass-2,modalities,keep
triage-pass-2,motels,keep
triage-pass-2,motivator,keep
triage-pass-2,mulch,keep
triage-pass-2,musket,keep
triage-pass-2,nance,ditch
triage-pass-2,nether,keep
triage-pass-2,nourish,keep
triage-pass-2,numbing,keep
triage-pass-2,nutritionist,keep
triage-pass-2,obscenity,keep
triage-pass-2,obsess,keep
triage-pass-2,onlookers,keep
triage-pass-2,orator,keep
triage-pass-2,oscillations,keep
triage-pass-2,outweighed,keep
triage-pass-2,overhauled,keep
triage-pass-2,overpaid,keep
triage-pass-2,oxen,keep
triage-pass-2,palais,ditch
triage-pass-2,papyrus,keep
triage-pass-2,patrolled,keep
triage-pass-2,patties,keep
triage-pass-2,perpetuity,keep
triage-pass-2,platelet,keep
triage-pass-2,pliers,keep
triage-pass-2,pluralism,keep
triage-pass-2,portability,keep
triage-pass-2,posturing,keep
triage-pass-2,pouches,keep
triage-pass-2,predation,keep
triage-pass-2,preheat,keep
triage-pass-2,pronouncing,keep
triage-pass-2,propagating,keep
triage-pass-2,prospered,keep
triage-pass-2,protectorate,keep
triage-pass-2,psychopathic,keep
triage-pass-2,puffed,keep
triage-pass-2,quarterfinal,keep
triage-pass-2,randomness,keep
triage-pass-2,recitation,keep
triage-pass-2,reconsidered,keep
triage-pass-2,rectal,keep
triage-pass-2,recursive,keep
triage-pass-2,reevaluate,keep
triage-pass-2,renaming,keep
triage-pass-2,reprimand,keep
triage-pass-2,rerun,keep
triage-pass-2,reverting,keep
triage-pass-2,riddance,keep
triage-pass-2,ruthlessly,keep
triage-pass-2,sakes,keep
triage-pass-2,satchel,keep
triage-pass-2,saucy,keep
triage-pass-2,sculptural,keep
triage-pass-2,septum,keep
triage-pass-2,servo,keep
triage-pass-2,shears,keep
triage-pass-2,shrank,keep
triage-pass-2,shyness,keep
triage-pass-2,slimmer,keep
triage-pass-2,snub,keep
triage-pass-2,sobering,keep
triage-pass-2,spandex,keep
triage-pass-2,spanked,keep
triage-pass-2,sparkles,keep
triage-pass-2,spew,keep
triage-pass-2,sportswear,keep
triage-pass-2,staking,keep
triage-pass-2,steakhouse,keep
triage-pass-2,steers,keep
triage-pass-2,stratosphere,keep
triage-pass-2,stucco,keep
triage-pass-2,suave,keep
triage-pass-2,succinct,keep
triage-pass-2,sweetener,keep
triage-pass-2,syncing,keep
triage-pass-2,taxonomic,keep
triage-pass-2,telltale,keep
triage-pass-2,testimonials,keep
triage-pass-2,thoughtless,keep
triage-pass-2,thrower,keep
triage-pass-2,thud,keep
triage-pass-2,tibia,keep
triage-pass-2,titular,keep
triage-pass-2,toads,keep
triage-pass-2,torrential,keep
triage-pass-2,trad,keep
triage-pass-2,trashing,keep
triage-pass-2,treading,keep
triage-pass-2,trotting,keep
triage-pass-2,tunneling,keep
triage-pass-2,valence,keep
triage-pass-2,ventilated,keep
triage-pass-2,villager,keep
triage-pass-2,virtuoso,keep
triage-pass-2,wail,keep
triage-pass-2,wedged,keep
triage-pass-2,welder,keep
triage-pass-2,wetting,keep
triage-pass-2,whitening,keep
triage-pass-2,whitewater,keep
triage-pass-2,wilds,keep
triage-pass-2,wolverines,keep
triage-pass-2,woodruff,ditch
triage-pass-2,worshiped,keep
triage-pass-2,xenon,keep
triage-pass-2,abnormality,keep
triage-pass-2,acme,keep
triage-pass-2,addendum,keep
triage-pass-2,adhesives,keep
triage-pass-2,adsorption,ditch
triage-pass-2,affront,keep
triage-pass-2,afoot,keep
triage-pass-2,alludes,keep
triage-pass-2,alms,keep
triage-pass-2,altars,keep
triage-pass-2,alternates,keep
triage-pass-2,amenable,keep
triage-pass-2,amity,keep
triage-pass-2,annotation,keep
triage-pass-2,artsy,keep
triage-pass-2,assailants,keep
triage-pass-2,asymptomatic,keep
triage-pass-2,atmospheres,keep
triage-pass-2,authorizes,keep
triage-pass-2,bearable,keep
triage-pass-2,beehive,keep
triage-pass-2,beltway,keep
triage-pass-2,biosphere,keep
triage-pass-2,bodybuilder,keep
triage-pass-2,botanist,keep
triage-pass-2,bottomed,keep
triage-pass-2,boutiques,keep
triage-pass-2,caches,keep
triage-pass-2,calmness,keep
triage-pass-2,canny,keep
triage-pass-2,cartons,keep
triage-pass-2,cassettes,keep
triage-pass-2,caveman,keep
triage-pass-2,centimeter,keep
triage-pass-2,chairwoman,keep
triage-pass-2,checkered,keep
triage-pass-2,cheekbones,keep
triage-pass-2,cilantro,keep
triage-pass-2,circumcised,keep
triage-pass-2,civics,keep
triage-pass-2,clamped,keep
triage-pass-2,claps,keep
triage-pass-2,clementine,keep
triage-pass-2,clipboard,keep
triage-pass-2,compensatory,keep
triage-pass-2,concedes,keep
triage-pass-2,conceptions,keep
triage-pass-2,confessor,keep
triage-pass-2,connoisseur,keep
triage-pass-2,convocation,keep
triage-pass-2,corrupting,keep
triage-pass-2,crosse,ditch
triage-pass-2,culpable,keep
triage-pass-2,damsel,keep
triage-pass-2,debugging,keep
triage-pass-2,deliciously,keep
triage-pass-2,dickey,keep
triage-pass-2,diocesan,keep
triage-pass-2,disputing,keep
triage-pass-2,distorting,keep
triage-pass-2,disused,keep
triage-pass-2,divination,keep
triage-pass-2,doggo,keep
triage-pass-2,downsizing,keep
triage-pass-2,drunkenness,keep
triage-pass-2,dykes,ditch
triage-pass-2,emigrate,keep
triage-pass-2,emulsion,keep
triage-pass-2,epistemology,keep
triage-pass-2,esters,keep
triage-pass-2,evacuating,keep
triage-pass-2,exorcism,keep
triage-pass-2,fabled,keep
triage-pass-2,fabricate,keep
triage-pass-2,fatherhood,keep
triage-pass-2,femoral,keep
triage-pass-2,feuds,keep
triage-pass-2,filibuster,keep
triage-pass-2,fillings,keep
triage-pass-2,finalize,keep
triage-pass-2,financiers,keep
triage-pass-2,flicking,keep
triage-pass-2,flourishes,keep
triage-pass-2,fluctuation,keep
triage-pass-2,fraudulently,keep
triage-pass-2,fumbles,keep
triage-pass-2,gander,keep
triage-pass-2,geometrical,keep
triage-pass-2,ghoul,keep
triage-pass-2,giggled,keep
triage-pass-2,gimmicks,keep
triage-pass-2,grandstand,keep
triage-pass-2,grumbling,keep
triage-pass-2,guitarists,keep
triage-pass-2,hales,ditch
triage-pass-2,heeled,keep
triage-pass-2,helms,keep
triage-pass-2,hovered,keep
triage-pass-2,hulls,keep
triage-pass-2,hydrophobic,keep
triage-pass-2,immaterial,keep
triage-pass-2,imprinted,keep
triage-pass-2,inefficiency,keep
triage-pass-2,inflationary,keep
triage-pass-2,inflexible,keep
triage-pass-2,inflow,keep
triage-pass-2,intercom,keep
triage-pass-2,intersecting,keep
triage-pass-2,intrigues,keep
triage-pass-2,invalidated,keep
triage-pass-2,inwards,keep
triage-pass-2,keyed,keep
triage-pass-2,knighthood,keep
triage-pass-2,laborer,keep
triage-pass-2,lamenting,keep
triage-pass-2,lefties,keep
triage-pass-2,lengthened,keep
triage-pass-2,lifesaving,keep
triage-pass-2,lire,ditch
triage-pass-2,machinations,keep
triage-pass-2,mangrove,keep
triage-pass-2,marmalade,keep
triage-pass-2,marseilles,ditch
triage-pass-2,masts,keep
triage-pass-2,milled,keep
triage-pass-2,moderating,keep
triage-pass-2,modifier,keep
triage-pass-2,molesting,keep
triage-pass-2,moored,keep
triage-pass-2,numbness,keep
triage-pass-2,objecting,keep
triage-pass-2,occidental,keep
triage-pass-2,oozing,keep
triage-pass-2,opiate,keep
triage-pass-2,osprey,keep
triage-pass-2,outscored,keep
triage-pass-2,overheated,keep
triage-pass-2,paddles,keep
triage-pass-2,panes,keep
triage-pass-2,patten,ditch
triage-pass-2,pelt,keep
triage-pass-2,pennant,keep
triage-pass-2,phantoms,keep
triage-pass-2,playwrights,keep
triage-pass-2,ponce,ditch
triage-pass-2,poppies,keep
triage-pass-2,praxis,keep
triage-pass-2,preaches,keep
triage-pass-2,primes,keep
triage-pass-2,priming,keep
triage-pass-2,princely,keep
triage-pass-2,profited,keep
triage-pass-2,psoriasis,keep
triage-pass-2,putty,keep
triage-pass-2,radicalism,keep
triage-pass-2,radon,keep
triage-pass-2,ramping,keep
triage-pass-2,rationalize,keep
triage-pass-2,reactivity,keep
triage-pass-2,reassignment,keep
triage-pass-2,relieves,keep
triage-pass-2,repeater,keep
triage-pass-2,reprisals,keep
triage-pass-2,reruns,keep
triage-pass-2,retardation,keep
triage-pass-2,retards,keep
triage-pass-2,retort,keep
triage-pass-2,rework,keep
triage-pass-2,reworking,keep
triage-pass-2,rudely,keep
triage-pass-2,runes,keep
triage-pass-2,saddles,keep
triage-pass-2,sanctuaries,keep
triage-pass-2,sawmill,keep
triage-pass-2,scribes,keep
triage-pass-2,sewed,keep
triage-pass-2,sheltering,keep
triage-pass-2,shogun,keep
triage-pass-2,showings,keep
triage-pass-2,shrinkage,keep
triage-pass-2,skeptic,keep
triage-pass-2,slacks,keep
triage-pass-2,sleeveless,keep
triage-pass-2,smalls,keep
triage-pass-2,smelting,keep
triage-pass-2,snowstorm,keep
triage-pass-2,socialite,keep
triage-pass-2,southerly,keep
triage-pass-2,spectrometer,keep
triage-pass-2,spouting,keep
triage-pass-2,squandered,keep
triage-pass-2,sterilized,keep
triage-pass-2,strapping,keep
triage-pass-2,stuns,keep
triage-pass-2,subspace,keep
triage-pass-2,subsurface,keep
triage-pass-2,surnames,keep
triage-pass-2,sustains,keep
triage-pass-2,sweeper,keep
triage-pass-2,swish,keep
triage-pass-2,sympathizers,keep
triage-pass-2,synced,keep
triage-pass-2,tabloids,keep
triage-pass-2,tamper,keep
triage-pass-2,tampon,keep
triage-pass-2,telephony,keep
triage-pass-2,thickened,keep
triage-pass-2,toffee,keep
triage-pass-2,tomahawk,keep
triage-pass-2,torched,keep
triage-pass-2,trappings,keep
triage-pass-2,triage,keep
triage-pass-2,ulterior,keep
triage-pass-2,unambiguous,keep
triage-pass-2,undertakings,keep
triage-pass-2,undetermined,keep
triage-pass-2,undies,keep
triage-pass-2,undulating,keep
triage-pass-2,unfettered,keep
triage-pass-2,unpacking,keep
triage-pass-2,usernames,keep
triage-pass-2,venison,keep
triage-pass-2,veranda,keep
triage-pass-2,verdicts,keep
triage-pass-2,accumulates,keep
triage-pass-2,adapts,keep
triage-pass-2,afterthought,keep
triage-pass-2,airbag,keep
triage-pass-2,airman,keep
triage-pass-2,airship,keep
triage-pass-2,aligns,keep
triage-pass-2,alligators,keep
triage-pass-2,amigos,keep
triage-pass-2,animators,keep
triage-pass-2,annihilate,keep
triage-pass-2,appointee,keep
triage-pass-2,archetypal,keep
triage-pass-2,artful,keep
triage-pass-2,ascendancy,keep
triage-pass-2,assessor,keep
triage-pass-2,asymmetry,keep
triage-pass-2,asynchronous,keep
triage-pass-2,attuned,keep
triage-pass-2,baffles,keep
triage-pass-2,banal,keep
triage-pass-2,basking,keep
triage-pass-2,befitting,keep
triage-pass-2,benched,keep
triage-pass-2,blackface,keep
triage-pass-2,bluish,keep
triage-pass-2,bombardier,keep
triage-pass-2,boned,keep
triage-pass-2,bookkeeper,keep
triage-pass-2,booting,keep
triage-pass-2,bountiful,keep
triage-pass-2,boycotts,keep
triage-pass-2,brimming,keep
triage-pass-2,bulldozer,keep
triage-pass-2,cabernet,keep
triage-pass-2,calico,keep
triage-pass-2,canoeing,keep
triage-pass-2,canvassing,keep
triage-pass-2,capillary,keep
triage-pass-2,carols,keep
triage-pass-2,categorical,keep
triage-pass-2,chariots,keep
triage-pass-2,chieftain,keep
triage-pass-2,christening,keep
triage-pass-2,cirrhosis,keep
triage-pass-2,cladding,keep
triage-pass-2,cleats,keep
triage-pass-2,clings,keep
triage-pass-2,clingy,keep
triage-pass-2,clough,ditch
triage-pass-2,codeine,keep
triage-pass-2,colitis,keep
triage-pass-2,combative,keep
triage-pass-2,conceited,keep
triage-pass-2,consecration,keep
triage-pass-2,courted,keep
triage-pass-2,cranked,keep
triage-pass-2,crested,keep
triage-pass-2,curie,ditch
triage-pass-2,cuteness,keep
triage-pass-2,daddies,keep
triage-pass-2,darken,keep
triage-pass-2,defaulted,keep
triage-pass-2,defuse,keep
triage-pass-2,depositing,keep
triage-pass-2,designating,keep
triage-pass-2,dilation,keep
triage-pass-2,directorial,keep
triage-pass-2,dishonor,keep
triage-pass-2,disintegrate,keep
triage-pass-2,disjointed,keep
triage-pass-2,disparaging,keep
triage-pass-2,dissenters,keep
triage-pass-2,divest,keep
triage-pass-2,dodo,keep
triage-pass-2,draconian,keep
triage-pass-2,drosophila,ditch
triage-pass-2,drummers,keep
triage-pass-2,duper,ditch
triage-pass-2,eerily,keep
triage-pass-2,embers,keep
triage-pass-2,emotive,keep
triage-pass-2,empirically,keep
triage-pass-2,enforces,keep
triage-pass-2,entanglement,keep
triage-pass-2,epsilon,keep
triage-pass-2,federations,keep
triage-pass-2,firefight,keep
triage-pass-2,firestone,ditch
triage-pass-2,firstborn,keep
triage-pass-2,flees,keep
triage-pass-2,flowery,keep
triage-pass-2,gens,ditch
triage-pass-2,glutamate,keep
triage-pass-2,goblet,keep
triage-pass-2,greased,keep
triage-pass-2,gyro,keep
triage-pass-2,handsomely,keep
triage-pass-2,hapless,keep
triage-pass-2,harnessing,keep
triage-pass-2,hidalgo,ditch
triage-pass-2,hissing,keep
triage-pass-2,hitched,keep
triage-pass-2,humanistic,keep
triage-pass-2,hurray,keep
triage-pass-2,iconography,keep
triage-pass-2,impervious,keep
triage-pass-2,implausible,keep
triage-pass-2,imposter,keep
triage-pass-2,incurring,keep
triage-pass-2,infidels,keep
triage-pass-2,inflection,keep
triage-pass-2,innocently,keep
triage-pass-2,inroads,keep
triage-pass-2,intractable,keep
triage-pass-2,kilt,keep
triage-pass-2,landscaped,keep
triage-pass-2,lifesaver,keep
triage-pass-2,litany,keep
triage-pass-2,locket,keep
triage-pass-2,locomotion,keep
triage-pass-2,lounging,keep
triage-pass-2,mailman,keep
triage-pass-2,marksman,keep
triage-pass-2,maroons,keep
triage-pass-2,maven,keep
triage-pass-2,milliseconds,keep
triage-pass-2,minimizes,keep
triage-pass-2,mittens,keep
triage-pass-2,mourned,keep
triage-pass-2,mourners,keep
triage-pass-2,munching,keep
triage-pass-2,nappy,keep
triage-pass-2,neanderthals,keep
triage-pass-2,nears,keep
triage-pass-2,neuter,keep
triage-pass-2,newlyweds,keep
triage-pass-2,omitting,keep
triage-pass-2,opinionated,keep
triage-pass-2,oppress,keep
triage-pass-2,originator,keep
triage-pass-2,outfitters,keep
triage-pass-2,overthrew,keep
triage-pass-2,panhandle,keep
triage-pass-2,paradoxical,keep
triage-pass-2,parched,keep
triage-pass-2,passageway,keep
triage-pass-2,pasty,keep
triage-pass-2,pate,keep
triage-pass-2,patently,keep
triage-pass-2,pecking,keep
triage-pass-2,pertain,keep
triage-pass-2,pesto,keep
triage-pass-2,plowing,keep
triage-pass-2,polity,keep
triage-pass-2,pooped,keep
triage-pass-2,porcupine,keep
triage-pass-2,prides,keep
triage-pass-2,primacy,keep
triage-pass-2,prioritized,keep
triage-pass-2,prioritizing,keep
triage-pass-2,probed,keep
triage-pass-2,psychosocial,keep
triage-pass-2,radiological,keep
triage-pass-2,rafts,keep
triage-pass-2,reagent,keep
triage-pass-2,reckons,keep
triage-pass-2,rectory,keep
triage-pass-2,referendums,keep
triage-pass-2,refractive,keep
triage-pass-2,refractory,keep
triage-pass-2,regrettably,keep
triage-pass-2,reintroduced,keep
triage-pass-2,reprieve,keep
triage-pass-2,resupply,keep
triage-pass-2,resurfaced,keep
triage-pass-2,retraction,keep
triage-pass-2,riser,keep
triage-pass-2,ruckus,keep
triage-pass-2,salami,keep
triage-pass-2,sandwiched,keep
triage-pass-2,scopes,keep
triage-pass-2,screech,keep
triage-pass-2,sculpting,keep
triage-pass-2,seared,keep
triage-pass-2,sergeants,keep
triage-pass-2,shaven,keep
triage-pass-2,shopkeeper,keep
triage-pass-2,shortness,keep
triage-pass-2,shrill,keep
triage-pass-2,signalled,keep
triage-pass-2,skits,keep
triage-pass-2,skyrocketed,keep
triage-pass-2,slanted,keep
triage-pass-2,slits,keep
triage-pass-2,snowed,keep
triage-pass-2,sonnets,keep
triage-pass-2,soulless,keep
triage-pass-2,splitter,keep
triage-pass-2,spook,keep
triage-pass-2,stagecoach,keep
triage-pass-2,statesmen,keep
triage-pass-2,stork,keep
triage-pass-2,strode,keep
triage-pass-2,strongman,keep
triage-pass-2,subjecting,keep
triage-pass-2,subordinated,keep
triage-pass-2,subpoenas,keep
triage-pass-2,subside,keep
triage-pass-2,subways,keep
triage-pass-2,supp,ditch
triage-pass-2,swoon,keep
triage-pass-2,syringes,keep
triage-pass-2,tactically,keep
triage-pass-2,tallied,keep
triage-pass-2,tartar,keep
triage-pass-2,telepathy,keep
triage-pass-2,thane,keep
triage-pass-2,thesaurus,keep
triage-pass-2,thorax,keep
triage-pass-2,thrusters,keep
triage-pass-2,timings,keep
triage-pass-2,tithe,keep
triage-pass-2,trolled,keep
triage-pass-2,tucking,keep
triage-pass-2,tugging,keep
triage-pass-2,unattainable,keep
triage-pass-2,underpinning,keep
triage-pass-2,unexplored,keep
triage-pass-2,unsold,keep
triage-pass-2,uptight,keep
triage-pass-2,virulent,keep
triage-pass-2,vomited,keep
triage-pass-2,waterfowl,keep
triage-pass-2,widescreen,keep
triage-pass-2,windmills,keep
triage-pass-2,womanhood,keep
triage-pass-2,worrisome,keep
triage-pass-2,wort,keep
triage-pass-2,wreaths,keep
triage-pass-2,acronyms,keep
triage-pass-2,admissible,keep
triage-pass-2,airlift,keep
triage-pass-2,alluvial,keep
triage-pass-2,amyloid,ditch
triage-pass-2,apical,ditch
triage-pass-2,appetites,keep
triage-pass-2,armpits,keep
triage-pass-2,ascendant,keep
triage-pass-2,audiobooks,keep
triage-pass-2,bartenders,keep
triage-pass-2,battering,keep
triage-pass-2,bimbo,keep
triage-pass-2,blackmailed,keep
triage-pass-2,boarders,keep
triage-pass-2,bongo,keep
triage-pass-2,bootstrap,keep
triage-pass-2,bouquets,keep
triage-pass-2,braver,keep
triage-pass-2,brisket,keep
triage-pass-2,buckeye,keep
triage-pass-2,cairn,keep
triage-pass-2,campo,ditch
triage-pass-2,cannonball,keep
triage-pass-2,cappuccino,keep
triage-pass-2,caricatures,keep
triage-pass-2,ceasing,keep
triage-pass-2,championing,keep
triage-pass-2,chapels,keep
triage-pass-2,chirping,keep
triage-pass-2,circulatory,keep
triage-pass-2,citrate,keep
triage-pass-2,climactic,keep
triage-pass-2,cloaked,keep
triage-pass-2,clocking,keep
triage-pass-2,clotting,keep
triage-pass-2,commemorates,keep
triage-pass-2,conjuring,keep
triage-pass-2,consigned,keep
triage-pass-2,constructors,keep
triage-pass-2,coups,keep
triage-pass-2,cowgirl,keep
triage-pass-2,cowl,keep
triage-pass-2,crepe,keep
triage-pass-2,culling,keep
triage-pass-2,cycled,keep
triage-pass-2,dashes,keep
triage-pass-2,daydreaming,keep
triage-pass-2,decently,keep
triage-pass-2,decomposed,keep
triage-pass-2,decorum,keep
triage-pass-2,deft,keep
triage-pass-2,detest,keep
triage-pass-2,devising,keep
triage-pass-2,diabetics,keep
triage-pass-2,diodes,keep
triage-pass-2,disband,keep
triage-pass-2,discarding,keep
triage-pass-2,discloses,keep
triage-pass-2,dislocation,keep
triage-pass-2,disrupts,keep
triage-pass-2,duels,keep
triage-pass-2,dwells,keep
triage-pass-2,earls,keep
triage-pass-2,earnestly,keep
triage-pass-2,effecting,keep
triage-pass-2,electrifying,keep
triage-pass-2,emblematic,keep
triage-pass-2,emmet,ditch
triage-pass-2,enslavement,keep
triage-pass-2,entrust,keep
triage-pass-2,enviable,keep
triage-pass-2,epithet,keep
triage-pass-2,equipments,ditch
triage-pass-2,fiercest,keep
triage-pass-2,firehouse,keep
triage-pass-2,flailing,keep
triage-pass-2,flotilla,keep
triage-pass-2,followup,keep
triage-pass-2,foolproof,keep
triage-pass-2,footballing,keep
triage-pass-2,forgetful,keep
triage-pass-2,forgettable,keep
triage-pass-2,forklift,keep
triage-pass-2,freeways,keep
triage-pass-2,gallantry,keep
triage-pass-2,gamut,keep
triage-pass-2,gash,keep
triage-pass-2,gawker,keep
triage-pass-2,gazelle,keep
triage-pass-2,genotype,keep
triage-pass-2,gentler,keep
triage-pass-2,glistening,keep
triage-pass-2,glycol,keep
triage-pass-2,gopher,keep
triage-pass-2,governess,keep
triage-pass-2,gravitate,keep
triage-pass-2,grinned,keep
triage-pass-2,guesthouse,keep
triage-pass-2,gunfight,keep
triage-pass-2,hams,keep
triage-pass-2,hamsters,keep
triage-pass-2,harvester,keep
triage-pass-2,heaped,keep
triage-pass-2,heartburn,keep
triage-pass-2,heroics,keep
triage-pass-2,hillbilly,keep
triage-pass-2,homeopathy,keep
triage-pass-2,hustling,keep
triage-pass-2,imbecile,keep
triage-pass-2,impeded,keep
triage-pass-2,impresses,keep
triage-pass-2,imprison,keep
triage-pass-2,inasmuch,keep
triage-pass-2,infiltrating,keep
triage-pass-2,intensifying,keep
triage-pass-2,intensively,keep
triage-pass-2,interviewers,keep
triage-pass-2,ischemic,ditch
triage-pass-2,jaeger,ditch
triage-pass-2,kelp,keep
triage-pass-2,kingfisher,keep
triage-pass-2,kiwis,keep
triage-pass-2,knotted,keep
triage-pass-2,lackey,keep
triage-pass-2,lain,keep
triage-pass-2,laminate,keep
triage-pass-2,leeches,keep
triage-pass-2,leek,keep
triage-pass-2,linguist,keep
triage-pass-2,luring,keep
triage-pass-2,lute,keep
triage-pass-2,macrophages,keep
triage-pass-2,macros,keep
triage-pass-2,magpies,keep
triage-pass-2,marketplaces,keep
triage-pass-2,marvels,keep
triage-pass-2,masquerading,keep
triage-pass-2,mavis,ditch
triage-pass-2,meanest,keep
triage-pass-2,meaningfully,keep
triage-pass-2,meatball,keep
triage-pass-2,merino,keep
triage-pass-2,mermaids,keep
triage-pass-2,metastasis,keep
triage-pass-2,microchip,keep
triage-pass-2,mingled,keep
triage-pass-2,mosaics,keep
triage-pass-2,muddled,keep
triage-pass-2,mumbling,keep
triage-pass-2,nautilus,keep
triage-pass-2,necked,keep
triage-pass-2,oceanography,keep
triage-pass-2,offsetting,keep
triage-pass-2,omer,ditch
triage-pass-2,paler,keep
triage-pass-2,papaya,keep
triage-pass-2,partisanship,keep
triage-pass-2,peachy,keep
triage-pass-2,pearly,keep
triage-pass-2,pensioner,keep
triage-pass-2,periscope,keep
triage-pass-2,pernicious,keep
triage-pass-2,perversion,keep
triage-pass-2,phylogenetic,ditch
triage-pass-2,pigmentation,keep
triage-pass-2,populate,keep
triage-pass-2,posthumously,keep
triage-pass-2,prawn,keep
triage-pass-2,preamble,keep
triage-pass-2,predates,keep
triage-pass-2,prim,keep
triage-pass-2,programmatic,keep
triage-pass-2,propellers,keep
triage-pass-2,prying,keep
triage-pass-2,pulsing,keep
triage-pass-2,puree,keep
triage-pass-2,racketeering,keep
triage-pass-2,radars,keep
triage-pass-2,rainier,keep
triage-pass-2,rattlesnake,keep
triage-pass-2,realignment,keep
triage-pass-2,receptacle,keep
triage-pass-2,regatta,keep
triage-pass-2,reliefs,keep
triage-pass-2,remixed,keep
triage-pass-2,removals,keep
triage-pass-2,reprisal,keep
triage-pass-2,rescind,keep
triage-pass-2,reshape,keep
triage-pass-2,reshaping,keep
triage-pass-2,revitalize,keep
triage-pass-2,risotto,keep
triage-pass-2,savagery,keep
triage-pass-2,scorned,keep
triage-pass-2,searchable,keep
triage-pass-2,seething,keep
triage-pass-2,sequenced,keep
triage-pass-2,sequentially,keep
triage-pass-2,shamrock,keep
triage-pass-2,shearing,keep
triage-pass-2,shelving,keep
triage-pass-2,sifting,keep
triage-pass-2,sighing,keep
triage-pass-2,slog,keep
triage-pass-2,smut,keep
triage-pass-2,soars,keep
triage-pass-2,socialized,keep
triage-pass-2,spiraling,keep
triage-pass-2,splice,keep
triage-pass-2,sponsorships,keep
triage-pass-2,spoonful,keep
triage-pass-2,spousal,keep
triage-pass-2,statistician,keep
triage-pass-2,storefront,keep
triage-pass-2,storeys,keep
triage-pass-2,stroud,ditch
triage-pass-2,stubble,keep
triage-pass-2,subsystem,keep
triage-pass-2,suffocated,keep
triage-pass-2,summarizing,keep
triage-pass-2,supple,keep
triage-pass-2,syndromes,keep
triage-pass-2,synergies,keep
triage-pass-2,tacked,keep
triage-pass-2,tipsy,keep
triage-pass-2,tirade,keep
triage-pass-2,trickster,keep
triage-pass-2,trinkets,keep
triage-pass-2,triples,keep
triage-pass-2,turbocharged,keep
triage-pass-2,turmeric,keep
triage-pass-2,unchallenged,keep
triage-pass-2,undress,keep
triage-pass-2,unraveling,keep
triage-pass-2,vandalized,keep
triage-pass-2,veneration,keep
triage-pass-2,vigilantes,keep
triage-pass-2,vistas,keep
triage-pass-2,vitriol,keep
triage-pass-2,wagging,keep
triage-pass-2,waned,keep
triage-pass-2,welt,keep
triage-pass-2,winded,keep
triage-pass-2,wisest,keep
triage-pass-2,accidently,keep
triage-pass-2,accusers,keep
triage-pass-2,adaptability,keep
triage-pass-2,adapters,keep
triage-pass-2,adheres,keep
triage-pass-2,ales,keep
triage-pass-2,allegorical,keep
triage-pass-2,amigo,keep
triage-pass-2,anode,keep
triage-pass-2,apparition,keep
triage-pass-2,appetizer,keep
triage-pass-2,argon,keep
triage-pass-2,arrowhead,keep
triage-pass-2,astonishment,keep
triage-pass-2,atone,keep
triage-pass-2,backhand,keep
triage-pass-2,bankroll,keep
triage-pass-2,barristers,keep
triage-pass-2,belittle,keep
triage-pass-2,beryllium,keep
triage-pass-2,betrothed,keep
triage-pass-2,billiard,keep
triage-pass-2,bloodthirsty,keep
triage-pass-2,boisterous,keep
triage-pass-2,booksellers,keep
triage-pass-2,briar,keep
triage-pass-2,brightened,keep
triage-pass-2,buckled,keep
triage-pass-2,burgh,ditch
triage-pass-2,cacao,keep
triage-pass-2,calypso,keep
triage-pass-2,capacitance,keep
triage-pass-2,caper,keep
triage-pass-2,caprice,keep
triage-pass-2,carer,keep
triage-pass-2,carriageway,keep
triage-pass-2,cede,keep
triage-pass-2,ceres,ditch
triage-pass-2,chagrin,keep
triage-pass-2,chronicled,keep
triage-pass-2,clawed,keep
triage-pass-2,coerce,keep
triage-pass-2,combustible,keep
triage-pass-2,comebacks,keep
triage-pass-2,comer,keep
triage-pass-2,complicates,keep
triage-pass-2,condenser,keep
triage-pass-2,conjugate,keep
triage-pass-2,conjured,keep
triage-pass-2,cossacks,ditch
triage-pass-2,cutaneous,keep
triage-pass-2,dahlia,keep
triage-pass-2,darlings,keep
triage-pass-2,debug,keep
triage-pass-2,decadence,keep
triage-pass-2,decider,keep
triage-pass-2,defamatory,keep
triage-pass-2,depravity,keep
triage-pass-2,depress,keep
triage-pass-2,eclipses,keep
triage-pass-2,edibles,keep
triage-pass-2,enclaves,keep
triage-pass-2,encroachment,keep
triage-pass-2,faves,keep
triage-pass-2,felled,keep
triage-pass-2,fentanyl,keep
triage-pass-2,fireflies,keep
triage-pass-2,freebie,keep
triage-pass-2,gaby,ditch
triage-pass-2,garibaldi,ditch
triage-pass-2,geezer,keep
triage-pass-2,glassware,keep
triage-pass-2,gooey,keep
triage-pass-2,gutters,keep
triage-pass-2,habitually,keep
triage-pass-2,halts,keep
triage-pass-2,harlequin,keep
triage-pass-2,headgear,keep
triage-pass-2,heathens,keep
triage-pass-2,hemlock,keep
triage-pass-2,henchmen,keep
triage-pass-2,hist,ditch
triage-pass-2,holm,ditch
triage-pass-2,hydraulics,keep
triage-pass-2,hydrolysis,keep
triage-pass-2,hydropower,keep
triage-pass-2,illiteracy,keep
triage-pass-2,incitement,keep
triage-pass-2,indignant,keep
triage-pass-2,infamy,keep
triage-pass-2,infertile,keep
triage-pass-2,infractions,keep
triage-pass-2,injector,keep
triage-pass-2,insolvent,keep
triage-pass-2,internalized,keep
triage-pass-2,irregularly,keep
triage-pass-2,iterative,keep
triage-pass-2,kitties,keep
triage-pass-2,legumes,keep
triage-pass-2,lengthening,keep
triage-pass-2,lighthearted,keep
triage-pass-2,lodgings,keep
triage-pass-2,lookup,keep
triage-pass-2,lounges,keep
triage-pass-2,lupin,keep
triage-pass-2,meditative,keep
triage-pass-2,mentored,keep
triage-pass-2,mics,keep
triage-pass-2,middleman,keep
triage-pass-2,mildew,keep
triage-pass-2,mindedness,ditch
triage-pass-2,mingling,keep
triage-pass-2,mishaps,keep
triage-pass-2,monologues,keep
triage-pass-2,mufti,ditch
triage-pass-2,multivariate,keep
triage-pass-2,nadir,keep
triage-pass-2,neutralized,keep
triage-pass-2,notepad,keep
triage-pass-2,numerically,keep
triage-pass-2,nutcracker,keep
triage-pass-2,outboard,keep
triage-pass-2,outlier,keep
triage-pass-2,outweighs,keep
triage-pass-2,paltry,keep
triage-pass-2,parachutes,keep
triage-pass-2,pars,keep
triage-pass-2,parsing,keep
triage-pass-2,peripherals,keep
triage-pass-2,petitioner,keep
triage-pass-2,pharisees,ditch
triage-pass-2,pimps,keep
triage-pass-2,pinkie,keep
triage-pass-2,placer,keep
triage-pass-2,plucking,keep
triage-pass-2,pollute,keep
triage-pass-2,precede,keep
triage-pass-2,precocious,keep
triage-pass-2,preconceived,keep
triage-pass-2,predictors,keep
triage-pass-2,presumptuous,keep
triage-pass-2,proms,keep
triage-pass-2,pronto,keep
triage-pass-2,publicize,keep
triage-pass-2,purview,keep
triage-pass-2,quicksilver,keep
triage-pass-2,racehorse,keep
triage-pass-2,raked,keep
triage-pass-2,ravioli,keep
triage-pass-2,reagents,keep
triage-pass-2,rebounded,keep
triage-pass-2,redone,keep
triage-pass-2,rove,keep
triage-pass-2,salvo,keep
triage-pass-2,scrapes,keep
triage-pass-2,seizes,keep
triage-pass-2,shrieking,keep
triage-pass-2,silences,keep
triage-pass-2,silhouettes,keep
triage-pass-2,simmering,keep
triage-pass-2,sitcoms,keep
triage-pass-2,smears,keep
triage-pass-2,smoothed,keep
triage-pass-2,sofas,keep
triage-pass-2,spatula,keep
triage-pass-2,splicing,keep
triage-pass-2,spreadsheets,keep
triage-pass-2,squatters,keep
triage-pass-2,steamers,keep
triage-pass-2,stepdad,keep
triage-pass-2,stipulates,keep
triage-pass-2,strangling,keep
triage-pass-2,streamlining,keep
triage-pass-2,stroked,keep
triage-pass-2,subunits,keep
triage-pass-2,suffocate,keep
triage-pass-2,suspends,keep
triage-pass-2,tapas,keep
triage-pass-2,tenement,keep
triage-pass-2,tetanus,keep
triage-pass-2,thatched,keep
triage-pass-2,thrifty,keep
triage-pass-2,thrombosis,keep
triage-pass-2,tickles,keep
triage-pass-2,tiling,keep
triage-pass-2,tingle,keep
triage-pass-2,townspeople,keep
triage-pass-2,treads,keep
triage-pass-2,tryout,keep
triage-pass-2,tyrosine,ditch
triage-pass-2,unbridled,keep
triage-pass-2,undersea,keep
triage-pass-2,unfiltered,keep
triage-pass-2,unopposed,keep
triage-pass-2,vacationing,keep
triage-pass-2,vamp,keep
triage-pass-2,vassals,keep
triage-pass-2,wanton,keep
triage-pass-2,wedlock,keep
triage-pass-2,welterweight,keep
triage-pass-2,whiteboard,keep
triage-pass-2,wholesaler,keep
triage-pass-2,witted,ditch
triage-pass-2,abominable,keep
triage-pass-2,absolution,keep
triage-pass-2,accomplishes,keep
triage-pass-2,adopters,keep
triage-pass-2,aggie,ditch
triage-pass-2,airplay,keep
triage-pass-2,amalgam,keep
triage-pass-2,ambulatory,keep
triage-pass-2,annulment,keep
triage-pass-2,articulating,keep
triage-pass-2,atoll,keep
triage-pass-2,axioms,keep
triage-pass-2,babbling,keep
triage-pass-2,bargained,keep
triage-pass-2,barrio,keep
triage-pass-2,benzene,keep
triage-pass-2,blackish,keep
triage-pass-2,blemish,keep
triage-pass-2,bobbing,keep
triage-pass-2,bogs,keep
triage-pass-2,brainstorm,keep
triage-pass-2,brevity,keep
triage-pass-2,broadside,keep
triage-pass-2,buckles,keep
triage-pass-2,burdensome,keep
triage-pass-2,burley,ditch
triage-pass-2,buttered,keep
triage-pass-2,cadmium,keep
triage-pass-2,candida,ditch
triage-pass-2,carnivorous,keep
triage-pass-2,chasers,keep
triage-pass-2,chimera,keep
triage-pass-2,chiropractor,keep
triage-pass-2,chromosomal,keep
triage-pass-2,cleave,keep
triage-pass-2,coinciding,keep
triage-pass-2,commuted,keep
triage-pass-2,conformation,keep
triage-pass-2,conveniences,keep
triage-pass-2,cotta,ditch
triage-pass-2,councilor,keep
triage-pass-2,crayfish,keep
triage-pass-2,cuckold,keep
triage-pass-2,culled,keep
triage-pass-2,defraud,keep
triage-pass-2,deftly,keep
triage-pass-2,dens,keep
triage-pass-2,desertion,keep
triage-pass-2,detainee,keep
triage-pass-2,dike,keep
triage-pass-2,dispensation,keep
triage-pass-2,domed,keep
triage-pass-2,dowager,keep
triage-pass-2,drips,keep
triage-pass-2,dunning,ditch
triage-pass-2,eaves,keep
triage-pass-2,emboldened,keep
triage-pass-2,enema,keep
triage-pass-2,erecting,keep
triage-pass-2,eroding,keep
triage-pass-2,euphoric,keep
triage-pass-2,evangelism,keep
triage-pass-2,evoking,keep
triage-pass-2,excelsior,ditch
triage-pass-2,exploitative,keep
triage-pass-2,fabricating,keep
triage-pass-2,feasting,keep
triage-pass-2,ferment,keep
triage-pass-2,fetuses,keep
triage-pass-2,figurine,keep
triage-pass-2,flocking,keep
triage-pass-2,flogging,keep
triage-pass-2,freshen,keep
triage-pass-2,frostbite,keep
triage-pass-2,glories,keep
triage-pass-2,greys,keep
triage-pass-2,gulag,keep
triage-pass-2,handyman,keep
triage-pass-2,heatwave,keep
triage-pass-2,heretical,keep
triage-pass-2,homeschool,keep
triage-pass-2,horst,ditch
triage-pass-2,humping,keep
triage-pass-2,immeasurable,keep
triage-pass-2,immorality,keep
triage-pass-2,immutable,keep
triage-pass-2,indict,keep
triage-pass-2,indisputable,keep
triage-pass-2,inquisitor,keep
triage-pass-2,inset,keep
triage-pass-2,interceptor,keep
triage-pass-2,ischemia,keep
triage-pass-2,kiddos,keep
triage-pass-2,kohl,keep
triage-pass-2,kraken,keep
triage-pass-2,lancer,keep
triage-pass-2,landau,ditch
triage-pass-2,lauder,ditch
triage-pass-2,laurels,keep
triage-pass-2,leavers,keep
triage-pass-2,licorice,keep
triage-pass-2,lighters,keep
triage-pass-2,limes,keep
triage-pass-2,linearly,keep
triage-pass-2,linguists,keep
triage-pass-2,linkages,keep
triage-pass-2,lumped,keep
triage-pass-2,lunge,keep
triage-pass-2,maggots,keep
triage-pass-2,maliciously,keep
triage-pass-2,manipulator,keep
triage-pass-2,meddle,keep
triage-pass-2,menagerie,keep
triage-pass-2,micron,keep
triage-pass-2,midpoint,keep
triage-pass-2,monoclonal,keep
triage-pass-2,motorways,keep
triage-pass-2,multiverse,keep
triage-pass-2,nibble,keep
triage-pass-2,nosy,keep
triage-pass-2,nullify,keep
triage-pass-2,oligarchy,keep
triage-pass-2,omelette,keep
triage-pass-2,omnipotent,keep
triage-pass-2,oppressors,keep
triage-pass-2,overpower,keep
triage-pass-2,overthinking,keep
triage-pass-2,overtures,keep
triage-pass-2,pagoda,keep
triage-pass-2,paraded,keep
triage-pass-2,parallax,keep
triage-pass-2,passers,keep
triage-pass-2,penniless,keep
triage-pass-2,phalanx,keep
triage-pass-2,photogenic,keep
triage-pass-2,pirated,keep
triage-pass-2,plantings,keep
triage-pass-2,plummet,keep
triage-pass-2,pollack,keep
triage-pass-2,pondered,keep
triage-pass-2,potters,keep
triage-pass-2,pounder,keep
triage-pass-2,prairies,keep
triage-pass-2,predicate,keep
triage-pass-2,prov,ditch
triage-pass-2,puking,keep
triage-pass-2,quaternary,keep
triage-pass-2,quintet,keep
triage-pass-2,radiated,keep
triage-pass-2,ramble,keep
triage-pass-2,razors,keep
triage-pass-2,refrained,keep
triage-pass-2,retaliatory,keep
triage-pass-2,revs,keep
triage-pass-2,rhinoceros,keep
triage-pass-2,rickshaw,keep
triage-pass-2,rollover,keep
triage-pass-2,romp,keep
triage-pass-2,rustling,keep
triage-pass-2,sawdust,keep
triage-pass-2,scavenging,keep
triage-pass-2,scoured,keep
triage-pass-2,scrotum,keep
triage-pass-2,scruffy,keep
triage-pass-2,sewerage,keep
triage-pass-2,shithead,keep
triage-pass-2,shoo,keep
triage-pass-2,simplifies,keep
triage-pass-2,sinuses,keep
triage-pass-2,slung,keep
triage-pass-2,smelter,keep
triage-pass-2,smoothness,keep
triage-pass-2,smother,keep
triage-pass-2,sniffed,keep
triage-pass-2,snorted,keep
triage-pass-2,sparky,keep
triage-pass-2,spontaneity,keep
triage-pass-2,sprain,keep
triage-pass-2,sprinklers,keep
triage-pass-2,stateless,keep
triage-pass-2,stateside,keep
triage-pass-2,stepson,keep
triage-pass-2,strolled,keep
triage-pass-2,stunningly,keep
triage-pass-2,surly,keep
triage-pass-2,sutures,keep
triage-pass-2,sweeteners,keep
triage-pass-2,symbolized,keep
triage-pass-2,tarnish,keep
triage-pass-2,thrashed,keep
triage-pass-2,thyself,keep
triage-pass-2,torsion,keep
triage-pass-2,tosh,keep
triage-pass-2,touchstone,keep
triage-pass-2,tramway,keep
triage-pass-2,treatable,keep
triage-pass-2,trier,keep
triage-pass-2,trouser,keep
triage-pass-2,tugs,keep
triage-pass-2,tumbler,keep
triage-pass-2,typeface,keep
triage-pass-2,uglier,keep
triage-pass-2,unaccounted,keep
triage-pass-2,unbound,keep
triage-pass-2,uncalled,keep
triage-pass-2,undemocratic,keep
triage-pass-2,undergrad,keep
triage-pass-2,underpaid,keep
triage-pass-2,uninvited,keep
triage-pass-2,unleashing,keep
triage-pass-2,unnerving,keep
triage-pass-2,unpunished,keep
triage-pass-2,unrecognized,keep
triage-pass-2,untested,keep
triage-pass-2,upping,keep
triage-pass-2,urethra,keep
triage-pass-2,vaudeville,keep
triage-pass-2,veils,keep
triage-pass-2,verve,keep
triage-pass-2,watchtower,keep
triage-pass-2,waveform,keep
triage-pass-2,weighty,keep
triage-pass-2,workbook,keep
triage-pass-2,workspace,keep
triage-pass-2,worships,keep
triage-pass-2,abstracted,keep
triage-pass-2,adversarial,keep
triage-pass-2,aliases,keep
triage-pass-2,amiable,keep
triage-pass-2,amphitheatre,keep
triage-pass-2,amygdala,keep
triage-pass-2,angler,keep
triage-pass-2,antagonism,keep
triage-pass-2,antebellum,keep
triage-pass-2,apathetic,keep
triage-pass-2,apologists,keep
triage-pass-2,appended,keep
triage-pass-2,artiste,keep
triage-pass-2,atty,ditch
triage-pass-2,backwater,keep
triage-pass-2,ballistics,keep
triage-pass-2,bequest,keep
triage-pass-2,berths,keep
triage-pass-2,bewildering,keep
triage-pass-2,billiards,keep
triage-pass-2,binders,keep
triage-pass-2,biomarkers,keep
triage-pass-2,biosynthesis,keep
triage-pass-2,blasphemous,keep
triage-pass-2,bonny,keep
triage-pass-2,booklets,keep
triage-pass-2,bores,keep
triage-pass-2,bungee,keep
triage-pass-2,bureaucrat,keep
triage-pass-2,cadres,keep
triage-pass-2,carina,ditch
triage-pass-2,carnivores,keep
triage-pass-2,cascading,keep
triage-pass-2,chipper,keep
triage-pass-2,cliffhanger,keep
triage-pass-2,cline,ditch
triage-pass-2,clunky,keep
triage-pass-2,collider,keep
triage-pass-2,colosseum,keep
triage-pass-2,comers,keep
triage-pass-2,commoner,keep
triage-pass-2,conned,keep
triage-pass-2,counsellors,keep
triage-pass-2,crediting,keep
triage-pass-2,crossovers,keep
triage-pass-2,cutbacks,keep
triage-pass-2,cutthroat,keep
triage-pass-2,dailies,keep
triage-pass-2,datasets,keep
triage-pass-2,decayed,keep
triage-pass-2,deceptively,keep
triage-pass-2,decoder,keep
triage-pass-2,demography,keep
triage-pass-2,devilish,keep
triage-pass-2,disarming,keep
triage-pass-2,disloyal,keep
triage-pass-2,disowned,keep
triage-pass-2,dissociation,keep
triage-pass-2,dormitories,keep
triage-pass-2,dreads,keep
triage-pass-2,drowns,keep
triage-pass-2,druids,keep
triage-pass-2,dueling,keep
triage-pass-2,eared,keep
triage-pass-2,earthen,keep
triage-pass-2,eccentricity,keep
triage-pass-2,electricians,keep
triage-pass-2,electrocuted,keep
triage-pass-2,emissary,keep
triage-pass-2,enclosing,keep
triage-pass-2,entrapment,keep
triage-pass-2,erectile,keep
triage-pass-2,exchanger,keep
triage-pass-2,exerting,keep
triage-pass-2,expatriates,keep
triage-pass-2,eyelash,keep
triage-pass-2,flashpoint,keep
triage-pass-2,flirted,keep
triage-pass-2,flopping,keep
triage-pass-2,foodstuffs,keep
triage-pass-2,forego,keep
triage-pass-2,foretold,keep
triage-pass-2,formalized,keep
triage-pass-2,fortresses,keep
triage-pass-2,fragrances,keep
triage-pass-2,fraternities,keep
triage-pass-2,frigates,keep
triage-pass-2,goalkeepers,keep
triage-pass-2,grafts,keep
triage-pass-2,grainy,keep
triage-pass-2,greenery,keep
triage-pass-2,greenhouses,keep
triage-pass-2,gynecology,keep
triage-pass-2,handily,keep
triage-pass-2,harboring,keep
triage-pass-2,hauls,keep
triage-pass-2,heaving,keep
triage-pass-2,heighten,keep
triage-pass-2,helluva,keep
triage-pass-2,henna,keep
triage-pass-2,hexagon,keep
triage-pass-2,hinders,keep
triage-pass-2,hinds,keep
triage-pass-2,holler,keep
triage-pass-2,honking,keep
triage-pass-2,hookups,keep
triage-pass-2,hooters,keep
triage-pass-2,husk,keep
triage-pass-2,implicate,keep
triage-pass-2,implore,keep
triage-pass-2,impounded,keep
triage-pass-2,indigestion,keep
triage-pass-2,infarction,keep
triage-pass-2,intakes,keep
triage-pass-2,interned,keep
triage-pass-2,intonation,keep
triage-pass-2,inversely,keep
triage-pass-2,irrigated,keep
triage-pass-2,irritates,keep
triage-pass-2,justly,keep
triage-pass-2,kaleidoscope,keep
triage-pass-2,keypad,keep
triage-pass-2,lactation,keep
triage-pass-2,laker,ditch
triage-pass-2,lapping,keep
triage-pass-2,lindy,ditch
triage-pass-2,looters,keep
triage-pass-2,lorries,keep
triage-pass-2,lough,ditch
triage-pass-2,lubricants,keep
triage-pass-2,lumpy,keep
triage-pass-2,lyricist,keep
triage-pass-2,machined,keep
triage-pass-2,mads,ditch
triage-pass-2,malaise,keep
triage-pass-2,mannequins,keep
triage-pass-2,meatloaf,keep
triage-pass-2,menial,keep
triage-pass-2,mentorship,keep
triage-pass-2,merrily,keep
triage-pass-2,methinks,keep
triage-pass-2,minas,ditch
triage-pass-2,monogamous,keep
triage-pass-2,mooring,keep
triage-pass-2,napalm,keep
triage-pass-2,neared,keep
triage-pass-2,neath,ditch
triage-pass-2,necessitate,keep
triage-pass-2,negation,keep
triage-pass-2,neurosurgery,keep
triage-pass-2,neutrino,keep
triage-pass-2,nines,keep
triage-pass-2,obsessions,keep
triage-pass-2,olden,keep
triage-pass-2,oneness,keep
triage-pass-2,opacity,keep
triage-pass-2,otherworldly,keep
triage-pass-2,overdo,keep
triage-pass-2,overdraft,keep
triage-pass-2,overturning,keep
triage-pass-2,pantyhose,keep
triage-pass-2,parametric,keep
triage-pass-2,parentage,keep
triage-pass-2,perverts,keep
triage-pass-2,physio,keep
triage-pass-2,picnics,keep
triage-pass-2,pigmented,keep
triage-pass-2,postponing,keep
triage-pass-2,practicable,keep
triage-pass-2,privates,keep
triage-pass-2,progenitor,keep
triage-pass-2,pulsed,keep
triage-pass-2,punters,keep
triage-pass-2,purporting,keep
triage-pass-2,radiators,keep
triage-pass-2,raffles,keep
triage-pass-2,refereeing,keep
triage-pass-2,reflexive,keep
triage-pass-2,refuel,keep
triage-pass-2,reinventing,keep
triage-pass-2,reliving,keep
triage-pass-2,reminisce,keep
triage-pass-2,reminiscing,keep
triage-pass-2,renegades,keep
triage-pass-2,repositories,keep
triage-pass-2,repurposed,keep
triage-pass-2,resistors,keep
triage-pass-2,riled,keep
triage-pass-2,roadster,keep
triage-pass-2,rougher,keep
triage-pass-2,salesperson,keep
triage-pass-2,scolding,keep
triage-pass-2,scones,keep
triage-pass-2,sculptors,keep
triage-pass-2,sentinels,keep
triage-pass-2,shad,keep
triage-pass-2,shadowed,keep
triage-pass-2,shadowing,keep
triage-pass-2,shitload,keep
triage-pass-2,shouldered,keep
triage-pass-2,skillfully,keep
triage-pass-2,skylight,keep
triage-pass-2,snacking,keep
triage-pass-2,sneaked,keep
triage-pass-2,snip,keep
triage-pass-2,sombre,keep
triage-pass-2,spas,keep
triage-pass-2,spokes,keep
triage-pass-2,spool,keep
triage-pass-2,sprouting,keep
triage-pass-2,spurt,keep
triage-pass-2,sputtering,keep
triage-pass-2,stencil,keep
triage-pass-2,stoker,keep
triage-pass-2,strays,keep
triage-pass-2,stressors,keep
triage-pass-2,strictest,keep
triage-pass-2,subjectivity,keep
triage-pass-2,subliminal,keep
triage-pass-2,surrogates,keep
triage-pass-2,symphonic,keep
triage-pass-2,taka,ditch
triage-pass-2,teak,keep
triage-pass-2,teary,keep
triage-pass-2,teases,keep
triage-pass-2,teething,keep
triage-pass-2,tortures,keep
triage-pass-2,transducer,keep
triage-pass-2,tuba,keep
triage-pass-2,turnip,keep
triage-pass-2,tween,keep
triage-pass-2,twofold,keep
triage-pass-2,uncontested,keep
triage-pass-2,uncovers,keep
triage-pass-2,underwriters,keep
triage-pass-2,uprooted,keep
triage-pass-2,upstart,keep
triage-pass-2,urea,keep
triage-pass-2,villainous,keep
triage-pass-2,voluminous,keep
triage-pass-2,walkways,keep
triage-pass-2,weathers,keep
triage-pass-2,weeding,keep
triage-pass-2,widens,keep
triage-pass-2,abed,keep
triage-pass-2,absolve,keep
triage-pass-2,adieu,keep
triage-pass-2,agonist,keep
triage-pass-2,aground,keep
triage-pass-2,airfare,keep
triage-pass-2,alternator,keep
triage-pass-2,antiviral,keep
triage-pass-2,arousing,keep
triage-pass-2,aspired,keep
triage-pass-2,badlands,keep
triage-pass-2,baronet,keep
triage-pass-2,bearish,keep
triage-pass-2,bebop,keep
triage-pass-2,belting,keep
triage-pass-2,bilbo,ditch
triage-pass-2,bitumen,keep
triage-pass-2,buss,ditch
triage-pass-2,bygone,keep
triage-pass-2,cannibals,keep
triage-pass-2,capers,keep
triage-pass-2,carbine,keep
triage-pass-2,carelessness,keep
triage-pass-2,cedars,keep
triage-pass-2,certifying,keep
triage-pass-2,chattering,keep
triage-pass-2,chucked,keep
triage-pass-2,chuckling,keep
triage-pass-2,commensurate,keep
triage-pass-2,compressors,keep
triage-pass-2,confounding,keep
triage-pass-2,contaminate,keep
triage-pass-2,corgi,keep
triage-pass-2,corsair,keep
triage-pass-2,couriers,keep
triage-pass-2,cranking,keep
triage-pass-2,cranks,keep
triage-pass-2,crenshaw,ditch
triage-pass-2,crescendo,keep
triage-pass-2,cuss,keep
triage-pass-2,dauphin,keep
triage-pass-2,deformity,keep
triage-pass-2,dents,keep
triage-pass-2,deviated,keep
triage-pass-2,dibs,keep
triage-pass-2,dinghy,keep
triage-pass-2,dipper,keep
triage-pass-2,discourages,keep
triage-pass-2,disobey,keep
triage-pass-2,disturbs,keep
triage-pass-2,diverge,keep
triage-pass-2,dominoes,keep
triage-pass-2,doughty,ditch
triage-pass-2,downpour,keep
triage-pass-2,drifter,keep
triage-pass-2,droids,keep
triage-pass-2,dusky,keep
triage-pass-2,dystrophy,keep
triage-pass-2,eloquence,keep
triage-pass-2,enhancer,keep
triage-pass-2,enquirer,keep
triage-pass-2,enslave,keep
triage-pass-2,epitaph,keep
triage-pass-2,exclusions,keep
triage-pass-2,excrement,keep
triage-pass-2,expedient,keep
triage-pass-2,fallow,keep
triage-pass-2,fermi,ditch
triage-pass-2,fiddler,keep
triage-pass-2,flagging,keep
triage-pass-2,foal,keep
triage-pass-2,foreclosed,keep
triage-pass-2,forlorn,keep
triage-pass-2,fragmentary,keep
triage-pass-2,furlongs,keep
triage-pass-2,gateways,keep
triage-pass-2,gaudy,keep
triage-pass-2,gauss,ditch
triage-pass-2,gawd,keep
triage-pass-2,girlie,keep
triage-pass-2,gobble,keep
triage-pass-2,godspeed,keep
triage-pass-2,grandparent,keep
triage-pass-2,grays,keep
triage-pass-2,grout,keep
triage-pass-2,gush,keep
triage-pass-2,haddock,keep
triage-pass-2,halogen,keep
triage-pass-2,harpoon,keep
triage-pass-2,heros,ditch
triage-pass-2,highlighter,keep
triage-pass-2,homeopathic,keep
triage-pass-2,homogenous,keep
triage-pass-2,hydrology,keep
triage-pass-2,ibis,keep
triage-pass-2,idealist,keep
triage-pass-2,incarnations,keep
triage-pass-2,incited,keep
triage-pass-2,incubated,keep
triage-pass-2,indecisive,keep
triage-pass-2,indefensible,keep
triage-pass-2,indivisible,keep
triage-pass-2,ineffectual,keep
triage-pass-2,inextricably,keep
triage-pass-2,inflows,keep
triage-pass-2,ingest,keep
triage-pass-2,inhibitions,keep
triage-pass-2,innermost,keep
triage-pass-2,insecticides,keep
triage-pass-2,insoluble,keep
triage-pass-2,insulate,keep
triage-pass-2,introverted,keep
triage-pass-2,invokes,keep
triage-pass-2,jitters,keep
triage-pass-2,keyhole,keep
triage-pass-2,kickers,keep
triage-pass-2,kiosks,keep
triage-pass-2,knighted,keep
triage-pass-2,licensees,keep
triage-pass-2,loafers,keep
triage-pass-2,lymphocytes,keep
triage-pass-2,lynched,keep
triage-pass-2,margarine,keep
triage-pass-2,mashup,keep
triage-pass-2,massed,keep
triage-pass-2,mauled,keep
triage-pass-2,mayflower,keep
triage-pass-2,melanin,keep
triage-pass-2,minis,keep
triage-pass-2,mists,keep
triage-pass-2,mobster,keep
triage-pass-2,murmurs,keep
triage-pass-2,musty,keep
triage-pass-2,muttered,keep
triage-pass-2,neuropathy,keep
triage-pass-2,neutrals,keep
triage-pass-2,normalcy,keep
triage-pass-2,nourished,keep
triage-pass-2,nourishing,keep
triage-pass-2,obituaries,keep
triage-pass-2,outcasts,keep
triage-pass-2,outlay,keep
triage-pass-2,outliers,keep
triage-pass-2,overblown,keep
triage-pass-2,overestimate,keep
triage-pass-2,oxytocin,keep
triage-pass-2,pandit,ditch
triage-pass-2,partitioned,keep
triage-pass-2,pathos,keep
triage-pass-2,peacekeepers,keep
triage-pass-2,penetrates,keep
triage-pass-2,peninsular,keep
triage-pass-2,physicality,keep
triage-pass-2,pickers,keep
triage-pass-2,pimple,keep
triage-pass-2,platelets,keep
triage-pass-2,portraiture,keep
triage-pass-2,potable,keep
triage-pass-2,pout,keep
triage-pass-2,precepts,keep
triage-pass-2,privatized,keep
triage-pass-2,psychoactive,keep
triage-pass-2,puffing,keep
triage-pass-2,punctual,keep
triage-pass-2,punishes,keep
triage-pass-2,quadrangle,keep
triage-pass-2,quickness,keep
triage-pass-2,raceway,keep
triage-pass-2,rafting,keep
triage-pass-2,raves,keep
triage-pass-2,reaffirm,keep
triage-pass-2,rebellions,keep
triage-pass-2,reentry,keep
triage-pass-2,rephrase,keep
triage-pass-2,retrofit,keep
triage-pass-2,robustness,keep
triage-pass-2,roped,keep
triage-pass-2,rubies,keep
triage-pass-2,salespeople,keep
triage-pass-2,salutes,keep
triage-pass-2,savanna,keep
triage-pass-2,scriptural,keep
triage-pass-2,sedans,keep
triage-pass-2,seedy,keep
triage-pass-2,sleet,keep
triage-pass-2,slugger,keep
triage-pass-2,snarky,keep
triage-pass-2,sorghum,keep
triage-pass-2,spacer,keep
triage-pass-2,spacetime,keep
triage-pass-2,spasm,keep
triage-pass-2,spearhead,keep
triage-pass-2,sprites,keep
triage-pass-2,squeal,keep
triage-pass-2,steppe,keep
triage-pass-2,stubbornness,keep
triage-pass-2,stubs,keep
triage-pass-2,stunner,keep
triage-pass-2,subcutaneous,keep
triage-pass-2,subservient,keep
triage-pass-2,substantiate,keep
triage-pass-2,subtitled,keep
triage-pass-2,subtracting,keep
triage-pass-2,succinctly,keep
triage-pass-2,summarily,keep
triage-pass-2,swab,keep
triage-pass-2,swarmed,keep
triage-pass-2,swath,keep
triage-pass-2,swordsman,keep
triage-pass-2,synapses,keep
triage-pass-2,tailors,keep
triage-pass-2,tattered,keep
triage-pass-2,technicality,keep
triage-pass-2,terracotta,keep
triage-pass-2,testicle,keep
triage-pass-2,thickening,keep
triage-pass-2,thrush,keep
triage-pass-2,tinge,keep
triage-pass-2,tinnitus,keep
triage-pass-2,toed,keep
triage-pass-2,trample,keep
triage-pass-2,tribesmen,keep
triage-pass-2,tribulations,keep
triage-pass-2,tropic,keep
triage-pass-2,unconnected,keep
triage-pass-2,underweight,keep
triage-pass-2,undetectable,keep
triage-pass-2,unis,ditch
triage-pass-2,unprovoked,keep
triage-pass-2,unremarkable,keep
triage-pass-2,volition,keep
triage-pass-2,wane,keep
triage-pass-2,westerns,keep
triage-pass-2,whittle,keep
triage-pass-2,wields,keep
triage-pass-2,withstood,keep
triage-pass-2,wretch,keep
triage-pass-2,yolks,keep
triage-pass-2,abetting,keep
triage-pass-2,accolade,keep
triage-pass-2,accommodates,keep
triage-pass-2,addicting,keep
triage-pass-2,adoptions,keep
triage-pass-2,adoring,keep
triage-pass-2,aimlessly,keep
triage-pass-2,alfalfa,keep
triage-pass-2,alleles,keep
triage-pass-2,amphetamines,keep
triage-pass-2,appellant,keep
triage-pass-2,archetypes,keep
triage-pass-2,atelier,keep
triage-pass-2,baguette,keep
triage-pass-2,barbers,keep
triage-pass-2,bounties,keep
triage-pass-2,breastfeed,keep
triage-pass-2,brimstone,keep
triage-pass-2,bunt,keep
triage-pass-2,burly,keep
triage-pass-2,carbonated,keep
triage-pass-2,carburetor,keep
triage-pass-2,catacombs,keep
triage-pass-2,caving,keep
triage-pass-2,cheetahs,keep
triage-pass-2,chlamydia,keep
triage-pass-2,chugging,keep
triage-pass-2,classifies,keep
triage-pass-2,cobbler,keep
triage-pass-2,cognizant,keep
triage-pass-2,collared,keep
triage-pass-2,columnists,keep
triage-pass-2,communes,keep
triage-pass-2,conceit,keep
triage-pass-2,concubine,keep
triage-pass-2,conforms,keep
triage-pass-2,confounded,keep
triage-pass-2,constrain,keep
triage-pass-2,contraption,keep
triage-pass-2,cookbooks,keep
triage-pass-2,coolness,keep
triage-pass-2,covertly,keep
triage-pass-2,covet,keep
triage-pass-2,curbing,keep
triage-pass-2,dales,keep
triage-pass-2,deacons,keep
triage-pass-2,depressions,keep
triage-pass-2,dingy,keep
triage-pass-2,disengaged,keep
triage-pass-2,dispatching,keep
triage-pass-2,doodles,keep
triage-pass-2,droppings,keep
triage-pass-2,drowsy,keep
triage-pass-2,duos,keep
triage-pass-2,elaboration,keep
triage-pass-2,eminently,keep
triage-pass-2,equalled,keep
triage-pass-2,esprit,ditch
triage-pass-2,ethnography,keep
triage-pass-2,eunuch,keep
triage-pass-2,exclaim,keep
triage-pass-2,extort,keep
triage-pass-2,falter,keep
triage-pass-2,fantasize,keep
triage-pass-2,feverish,keep
triage-pass-2,fibrillation,keep
triage-pass-2,fissure,keep
triage-pass-2,flutes,keep
triage-pass-2,forcible,keep
triage-pass-2,frenzied,keep
triage-pass-2,frightful,keep
triage-pass-2,fumbling,keep
triage-pass-2,geopolitics,keep
triage-pass-2,getter,keep
triage-pass-2,gloriously,keep
triage-pass-2,gourd,keep
triage-pass-2,grander,keep
triage-pass-2,grandfathers,keep
triage-pass-2,grins,keep
triage-pass-2,grocers,keep
triage-pass-2,halter,keep
triage-pass-2,hawker,keep
triage-pass-2,hollowed,keep
triage-pass-2,hyenas,keep
triage-pass-2,icebreaker,keep
triage-pass-2,idling,keep
triage-pass-2,idolatry,keep
triage-pass-2,indelible,keep
triage-pass-2,infantile,keep
triage-pass-2,infuse,keep
triage-pass-2,inheriting,keep
triage-pass-2,insuring,keep
triage-pass-2,irreverent,keep
triage-pass-2,isthmus,keep
triage-pass-2,itinerant,keep
triage-pass-2,jello,keep
triage-pass-2,kana,ditch
triage-pass-2,kino,ditch
triage-pass-2,leniency,keep
triage-pass-2,liber,ditch
triage-pass-2,lifeboats,keep
triage-pass-2,linens,keep
triage-pass-2,lurks,keep
triage-pass-2,lymphatic,keep
triage-pass-2,malleable,keep
triage-pass-2,mannerisms,keep
triage-pass-2,manta,keep
triage-pass-2,marquess,keep
triage-pass-2,mediating,keep
triage-pass-2,mercurial,keep
triage-pass-2,microwaves,keep
triage-pass-2,middling,keep
triage-pass-2,millionth,keep
triage-pass-2,mollie,ditch
triage-pass-2,mores,keep
triage-pass-2,multimillion,keep
triage-pass-2,narrates,keep
triage-pass-2,outgrown,keep
triage-pass-2,outpouring,keep
triage-pass-2,overdone,keep
triage-pass-2,overreact,keep
triage-pass-2,parson,keep
triage-pass-2,pelham,ditch
triage-pass-2,perceiving,keep
triage-pass-2,peregrine,keep
triage-pass-2,petitioners,keep
triage-pass-2,pheromones,keep
triage-pass-2,piecemeal,keep
triage-pass-2,piglet,keep
triage-pass-2,placeholder,keep
triage-pass-2,playmate,keep
triage-pass-2,poetics,keep
triage-pass-2,pogo,keep
triage-pass-2,politicized,keep
triage-pass-2,prefrontal,keep
triage-pass-2,presumptive,keep
triage-pass-2,proactively,keep
triage-pass-2,racy,keep
triage-pass-2,raucous,keep
triage-pass-2,receivable,keep
triage-pass-2,reconciling,keep
triage-pass-2,reincarnated,keep
triage-pass-2,reinsurance,keep
triage-pass-2,repress,keep
triage-pass-2,resignations,keep
triage-pass-2,resolutely,keep
triage-pass-2,retainers,keep
triage-pass-2,revolts,keep
triage-pass-2,rotted,keep
triage-pass-2,rusher,keep
triage-pass-2,sanctum,keep
triage-pass-2,scooping,keep
triage-pass-2,scrolled,keep
triage-pass-2,sensuality,keep
triage-pass-2,sequoia,keep
triage-pass-2,serpents,keep
triage-pass-2,serrated,keep
triage-pass-2,severing,keep
triage-pass-2,shunt,keep
triage-pass-2,solver,keep
triage-pass-2,southland,ditch
triage-pass-2,spaniel,keep
triage-pass-2,stagger,keep
triage-pass-2,statuses,keep
triage-pass-2,steels,keep
triage-pass-2,steely,keep
triage-pass-2,stent,keep
triage-pass-2,stiffer,keep
triage-pass-2,subtext,keep
triage-pass-2,summa,ditch
triage-pass-2,sunflowers,keep
triage-pass-2,supercharged,keep
triage-pass-2,surety,keep
triage-pass-2,sweatpants,keep
triage-pass-2,sweethearts,keep
triage-pass-2,syntactic,keep
triage-pass-2,talkie,keep
triage-pass-2,tana,ditch
triage-pass-2,theorized,keep
triage-pass-2,thrusts,keep
triage-pass-2,tiebreaker,keep
triage-pass-2,treatises,keep
triage-pass-2,unassuming,keep
triage-pass-2,unorganized,keep
triage-pass-2,upholds,keep
triage-pass-2,verity,keep
triage-pass-2,winking,keep
triage-pass-2,withering,keep
triage-pass-2,woodpecker,keep
triage-pass-2,workstations,keep
triage-pass-2,abscess,keep
triage-pass-2,absorbent,keep
triage-pass-2,acorns,keep
triage-pass-2,acrobatic,keep
triage-pass-2,acuity,keep
triage-pass-2,agate,keep
triage-pass-2,airstrip,keep
triage-pass-2,alkyl,ditch
triage-pass-2,amassing,keep
triage-pass-2,antiquarian,keep
triage-pass-2,antiseptic,keep
triage-pass-2,arbitrage,keep
triage-pass-2,archduke,keep
triage-pass-2,ascetic,keep
triage-pass-2,aspires,keep
triage-pass-2,aster,keep
triage-pass-2,attains,keep
triage-pass-2,attenuation,keep
triage-pass-2,avionics,keep
triage-pass-2,banshee,keep
triage-pass-2,barbs,keep
triage-pass-2,bedouin,ditch
triage-pass-2,beholden,keep
triage-pass-2,beholder,keep
triage-pass-2,blogged,keep
triage-pass-2,blushes,keep
triage-pass-2,boas,keep
triage-pass-2,bolivar,ditch
triage-pass-2,bookmarks,keep
triage-pass-2,bubblegum,keep
triage-pass-2,bungalows,keep
triage-pass-2,burg,keep
triage-pass-2,burp,keep
triage-pass-2,buttoned,keep
triage-pass-2,canto,keep
triage-pass-2,canvass,keep
triage-pass-2,cashback,keep
triage-pass-2,castings,keep
triage-pass-2,cathartic,keep
triage-pass-2,caucuses,keep
triage-pass-2,cementing,keep
triage-pass-2,centrifuge,keep
triage-pass-2,chestnuts,keep
triage-pass-2,ciao,keep
triage-pass-2,citywide,keep
triage-pass-2,cocker,keep
triage-pass-2,comatose,keep
triage-pass-2,comforter,keep
triage-pass-2,commissary,keep
triage-pass-2,compilers,keep
triage-pass-2,conclave,keep
triage-pass-2,concoction,keep
triage-pass-2,confers,keep
triage-pass-2,conspire,keep
triage-pass-2,corneal,keep
triage-pass-2,cornet,keep
triage-pass-2,cramming,keep
triage-pass-2,crawler,keep
triage-pass-2,cruised,keep
triage-pass-2,cuffed,keep
triage-pass-2,cynic,keep
triage-pass-2,daemon,keep
triage-pass-2,dampen,keep
triage-pass-2,defensible,keep
triage-pass-2,demolishing,keep
triage-pass-2,dentures,keep
triage-pass-2,descriptor,keep
triage-pass-2,diehard,keep
triage-pass-2,dipole,keep
triage-pass-2,disinfectant,keep
triage-pass-2,dissipation,keep
triage-pass-2,distracts,keep
triage-pass-2,divider,keep
triage-pass-2,downsides,keep
triage-pass-2,dynamism,keep
triage-pass-2,effigy,keep
triage-pass-2,encroaching,keep
triage-pass-2,entomology,keep
triage-pass-2,erred,keep
triage-pass-2,everyman,keep
triage-pass-2,excepting,keep
triage-pass-2,exclaims,keep
triage-pass-2,exclusives,keep
triage-pass-2,exterminated,keep
triage-pass-2,extravagance,keep
triage-pass-2,factually,keep
triage-pass-2,faker,keep
triage-pass-2,falconer,keep
triage-pass-2,figurehead,keep
triage-pass-2,fiscally,keep
triage-pass-2,flowered,keep
triage-pass-2,flume,keep
triage-pass-2,flyover,keep
triage-pass-2,focussing,keep
triage-pass-2,foils,keep
triage-pass-2,freelancers,keep
triage-pass-2,fretting,keep
triage-pass-2,gales,keep
triage-pass-2,gallbladder,keep
triage-pass-2,gatherers,keep
triage-pass-2,gestational,keep
triage-pass-2,gigabit,keep
triage-pass-2,girdle,keep
triage-pass-2,glut,keep
triage-pass-2,godless,keep
triage-pass-2,grandsons,keep
triage-pass-2,gripe,keep
triage-pass-2,gruff,keep
triage-pass-2,hark,keep
triage-pass-2,harmonics,keep
triage-pass-2,hatchery,keep
triage-pass-2,haystack,keep
triage-pass-2,hearthstone,keep
triage-pass-2,helical,keep
triage-pass-2,hemorrhagic,keep
triage-pass-2,homies,keep
triage-pass-2,hookah,keep
triage-pass-2,hundredth,keep
triage-pass-2,igneous,keep
triage-pass-2,imams,keep
triage-pass-2,imperfection,keep
triage-pass-2,implosion,keep
triage-pass-2,incredulous,keep
triage-pass-2,inherits,keep
triage-pass-2,intercepts,keep
triage-pass-2,interwoven,keep
triage-pass-2,intrude,keep
triage-pass-2,jeweler,keep
triage-pass-2,labors,keep
triage-pass-2,latched,keep
triage-pass-2,lengthen,keep
triage-pass-2,lineages,keep
triage-pass-2,liqueur,keep
triage-pass-2,locksmith,keep
triage-pass-2,locusts,keep
triage-pass-2,lolly,keep
triage-pass-2,lyrically,keep
triage-pass-2,maimed,keep
triage-pass-2,mallard,keep
triage-pass-2,mandating,keep
triage-pass-2,mariachi,keep
triage-pass-2,memorizing,keep
triage-pass-2,metabolite,ditch
triage-pass-2,midlife,keep
triage-pass-2,mired,keep
triage-pass-2,mistletoe,keep
triage-pass-2,modality,keep
triage-pass-2,modifiers,keep
triage-pass-2,moly,ditch
triage-pass-2,monetize,keep
triage-pass-2,monolith,keep
triage-pass-2,mumps,keep
triage-pass-2,mystics,keep
triage-pass-2,naturalists,keep
triage-pass-2,nudist,keep
triage-pass-2,nymphs,keep
triage-pass-2,orgies,keep
triage-pass-2,outlast,keep
triage-pass-2,panics,keep
triage-pass-2,paratroopers,keep
triage-pass-2,partitioning,keep
triage-pass-2,pathogenesis,ditch
triage-pass-2,pavements,keep
triage-pass-2,payloads,keep
triage-pass-2,phoning,keep
triage-pass-2,potash,keep
triage-pass-2,predisposed,keep
triage-pass-2,presentable,keep
triage-pass-2,processions,keep
triage-pass-2,provokes,keep
triage-pass-2,purports,keep
triage-pass-2,radiocarbon,keep
triage-pass-2,raunchy,keep
triage-pass-2,rebuked,keep
triage-pass-2,reeks,keep
triage-pass-2,refuges,keep
triage-pass-2,relaying,keep
triage-pass-2,remarking,keep
triage-pass-2,resetting,keep
triage-pass-2,reshuffle,keep
triage-pass-2,responder,keep
triage-pass-2,retiree,keep
triage-pass-2,roughness,keep
triage-pass-2,salter,ditch
triage-pass-2,salve,keep
triage-pass-2,sanatorium,keep
triage-pass-2,scaly,keep
triage-pass-2,scamming,keep
triage-pass-2,scold,keep
triage-pass-2,seducing,keep
triage-pass-2,shined,keep
triage-pass-2,smearing,keep
triage-pass-2,smudge,keep
triage-pass-2,speckled,keep
triage-pass-2,subtype,keep
triage-pass-2,subtypes,keep
triage-pass-2,supplanted,keep
triage-pass-2,surfboard,keep
triage-pass-2,swatch,keep
triage-pass-2,sweatshirts,keep
triage-pass-2,switchboard,keep
triage-pass-2,synthesizer,keep
triage-pass-2,taboos,keep
triage-pass-2,telecoms,keep
triage-pass-2,tempers,keep
triage-pass-2,terrorized,keep
triage-pass-2,terrorizing,keep
triage-pass-2,thebes,ditch
triage-pass-2,toenails,keep
triage-pass-2,toothpick,keep
triage-pass-2,touting,keep
triage-pass-2,tradesmen,keep
triage-pass-2,transporters,keep
triage-pass-2,trifecta,keep
triage-pass-2,trumped,keep
triage-pass-2,twinkling,keep
triage-pass-2,undertones,keep
triage-pass-2,unfairness,keep
triage-pass-2,unwieldy,keep
triage-pass-2,urinate,keep
triage-pass-2,urology,keep
triage-pass-2,vertebral,keep
triage-pass-2,vibrates,keep
triage-pass-2,vignettes,keep
triage-pass-2,vocalists,keep
triage-pass-2,voids,keep
triage-pass-2,waitresses,keep
triage-pass-2,warping,keep
triage-pass-2,whisperer,keep
triage-pass-2,whitewash,keep
triage-pass-2,whitewashed,keep
triage-pass-2,widths,keep
triage-pass-2,wingspan,keep
triage-pass-2,wiper,keep
triage-pass-2,wipers,keep
triage-pass-2,wristband,keep
triage-pass-2,abdication,keep
triage-pass-2,admittance,keep
triage-pass-2,aggravate,keep
triage-pass-2,airbase,keep
triage-pass-2,alcohols,keep
triage-pass-2,alpaca,keep
triage-pass-2,alveolar,keep
triage-pass-2,ambivalence,keep
triage-pass-2,amphitheater,keep
triage-pass-2,appendages,keep
triage-pass-2,appraisals,keep
triage-pass-2,appraiser,keep
triage-pass-2,arboretum,keep
triage-pass-2,archivist,keep
triage-pass-2,argent,ditch
triage-pass-2,arraignment,keep
triage-pass-2,astrologer,keep
triage-pass-2,banknotes,keep
triage-pass-2,beaker,keep
triage-pass-2,belted,keep
triage-pass-2,bereft,keep
triage-pass-2,bicentennial,keep
triage-pass-2,blackberries,keep
triage-pass-2,blameless,keep
triage-pass-2,blindfold,keep
triage-pass-2,bobcat,keep
triage-pass-2,booties,keep
triage-pass-2,bottlenecks,keep
triage-pass-2,bravado,keep
triage-pass-2,brokered,keep
triage-pass-2,bucking,keep
triage-pass-2,buffoon,keep
triage-pass-2,bullseye,keep
triage-pass-2,bumbling,keep
triage-pass-2,candor,keep
triage-pass-2,canines,keep
triage-pass-2,capitalizing,keep
triage-pass-2,carats,keep
triage-pass-2,caretakers,keep
triage-pass-2,cassava,keep
triage-pass-2,cellulite,keep
triage-pass-2,changers,keep
triage-pass-2,chaste,keep
triage-pass-2,clamoring,keep
triage-pass-2,cobbled,keep
triage-pass-2,communicable,keep
triage-pass-2,compatriot,keep
triage-pass-2,computations,keep
triage-pass-2,consuls,keep
triage-pass-2,convergent,keep
triage-pass-2,cosmological,keep
triage-pass-2,cossack,ditch
triage-pass-2,craps,keep
triage-pass-2,crazies,keep
triage-pass-2,creaking,keep
triage-pass-2,creatine,keep
triage-pass-2,creatives,keep
triage-pass-2,crick,keep
triage-pass-2,crumbles,keep
triage-pass-2,decomposing,keep
triage-pass-2,deploys,keep
triage-pass-2,derision,keep
triage-pass-2,dermal,keep
triage-pass-2,destabilize,keep
triage-pass-2,diameters,keep
triage-pass-2,dollhouse,keep
triage-pass-2,donned,keep
triage-pass-2,dosages,keep
triage-pass-2,dramatist,keep
triage-pass-2,dressage,keep
triage-pass-2,dunks,keep
triage-pass-2,dysentery,keep
triage-pass-2,ecologically,keep
triage-pass-2,elaborating,keep
triage-pass-2,emeralds,keep
triage-pass-2,enumerated,keep
triage-pass-2,executable,keep
triage-pass-2,extradited,keep
triage-pass-2,faltered,keep
triage-pass-2,filet,keep
triage-pass-2,firmness,keep
triage-pass-2,flipper,keep
triage-pass-2,follicle,keep
triage-pass-2,foreclosures,keep
triage-pass-2,frayed,keep
triage-pass-2,furlong,keep
triage-pass-2,genocidal,keep
triage-pass-2,germination,keep
triage-pass-2,geyser,keep
triage-pass-2,gibbon,keep
triage-pass-2,gimp,ditch
triage-pass-2,glorifying,keep
triage-pass-2,goodie,keep
triage-pass-2,gorges,keep
triage-pass-2,greaves,keep
triage-pass-2,greening,keep
triage-pass-2,grinders,keep
triage-pass-2,grooms,keep
triage-pass-2,grumble,keep
triage-pass-2,hairspray,keep
triage-pass-2,hardback,keep
triage-pass-2,healthful,keep
triage-pass-2,hearse,keep
triage-pass-2,helplessly,keep
triage-pass-2,heralds,keep
triage-pass-2,herbicide,keep
triage-pass-2,homemaker,keep
triage-pass-2,hotdog,keep
triage-pass-2,hots,keep
triage-pass-2,hunched,keep
triage-pass-2,hyena,keep
triage-pass-2,igniting,keep
triage-pass-2,illuminates,keep
triage-pass-2,immaturity,keep
triage-pass-2,impeding,keep
triage-pass-2,impostor,keep
triage-pass-2,incensed,keep
triage-pass-2,inclement,keep
triage-pass-2,inferences,keep
triage-pass-2,ingesting,keep
triage-pass-2,intercepting,keep
triage-pass-2,iridescent,keep
triage-pass-2,justifiably,keep
triage-pass-2,kilowatt,keep
triage-pass-2,knelt,keep
triage-pass-2,laborious,keep
triage-pass-2,landfills,keep
triage-pass-2,lavishly,keep
triage-pass-2,legible,keep
triage-pass-2,lingual,keep
triage-pass-2,liquidate,keep
triage-pass-2,livable,keep
triage-pass-2,lobo,ditch
triage-pass-2,loomed,keep
triage-pass-2,lowercase,keep
triage-pass-2,lusty,keep
triage-pass-2,maddening,keep
triage-pass-2,malnourished,keep
triage-pass-2,manna,keep
triage-pass-2,massaging,keep
triage-pass-2,messier,keep
triage-pass-2,microcosm,keep
triage-pass-2,milos,ditch
triage-pass-2,miscarriages,keep
triage-pass-2,misdeeds,keep
triage-pass-2,moaned,keep
triage-pass-2,multifaceted,keep
triage-pass-2,multiplicity,keep
triage-pass-2,neurosurgeon,keep
triage-pass-2,nullified,keep
triage-pass-2,nutter,keep
triage-pass-2,obsessively,keep
triage-pass-2,olde,ditch
triage-pass-2,orangutan,keep
triage-pass-2,orbs,keep
triage-pass-2,oregano,keep
triage-pass-2,organics,keep
triage-pass-2,orig,ditch
triage-pass-2,outdone,keep
triage-pass-2,outplayed,keep
triage-pass-2,outrageously,keep
triage-pass-2,palisades,keep
triage-pass-2,paraphrasing,keep
triage-pass-2,partied,keep
triage-pass-2,passable,keep
triage-pass-2,pasting,keep
triage-pass-2,patted,keep
triage-pass-2,pease,ditch
triage-pass-2,peels,keep
triage-pass-2,peeve,keep
triage-pass-2,pendants,keep
triage-pass-2,perishable,keep
triage-pass-2,personas,keep
triage-pass-2,perv,keep
triage-pass-2,pinks,keep
triage-pass-2,plunges,keep
triage-pass-2,politburo,keep
triage-pass-2,polystyrene,keep
triage-pass-2,pontiff,keep
triage-pass-2,portrayals,keep
triage-pass-2,postulated,keep
triage-pass-2,preemptive,keep
triage-pass-2,pretender,keep
triage-pass-2,primers,keep
triage-pass-2,proletarian,keep
triage-pass-2,prolonging,keep
triage-pass-2,prong,keep
triage-pass-2,prosthesis,keep
triage-pass-2,prosthetics,keep
triage-pass-2,puny,keep
triage-pass-2,quarrels,keep
triage-pass-2,quilted,keep
triage-pass-2,quilts,keep
triage-pass-2,radium,keep
triage-pass-2,ramming,keep
triage-pass-2,rancid,keep
triage-pass-2,reassess,keep
triage-pass-2,recoverable,keep
triage-pass-2,rectangles,keep
triage-pass-2,rediscover,keep
triage-pass-2,reissued,keep
triage-pass-2,reorganize,keep
triage-pass-2,replayed,keep
triage-pass-2,reservists,keep
triage-pass-2,resonator,keep
triage-pass-2,restlessness,keep
triage-pass-2,retaliated,keep
triage-pass-2,retirements,keep
triage-pass-2,revives,keep
triage-pass-2,revolted,keep
triage-pass-2,royalist,keep
triage-pass-2,sawed,keep
triage-pass-2,schilling,keep
triage-pass-2,sculpt,keep
triage-pass-2,selectivity,keep
triage-pass-2,shatters,keep
triage-pass-2,shopkeepers,keep
triage-pass-2,sicker,keep
triage-pass-2,signified,keep
triage-pass-2,skated,keep
triage-pass-2,sloop,keep
triage-pass-2,snoopy,keep
triage-pass-2,sobbed,keep
triage-pass-2,spotter,keep
triage-pass-2,squint,keep
triage-pass-2,stenosis,ditch
triage-pass-2,subsystems,keep
triage-pass-2,suffocation,keep
triage-pass-2,surpluses,keep
triage-pass-2,surrenders,keep
triage-pass-2,syndication,keep
triage-pass-2,tailgating,keep
triage-pass-2,tapestries,keep
triage-pass-2,teamsters,keep
triage-pass-2,tenfold,keep
triage-pass-2,terrify,keep
triage-pass-2,thrall,keep
triage-pass-2,throng,keep
triage-pass-2,togetherness,keep
triage-pass-2,tolerances,keep
triage-pass-2,tongs,keep
triage-pass-2,traceable,keep
triage-pass-2,trite,keep
triage-pass-2,tryouts,keep
triage-pass-2,tusks,keep
triage-pass-2,undamaged,keep
triage-pass-2,unpacked,keep
triage-pass-2,unrivalled,keep
triage-pass-2,urinating,keep
triage-pass-2,verily,keep
triage-pass-2,visualized,keep
triage-pass-2,vitae,ditch
triage-pass-2,vocally,keep
triage-pass-2,wadi,ditch
triage-pass-2,wallow,keep
triage-pass-2,washroom,keep
triage-pass-2,widgets,keep
triage-pass-2,wily,keep
triage-pass-2,winks,keep
triage-pass-2,workhouse,keep
triage-pass-2,worshiping,keep
triage-pass-2,acetone,keep
triage-pass-2,actuarial,keep
triage-pass-2,allot,keep
triage-pass-2,amine,ditch
triage-pass-2,anathema,keep
triage-pass-2,appeasement,keep
triage-pass-2,artisanal,keep
triage-pass-2,ascertained,keep
triage-pass-2,aureus,ditch
triage-pass-2,bantam,keep
triage-pass-2,barked,keep
triage-pass-2,barrack,keep
triage-pass-2,batty,keep
triage-pass-2,bellow,keep
triage-pass-2,belvedere,ditch
triage-pass-2,benefactors,keep
triage-pass-2,betta,keep
triage-pass-2,bitty,keep
triage-pass-2,blurb,keep
triage-pass-2,bonsai,keep
triage-pass-2,boyish,keep
triage-pass-2,buckwheat,keep
triage-pass-2,bushel,keep
triage-pass-2,busses,keep
triage-pass-2,buttercup,keep
triage-pass-2,calibrate,keep
triage-pass-2,callback,keep
triage-pass-2,campsites,keep
triage-pass-2,candlestick,keep
triage-pass-2,capricious,keep
triage-pass-2,carcinogenic,keep
triage-pass-2,cataracts,keep
triage-pass-2,cation,keep
triage-pass-2,caveats,keep
triage-pass-2,centaur,keep
triage-pass-2,centipede,keep
triage-pass-2,chested,keep
triage-pass-2,chiffon,keep
triage-pass-2,chirp,keep
triage-pass-2,chloroform,keep
triage-pass-2,chromatin,ditch
triage-pass-2,clays,keep
triage-pass-2,clogs,keep
triage-pass-2,coaxial,keep
triage-pass-2,colluding,keep
triage-pass-2,commutes,keep
triage-pass-2,completions,keep
triage-pass-2,conch,keep
triage-pass-2,concocted,keep
triage-pass-2,conditioners,keep
triage-pass-2,conspirator,keep
triage-pass-2,conveyance,keep
triage-pass-2,corrie,ditch
triage-pass-2,cotter,ditch
triage-pass-2,cottonwood,keep
triage-pass-2,cranberries,keep
triage-pass-2,crankshaft,keep
triage-pass-2,crossbar,keep
triage-pass-2,cytokines,ditch
triage-pass-2,dawning,keep
triage-pass-2,delicacies,keep
triage-pass-2,demarcation,keep
triage-pass-2,desalination,keep
triage-pass-2,desktops,keep
triage-pass-2,dildos,keep
triage-pass-2,dimly,keep
triage-pass-2,discernment,keep
triage-pass-2,dislodge,keep
triage-pass-2,dismembered,keep
triage-pass-2,disrepair,keep
triage-pass-2,doings,keep
triage-pass-2,doorman,keep
triage-pass-2,duets,keep
triage-pass-2,easement,keep
triage-pass-2,emulated,keep
triage-pass-2,emulating,keep
triage-pass-2,endorphins,keep
triage-pass-2,engrossed,keep
triage-pass-2,entwined,keep
triage-pass-2,euclidean,ditch
triage-pass-2,evacuations,keep
triage-pass-2,exponents,keep
triage-pass-2,extraneous,keep
triage-pass-2,exuberance,keep
triage-pass-2,eyeglasses,keep
triage-pass-2,falsehoods,keep
triage-pass-2,familiarize,keep
triage-pass-2,fastening,keep
triage-pass-2,ferrous,keep
triage-pass-2,feta,keep
triage-pass-2,forearms,keep
triage-pass-2,foreboding,keep
triage-pass-2,gatekeeper,keep
triage-pass-2,golem,keep
triage-pass-2,gossiping,keep
triage-pass-2,grafting,keep
triage-pass-2,granules,keep
triage-pass-2,gridlock,keep
triage-pass-2,guarantor,keep
triage-pass-2,hares,keep
triage-pass-2,herbaceous,keep
triage-pass-2,hither,keep
triage-pass-2,homeboy,keep
triage-pass-2,honing,keep
triage-pass-2,honorably,keep
triage-pass-2,hurriedly,keep
triage-pass-2,hyping,keep
triage-pass-2,idioms,keep
triage-pass-2,illusory,keep
triage-pass-2,illustrators,keep
triage-pass-2,inadequacy,keep
triage-pass-2,inadvertent,keep
triage-pass-2,inaudible,keep
triage-pass-2,incapacity,keep
triage-pass-2,industrious,keep
triage-pass-2,infects,keep
triage-pass-2,inflating,keep
triage-pass-2,ingress,keep
triage-pass-2,insufferable,keep
triage-pass-2,interred,keep
triage-pass-2,intrusions,keep
triage-pass-2,isometric,keep
triage-pass-2,journeyed,keep
triage-pass-2,jute,keep
triage-pass-2,layoff,keep
triage-pass-2,leper,keep
triage-pass-2,levee,keep
triage-pass-2,lido,ditch
triage-pass-2,loci,keep
triage-pass-2,loos,keep
triage-pass-2,lotteries,keep
triage-pass-2,loudspeakers,keep
triage-pass-2,lucerne,ditch
triage-pass-2,lurch,keep
triage-pass-2,magnificence,keep
triage-pass-2,majored,keep
triage-pass-2,malfunctions,keep
triage-pass-2,mamas,keep
triage-pass-2,mangoes,keep
triage-pass-2,margaritas,keep
triage-pass-2,martens,keep
triage-pass-2,matchmaker,keep
triage-pass-2,measly,keep
triage-pass-2,megapixel,keep
triage-pass-2,meringue,keep
triage-pass-2,minstrel,keep
triage-pass-2,moronic,keep
triage-pass-2,mouthing,keep
triage-pass-2,muddle,keep
triage-pass-2,nabbed,keep
triage-pass-2,narrate,keep
triage-pass-2,naturalism,keep
triage-pass-2,navigated,keep
triage-pass-2,neoclassical,keep
triage-pass-2,neutered,keep
triage-pass-2,newsworthy,keep
triage-pass-2,normalizing,keep
triage-pass-2,northerners,keep
triage-pass-2,obliterate,keep
triage-pass-2,oeuvre,keep
triage-pass-2,omnipresent,keep
triage-pass-2,osmosis,keep
triage-pass-2,outcrops,keep
triage-pass-2,overhang,keep
triage-pass-2,paganism,keep
triage-pass-2,pail,keep
triage-pass-2,palatine,ditch
triage-pass-2,paleontology,keep
triage-pass-2,parabolic,keep
triage-pass-2,paradoxes,keep
triage-pass-2,pare,keep
triage-pass-2,parkour,keep
triage-pass-2,parlance,keep
triage-pass-2,permafrost,keep
triage-pass-2,permutations,keep
triage-pass-2,persecute,keep
triage-pass-2,phat,keep
triage-pass-2,pixies,keep
triage-pass-2,plexus,keep
triage-pass-2,politic,keep
triage-pass-2,poncho,keep
triage-pass-2,poolside,keep
triage-pass-2,preeminent,keep
triage-pass-2,premiering,keep
triage-pass-2,presbytery,ditch
triage-pass-2,preservative,keep
triage-pass-2,presser,keep
triage-pass-2,propelling,keep
triage-pass-2,propriety,keep
triage-pass-2,pythons,keep
triage-pass-2,quartered,keep
triage-pass-2,rattles,keep
triage-pass-2,recitals,keep
triage-pass-2,rejuvenation,keep
triage-pass-2,repatriated,keep
triage-pass-2,resection,keep
triage-pass-2,reseller,keep
triage-pass-2,robles,ditch
triage-pass-2,ruffle,keep
triage-pass-2,sarcophagus,keep
triage-pass-2,scab,keep
triage-pass-2,scoot,keep
triage-pass-2,scratchy,keep
triage-pass-2,scuffle,keep
triage-pass-2,secede,keep
triage-pass-2,seep,keep
triage-pass-2,sensuous,keep
triage-pass-2,shaver,keep
triage-pass-2,sideboard,keep
triage-pass-2,silks,keep
triage-pass-2,silliness,keep
triage-pass-2,sills,keep
triage-pass-2,skittles,keep
triage-pass-2,skyrocket,keep
triage-pass-2,softest,keep
triage-pass-2,spate,keep
triage-pass-2,spellings,keep
triage-pass-2,splinters,keep
triage-pass-2,stealthy,keep
triage-pass-2,stereotyped,keep
triage-pass-2,storybook,keep
triage-pass-2,stowed,keep
triage-pass-2,strobe,keep
triage-pass-2,stylists,keep
triage-pass-2,subduction,keep
triage-pass-2,submersible,keep
triage-pass-2,suburbia,keep
triage-pass-2,superlative,keep
triage-pass-2,surmounted,keep
triage-pass-2,sylvan,keep
triage-pass-2,symphonies,keep
triage-pass-2,tabby,keep
triage-pass-2,technologist,keep
triage-pass-2,terrorize,keep
triage-pass-2,thorium,keep
triage-pass-2,throes,keep
triage-pass-2,tilts,keep
triage-pass-2,tomboy,keep
triage-pass-2,tonsils,keep
triage-pass-2,transfusions,keep
triage-pass-2,traumas,keep
triage-pass-2,tricycle,keep
triage-pass-2,unaltered,keep
triage-pass-2,unapologetic,keep
triage-pass-2,unclassified,keep
triage-pass-2,uncool,keep
triage-pass-2,unloved,keep
triage-pass-2,unmasked,keep
triage-pass-2,unsightly,keep
triage-pass-2,uptick,keep
triage-pass-2,urchin,keep
triage-pass-2,vandal,keep
triage-pass-2,violators,keep
triage-pass-2,vise,keep
triage-pass-2,watertight,keep
triage-pass-2,wavering,keep
triage-pass-2,wherefore,keep
triage-pass-2,wildflowers,keep
triage-pass-2,windward,keep
triage-pass-2,woodcock,keep
triage-pass-2,abstained,keep
triage-pass-2,accretion,keep
triage-pass-2,activator,keep
triage-pass-2,affirmations,keep
triage-pass-2,afresh,keep
triage-pass-2,allotments,keep
triage-pass-2,annular,keep
triage-pass-2,appetizers,keep
triage-pass-2,appraised,keep
triage-pass-2,appreciable,keep
triage-pass-2,associative,keep
triage-pass-2,asst,ditch
triage-pass-2,assuredly,keep
triage-pass-2,auctioneers,keep
triage-pass-2,aural,keep
triage-pass-2,automakers,keep
triage-pass-2,backroom,keep
triage-pass-2,baited,keep
triage-pass-2,barracuda,keep
triage-pass-2,benefitting,keep
triage-pass-2,benevolence,keep
triage-pass-2,bettering,keep
triage-pass-2,bewitched,keep
triage-pass-2,blimp,keep
triage-pass-2,bodywork,keep
triage-pass-2,bondholders,keep
triage-pass-2,bookcase,keep
triage-pass-2,bracken,keep
triage-pass-2,bridle,keep
triage-pass-2,bullshitting,keep
triage-pass-2,castration,keep
triage-pass-2,caudal,ditch
triage-pass-2,chews,keep
triage-pass-2,chiles,keep
triage-pass-2,choruses,keep
triage-pass-2,chowder,keep
triage-pass-2,clary,ditch
triage-pass-2,clinching,keep
triage-pass-2,cogs,keep
triage-pass-2,collarbone,keep
triage-pass-2,colonize,keep
triage-pass-2,condolence,keep
triage-pass-2,conjugated,keep
triage-pass-2,conquerors,keep
triage-pass-2,consents,keep
triage-pass-2,crackle,keep
triage-pass-2,crematorium,keep
triage-pass-2,crests,keep
triage-pass-2,croissant,keep
triage-pass-2,crustaceans,keep
triage-pass-2,cryogenic,keep
triage-pass-2,curbs,keep
triage-pass-2,dally,keep
triage-pass-2,decoded,keep
triage-pass-2,delving,keep
triage-pass-2,demonstrably,keep
triage-pass-2,deniers,keep
triage-pass-2,depositors,keep
triage-pass-2,despises,keep
triage-pass-2,devolve,keep
triage-pass-2,devotes,keep
triage-pass-2,diffuser,keep
triage-pass-2,dispersing,keep
triage-pass-2,disposals,keep
triage-pass-2,dupe,keep
triage-pass-2,duster,keep
triage-pass-2,eatery,keep
triage-pass-2,electronica,keep
triage-pass-2,elms,keep
triage-pass-2,elongate,keep
triage-pass-2,elude,keep
triage-pass-2,embattled,keep
triage-pass-2,enamored,keep
triage-pass-2,encephalitis,keep
triage-pass-2,endowments,keep
triage-pass-2,enthralled,keep
triage-pass-2,escalates,keep
triage-pass-2,esplanade,keep
triage-pass-2,etch,keep
triage-pass-2,evangelists,keep
triage-pass-2,excavating,keep
triage-pass-2,expelling,keep
triage-pass-2,fairgrounds,keep
triage-pass-2,fallacies,keep
triage-pass-2,farted,keep
triage-pass-2,favoritism,keep
triage-pass-2,fenders,keep
triage-pass-2,fervently,keep
triage-pass-2,feudalism,keep
triage-pass-2,fireproof,keep
triage-pass-2,flounder,keep
triage-pass-2,foetus,keep
triage-pass-2,forthright,keep
triage-pass-2,geisha,keep
triage-pass-2,gemstones,keep
triage-pass-2,glade,keep
triage-pass-2,glassy,keep
triage-pass-2,gleefully,keep
triage-pass-2,glycogen,keep
triage-pass-2,godsend,keep
triage-pass-2,grasshoppers,keep
triage-pass-2,groped,keep
triage-pass-2,grubby,keep
triage-pass-2,guan,ditch
triage-pass-2,gulch,keep
triage-pass-2,gynecologist,keep
triage-pass-2,hacienda,keep
triage-pass-2,hairpin,keep
triage-pass-2,harnesses,keep
triage-pass-2,hatter,keep
triage-pass-2,hazelnut,keep
triage-pass-2,hiker,keep
triage-pass-2,homologous,keep
triage-pass-2,horseshit,keep
triage-pass-2,howls,keep
triage-pass-2,hummer,keep
triage-pass-2,hydrating,keep
triage-pass-2,immovable,keep
triage-pass-2,impaled,keep
triage-pass-2,inspectorate,keep
triage-pass-2,interstitial,keep
triage-pass-2,inverter,keep
triage-pass-2,irate,keep
triage-pass-2,jugular,keep
triage-pass-2,kickstart,keep
triage-pass-2,knockdown,keep
triage-pass-2,lagoons,keep
triage-pass-2,lessening,keep
triage-pass-2,lethargic,keep
triage-pass-2,liberator,keep
triage-pass-2,ligature,keep
triage-pass-2,lipped,keep
triage-pass-2,littering,keep
triage-pass-2,livers,keep
triage-pass-2,longhorns,keep
triage-pass-2,loony,keep
triage-pass-2,loveliest,keep
triage-pass-2,maggot,keep
triage-pass-2,mambo,keep
triage-pass-2,mandala,keep
triage-pass-2,mandolin,keep
triage-pass-2,marinated,keep
triage-pass-2,mediaeval,keep
triage-pass-2,megaphone,keep
triage-pass-2,megawatts,keep
triage-pass-2,milfs,keep
triage-pass-2,militarism,keep
triage-pass-2,misfortunes,keep
triage-pass-2,mismatched,keep
triage-pass-2,missus,keep
triage-pass-2,modernizing,keep
triage-pass-2,moped,keep
triage-pass-2,mountaineers,keep
triage-pass-2,mugging,keep
triage-pass-2,multiplex,keep
triage-pass-2,nickels,keep
triage-pass-2,obstructions,keep
triage-pass-2,oncologist,keep
triage-pass-2,onside,keep
triage-pass-2,opiates,keep
triage-pass-2,optimally,keep
triage-pass-2,optionally,keep
triage-pass-2,oscillating,keep
triage-pass-2,outperformed,keep
triage-pass-2,overlaid,keep
triage-pass-2,overlapped,keep
triage-pass-2,pamper,keep
triage-pass-2,panacea,keep
triage-pass-2,parietal,keep
triage-pass-2,patronizing,keep
triage-pass-2,pauper,keep
triage-pass-2,peppered,keep
triage-pass-2,pestilence,keep
triage-pass-2,pews,keep
triage-pass-2,pewter,keep
triage-pass-2,pineapples,keep
triage-pass-2,pippin,keep
triage-pass-2,plenum,ditch
triage-pass-2,polygraph,keep
triage-pass-2,popup,keep
triage-pass-2,precipitate,keep
triage-pass-2,principality,keep
triage-pass-2,pronged,keep
triage-pass-2,proofing,keep
triage-pass-2,propping,keep
triage-pass-2,protease,ditch
triage-pass-2,punchline,keep
triage-pass-2,purges,keep
triage-pass-2,radish,keep
triage-pass-2,receded,keep
triage-pass-2,reciprocate,keep
triage-pass-2,recklessness,keep
triage-pass-2,regenerating,keep
triage-pass-2,remaking,keep
triage-pass-2,repetitions,keep
triage-pass-2,restock,keep
triage-pass-2,restorations,keep
triage-pass-2,retweets,keep
triage-pass-2,roasts,keep
triage-pass-2,rotunda,keep
triage-pass-2,roundhouse,keep
triage-pass-2,rowed,keep
triage-pass-2,sanctioning,keep
triage-pass-2,sawing,keep
triage-pass-2,scarab,keep
triage-pass-2,scoff,keep
triage-pass-2,scythe,keep
triage-pass-2,secretions,keep
triage-pass-2,sedated,keep
triage-pass-2,sepia,keep
triage-pass-2,shamans,keep
triage-pass-2,shoveling,keep
triage-pass-2,silvers,keep
triage-pass-2,sketchbook,keep
triage-pass-2,skirting,keep
triage-pass-2,slapstick,keep
triage-pass-2,slinging,keep
triage-pass-2,sourdough,keep
triage-pass-2,spiking,keep
triage-pass-2,spires,keep
triage-pass-2,sprinters,keep
triage-pass-2,sprouted,keep
triage-pass-2,staircases,keep
triage-pass-2,stepdaughter,keep
triage-pass-2,stoney,keep
triage-pass-2,strategists,keep
triage-pass-2,stupendous,keep
triage-pass-2,sunbathing,keep
triage-pass-2,surrealism,keep
triage-pass-2,tabor,ditch
triage-pass-2,telepathic,keep
triage-pass-2,telescopic,keep
triage-pass-2,tellers,keep
triage-pass-2,tenderly,keep
triage-pass-2,termite,keep
triage-pass-2,thickens,keep
triage-pass-2,thongs,keep
triage-pass-2,timetables,keep
triage-pass-2,tortoises,keep
triage-pass-2,transgenic,keep
triage-pass-2,trimmer,keep
triage-pass-2,underscored,keep
triage-pass-2,undiagnosed,keep
triage-pass-2,unease,keep
triage-pass-2,unrequited,keep
triage-pass-2,urinal,keep
triage-pass-2,usurped,keep
triage-pass-2,vagabond,keep
triage-pass-2,vestiges,keep
triage-pass-2,vipers,keep
triage-pass-2,visage,keep
triage-pass-2,webcams,keep
triage-pass-2,weeps,keep
triage-pass-2,wether,ditch
triage-pass-2,winked,keep
triage-pass-2,writhing,keep
triage-pass-2,yardage,keep
triage-pass-2,ablation,keep
triage-pass-2,accelerators,keep
triage-pass-2,actuator,keep
triage-pass-2,admirals,keep
triage-pass-2,adrenalin,keep
triage-pass-2,advertises,keep
triage-pass-2,agribusiness,keep
triage-pass-2,algorithmic,keep
triage-pass-2,alignments,keep
triage-pass-2,alleviating,keep
triage-pass-2,amass,keep
triage-pass-2,amok,keep
triage-pass-2,androgen,keep
triage-pass-2,angina,keep
triage-pass-2,animating,keep
triage-pass-2,anthologies,keep
triage-pass-2,apolitical,keep
triage-pass-2,apologist,keep
triage-pass-2,arcades,keep
triage-pass-2,archeology,keep
triage-pass-2,astrological,keep
triage-pass-2,auger,keep
triage-pass-2,babble,keep
triage-pass-2,bankruptcies,keep
triage-pass-2,barman,keep
triage-pass-2,barrows,keep
triage-pass-2,beachfront,keep
triage-pass-2,blighted,keep
triage-pass-2,blinks,keep
triage-pass-2,borrowings,keep
triage-pass-2,bouncers,keep
triage-pass-2,buoys,keep
triage-pass-2,camouflaged,keep
triage-pass-2,catalogued,keep
triage-pass-2,catastrophes,keep
triage-pass-2,chalkboard,keep
triage-pass-2,cheerios,ditch
triage-pass-2,cockney,keep
triage-pass-2,collated,keep
triage-pass-2,comically,keep
triage-pass-2,commoners,keep
triage-pass-2,compiles,keep
triage-pass-2,conjoined,keep
triage-pass-2,credo,keep
triage-pass-2,crevices,keep
triage-pass-2,critter,keep
triage-pass-2,culminates,keep
triage-pass-2,cytoplasm,keep
triage-pass-2,deadbeat,keep
triage-pass-2,debauchery,keep
triage-pass-2,decrepit,keep
triage-pass-2,dejected,keep
triage-pass-2,dented,keep
triage-pass-2,deprecating,keep
triage-pass-2,derided,keep
triage-pass-2,designates,keep
triage-pass-2,despatched,keep
triage-pass-2,dimples,keep
triage-pass-2,dirtiest,keep
triage-pass-2,driest,keep
triage-pass-2,dubbing,keep
triage-pass-2,dweller,keep
triage-pass-2,dynastic,keep
triage-pass-2,embolism,keep
triage-pass-2,enclose,keep
triage-pass-2,eradicating,keep
triage-pass-2,esophageal,keep
triage-pass-2,firs,keep
triage-pass-2,flashlights,keep
triage-pass-2,flaunting,keep
triage-pass-2,flavoring,keep
triage-pass-2,flirtatious,keep
triage-pass-2,flue,keep
triage-pass-2,formulae,keep
triage-pass-2,frescoes,keep
triage-pass-2,gatherer,keep
triage-pass-2,generative,keep
triage-pass-2,gentleness,keep
triage-pass-2,ghouls,keep
triage-pass-2,globalist,keep
triage-pass-2,gnarly,keep
triage-pass-2,gnostic,keep
triage-pass-2,greenbelt,keep
triage-pass-2,handicrafts,keep
triage-pass-2,headliners,keep
triage-pass-2,hippos,keep
triage-pass-2,inaccuracy,keep
triage-pass-2,inadmissible,keep
triage-pass-2,indecision,keep
triage-pass-2,indomitable,keep
triage-pass-2,infidel,keep
triage-pass-2,inhabits,keep
triage-pass-2,insemination,keep
triage-pass-2,insinuating,keep
triage-pass-2,inst,ditch
triage-pass-2,intelligible,keep
triage-pass-2,intervenes,keep
triage-pass-2,ionizing,keep
triage-pass-2,irrevocably,keep
triage-pass-2,islets,keep
triage-pass-2,judgemental,keep
triage-pass-2,kidnapper,keep
triage-pass-2,krypton,keep
triage-pass-2,lapel,keep
triage-pass-2,leaped,keep
triage-pass-2,lichen,keep
triage-pass-2,lino,ditch
triage-pass-2,litmus,keep
triage-pass-2,magnify,keep
triage-pass-2,marques,keep
triage-pass-2,matador,keep
triage-pass-2,meniscus,keep
triage-pass-2,menthol,keep
triage-pass-2,methodically,keep
triage-pass-2,mightily,keep
triage-pass-2,misjudged,keep
triage-pass-2,miso,keep
triage-pass-2,monotone,keep
triage-pass-2,monstrosity,keep
triage-pass-2,mourns,keep
triage-pass-2,mowed,keep
triage-pass-2,muskets,keep
triage-pass-2,mutter,keep
triage-pass-2,navigators,keep
triage-pass-2,nostril,keep
triage-pass-2,nothings,keep
triage-pass-2,numeral,keep
triage-pass-2,oddity,keep
triage-pass-2,odious,keep
triage-pass-2,offbeat,keep
triage-pass-2,omens,keep
triage-pass-2,opportunist,keep
triage-pass-2,orifice,keep
triage-pass-2,overcoat,keep
triage-pass-2,overreaction,keep
triage-pass-2,overused,keep
triage-pass-2,painkiller,keep
triage-pass-2,pansy,keep
triage-pass-2,parading,keep
triage-pass-2,pathologists,keep
triage-pass-2,patter,keep
triage-pass-2,peerage,keep
triage-pass-2,permissive,keep
triage-pass-2,phrased,keep
triage-pass-2,pieced,keep
triage-pass-2,placate,keep
triage-pass-2,ploughed,keep
triage-pass-2,polynomials,keep
triage-pass-2,posited,keep
triage-pass-2,powdery,keep
triage-pass-2,pram,keep
triage-pass-2,prescriptive,keep
triage-pass-2,preying,keep
triage-pass-2,purifying,keep
triage-pass-2,puritans,keep
triage-pass-2,radicalized,keep
triage-pass-2,rampart,keep
triage-pass-2,rapporteur,ditch
triage-pass-2,reaped,keep
triage-pass-2,recesses,keep
triage-pass-2,redeemable,keep
triage-pass-2,redistribute,keep
triage-pass-2,refraction,keep
triage-pass-2,reinvented,keep
triage-pass-2,rejections,keep
triage-pass-2,rejuvenated,keep
triage-pass-2,reloading,keep
triage-pass-2,remittances,keep
triage-pass-2,renewals,keep
triage-pass-2,renter,keep
triage-pass-2,revels,keep
triage-pass-2,revolvers,keep
triage-pass-2,ringside,keep
triage-pass-2,rinsed,keep
triage-pass-2,riverbank,keep
triage-pass-2,roofed,keep
triage-pass-2,rowers,keep
triage-pass-2,safes,keep
triage-pass-2,scoundrel,keep
triage-pass-2,scouted,keep
triage-pass-2,seamstress,keep
triage-pass-2,shifty,keep
triage-pass-2,showman,keep
triage-pass-2,slacking,keep
triage-pass-2,slashes,keep
triage-pass-2,slob,keep
triage-pass-2,sneezes,keep
triage-pass-2,snubbed,keep
triage-pass-2,sojourn,keep
triage-pass-2,sounders,ditch
triage-pass-2,soured,keep
triage-pass-2,southernmost,keep
triage-pass-2,splatter,keep
triage-pass-2,sputnik,ditch
triage-pass-2,squirting,keep
triage-pass-2,stanhope,ditch
triage-pass-2,stipulate,keep
triage-pass-2,stipulations,keep
triage-pass-2,straddle,keep
triage-pass-2,subbing,keep
triage-pass-2,swatches,keep
triage-pass-2,sweeten,keep
triage-pass-2,swinger,keep
triage-pass-2,tallies,keep
triage-pass-2,talons,keep
triage-pass-2,tawny,keep
triage-pass-2,tenured,keep
triage-pass-2,terriers,keep
triage-pass-2,thereon,keep
triage-pass-2,throwaway,keep
triage-pass-2,thunderous,keep
triage-pass-2,trims,keep
triage-pass-2,tweezers,keep
triage-pass-2,twerking,keep
triage-pass-2,unbeknownst,keep
triage-pass-2,unchained,keep
triage-pass-2,unedited,keep
triage-pass-2,unelected,keep
triage-pass-2,unleashes,keep
triage-pass-2,uplands,keep
triage-pass-2,upstanding,keep
triage-pass-2,vapors,keep
triage-pass-2,vertebra,keep
triage-pass-2,viaduct,keep
triage-pass-2,vino,keep
triage-pass-2,voracious,keep
triage-pass-2,warbler,keep
triage-pass-2,wart,keep
triage-pass-2,wasabi,keep
triage-pass-2,waterworks,keep
triage-pass-2,wettest,keep
triage-pass-2,whines,keep
triage-pass-2,wilful,keep
triage-pass-2,yams,keep
triage-pass-2,zeitgeist,keep
triage-pass-2,accentuate,keep
triage-pass-2,adipose,keep
triage-pass-2,adjudication,keep
triage-pass-2,advices,ditch
triage-pass-2,affording,keep
triage-pass-2,aggravation,keep
triage-pass-2,aggregator,keep
triage-pass-2,aldermen,keep
triage-pass-2,amazonian,ditch
triage-pass-2,amorous,keep
triage-pass-2,anabolic,keep
triage-pass-2,anemic,keep
triage-pass-2,anima,keep
triage-pass-2,anointing,keep
triage-pass-2,apostrophe,keep
triage-pass-2,appellation,keep
triage-pass-2,appendage,keep
triage-pass-2,appendicitis,keep
triage-pass-2,aquariums,keep
triage-pass-2,autumnal,keep
triage-pass-2,awash,keep
triage-pass-2,backstreet,keep
triage-pass-2,balling,keep
triage-pass-2,banishment,keep
triage-pass-2,bate,keep
triage-pass-2,bawling,keep
triage-pass-2,bayard,ditch
triage-pass-2,bayonets,keep
triage-pass-2,beastly,keep
triage-pass-2,becket,ditch
triage-pass-2,beetroot,keep
triage-pass-2,birdies,keep
triage-pass-2,blockbusters,keep
triage-pass-2,bluffing,keep
triage-pass-2,boomed,keep
triage-pass-2,boson,keep
triage-pass-2,brainchild,keep
triage-pass-2,brawn,keep
triage-pass-2,bridegroom,keep
triage-pass-2,bulwark,keep
triage-pass-2,candidly,keep
triage-pass-2,conciliatory,keep
triage-pass-2,condensate,keep
triage-pass-2,condiments,keep
triage-pass-2,conferring,keep
triage-pass-2,convening,keep
triage-pass-2,crit,ditch
triage-pass-2,crouched,keep
triage-pass-2,crybaby,keep
triage-pass-2,culpability,keep
triage-pass-2,cyberpunk,keep
triage-pass-2,deflecting,keep
triage-pass-2,deserters,keep
triage-pass-2,deservedly,keep
triage-pass-2,devalued,keep
triage-pass-2,digress,keep
triage-pass-2,disappoints,keep
triage-pass-2,discus,keep
triage-pass-2,diverged,keep
triage-pass-2,dryers,keep
triage-pass-2,elaborately,keep
triage-pass-2,elevates,keep
triage-pass-2,encrypt,keep
triage-pass-2,energize,keep
triage-pass-2,entertains,keep
triage-pass-2,estimator,keep
triage-pass-2,excellently,keep
triage-pass-2,exerts,keep
triage-pass-2,extrusion,keep
triage-pass-2,facades,keep
triage-pass-2,felling,keep
triage-pass-2,fester,keep
triage-pass-2,feuding,keep
triage-pass-2,flywheel,keep
triage-pass-2,foams,keep
triage-pass-2,foregone,keep
triage-pass-2,foreshadowed,keep
triage-pass-2,fortnightly,keep
triage-pass-2,fourths,keep
triage-pass-2,freshest,keep
triage-pass-2,fringed,keep
triage-pass-2,fulcrum,keep
triage-pass-2,funnels,keep
triage-pass-2,gallic,ditch
triage-pass-2,ginseng,keep
triage-pass-2,gnomes,keep
triage-pass-2,gophers,keep
triage-pass-2,goths,keep
triage-pass-2,grandest,keep
triage-pass-2,grimy,keep
triage-pass-2,gunter,ditch
triage-pass-2,hardball,keep
triage-pass-2,hatcher,ditch
triage-pass-2,headstone,keep
triage-pass-2,herbicides,keep
triage-pass-2,hibiscus,keep
triage-pass-2,hows,keep
triage-pass-2,hwan,ditch
triage-pass-2,hyperactive,keep
triage-pass-2,hysterectomy,keep
triage-pass-2,identically,keep
triage-pass-2,immediacy,keep
triage-pass-2,improvising,keep
triage-pass-2,inbreeding,keep
triage-pass-2,incisive,keep
triage-pass-2,indebtedness,keep
triage-pass-2,indentured,keep
triage-pass-2,inhabitant,keep
triage-pass-2,inhospitable,keep
triage-pass-2,inoperable,keep
triage-pass-2,instigate,keep
triage-pass-2,intercession,keep
triage-pass-2,interferon,keep
triage-pass-2,intersects,keep
triage-pass-2,irrevocable,keep
triage-pass-2,irritability,keep
triage-pass-2,islet,keep
triage-pass-2,kcal,ditch
triage-pass-2,laity,keep
triage-pass-2,landlocked,keep
triage-pass-2,latterly,keep
triage-pass-2,leaner,keep
triage-pass-2,lighthouses,keep
triage-pass-2,lingua,ditch
triage-pass-2,llamas,keep
triage-pass-2,luminaries,keep
triage-pass-2,makings,keep
triage-pass-2,maleficent,keep
triage-pass-2,maniacs,keep
triage-pass-2,manifolds,keep
triage-pass-2,mesmerized,keep
triage-pass-2,midge,keep
triage-pass-2,milked,keep
triage-pass-2,misfit,keep
triage-pass-2,mosquitos,keep
triage-pass-2,mottled,keep
triage-pass-2,mountaineer,keep
triage-pass-2,mountainside,keep
triage-pass-2,mucous,keep
triage-pass-2,murmuring,keep
triage-pass-2,mythos,keep
triage-pass-2,nationalized,keep
triage-pass-2,neutrinos,keep
triage-pass-2,nips,keep
triage-pass-2,obelisk,keep
triage-pass-2,oddball,keep
triage-pass-2,offload,keep
triage-pass-2,outcrop,keep
triage-pass-2,outlander,keep
triage-pass-2,overloading,keep
triage-pass-2,overthrowing,keep
triage-pass-2,pageants,keep
triage-pass-2,panning,keep
triage-pass-2,pariah,keep
triage-pass-2,parka,keep
triage-pass-2,peddle,keep
triage-pass-2,peerless,keep
triage-pass-2,permanence,keep
triage-pass-2,permeable,keep
triage-pass-2,pillage,keep
triage-pass-2,pistachio,keep
triage-pass-2,planing,keep
triage-pass-2,plebiscite,keep
triage-pass-2,ploughing,keep
triage-pass-2,polyurethane,keep
triage-pass-2,posit,keep
triage-pass-2,precipice,keep
triage-pass-2,presuming,keep
triage-pass-2,puked,keep
triage-pass-2,queued,keep
triage-pass-2,ravages,keep
triage-pass-2,ravenous,keep
triage-pass-2,rearranging,keep
triage-pass-2,reclusive,keep
triage-pass-2,reek,keep
triage-pass-2,regenerated,keep
triage-pass-2,regimens,keep
triage-pass-2,reinstall,keep
triage-pass-2,resold,keep
triage-pass-2,rimmed,keep
triage-pass-2,rind,keep
triage-pass-2,riparian,ditch
triage-pass-2,risers,keep
triage-pass-2,riverfront,keep
triage-pass-2,rosebud,keep
triage-pass-2,ruck,keep
triage-pass-2,runaways,keep
triage-pass-2,salamander,keep
triage-pass-2,scalpel,keep
triage-pass-2,scraper,keep
triage-pass-2,scribbled,keep
triage-pass-2,scrutinize,keep
triage-pass-2,sedate,keep
triage-pass-2,shallower,keep
triage-pass-2,shaves,keep
triage-pass-2,shriek,keep
triage-pass-2,simulates,keep
triage-pass-2,singularly,keep
triage-pass-2,sinkhole,keep
triage-pass-2,sloped,keep
triage-pass-2,snore,keep
triage-pass-2,sorceress,keep
triage-pass-2,spaceflight,keep
triage-pass-2,spender,keep
triage-pass-2,sphincter,keep
triage-pass-2,spooks,keep
triage-pass-2,squires,keep
triage-pass-2,stank,keep
triage-pass-2,sternum,keep
triage-pass-2,stockbroker,keep
triage-pass-2,stoppers,keep
triage-pass-2,storytellers,keep
triage-pass-2,stratified,keep
triage-pass-2,streaked,keep
triage-pass-2,stretchy,keep
triage-pass-2,suckling,keep
triage-pass-2,sucrose,keep
triage-pass-2,sundae,keep
triage-pass-2,sundry,keep
triage-pass-2,swampy,keep
triage-pass-2,synapse,keep
triage-pass-2,tasking,keep
triage-pass-2,tidings,keep
triage-pass-2,toothache,keep
triage-pass-2,tranquillity,keep
triage-pass-2,transitive,keep
triage-pass-2,trickling,keep
triage-pass-2,trigonometry,keep
triage-pass-2,trimmings,keep
triage-pass-2,tutelage,keep
triage-pass-2,twos,keep
triage-pass-2,typhus,keep
triage-pass-2,unaffiliated,keep
triage-pass-2,underlines,keep
triage-pass-2,unflattering,keep
triage-pass-2,unscheduled,keep
triage-pass-2,unstructured,keep
triage-pass-2,vagrant,keep
triage-pass-2,voiceless,keep
triage-pass-2,walkout,keep
triage-pass-2,wands,keep
triage-pass-2,whosoever,keep
triage-pass-2,woodman,ditch
triage-pass-2,wordplay,keep
triage-pass-2,abstractions,keep
triage-pass-2,acceptor,keep
triage-pass-2,acrobatics,keep
triage-pass-2,aerobics,keep
triage-pass-2,alertness,keep
triage-pass-2,alleyway,keep
triage-pass-2,amenity,keep
triage-pass-2,angrier,keep
triage-pass-2,ascribe,keep
triage-pass-2,attenuated,keep
triage-pass-2,avenging,keep
triage-pass-2,bandana,keep
triage-pass-2,bangles,keep
triage-pass-2,barbarism,keep
triage-pass-2,bareback,keep
triage-pass-2,battlefront,keep
triage-pass-2,beaters,keep
triage-pass-2,billet,keep
triage-pass-2,binaries,keep
triage-pass-2,blackmailing,keep
triage-pass-2,blissfully,keep
triage-pass-2,bloodied,keep
triage-pass-2,boneless,keep
triage-pass-2,brainless,keep
triage-pass-2,breadcrumbs,keep
triage-pass-2,breathable,keep
triage-pass-2,bridged,keep
triage-pass-2,brightening,keep
triage-pass-2,bristle,keep
triage-pass-2,buffaloes,keep
triage-pass-2,bulkhead,keep
triage-pass-2,bund,ditch
triage-pass-2,burglaries,keep
triage-pass-2,cacti,keep
triage-pass-2,canaries,keep
triage-pass-2,carded,keep
triage-pass-2,carpool,keep
triage-pass-2,cashew,keep
triage-pass-2,cashiers,keep
triage-pass-2,cavernous,keep
triage-pass-2,changeable,keep
triage-pass-2,chaperone,keep
triage-pass-2,chlorophyll,keep
triage-pass-2,chroma,keep
triage-pass-2,claret,keep
triage-pass-2,cloister,keep
triage-pass-2,clothe,keep
triage-pass-2,clutched,keep
triage-pass-2,cochlear,keep
triage-pass-2,complainants,keep
triage-pass-2,comps,keep
triage-pass-2,concomitant,keep
triage-pass-2,constipated,keep
triage-pass-2,consults,keep
triage-pass-2,consummated,keep
triage-pass-2,contemplates,keep
triage-pass-2,creationism,keep
triage-pass-2,credential,keep
triage-pass-2,crump,ditch
triage-pass-2,crunches,keep
triage-pass-2,curiosities,keep
triage-pass-2,cymbals,keep
triage-pass-2,darkening,keep
triage-pass-2,debs,keep
triage-pass-2,debunking,keep
triage-pass-2,decompose,keep
triage-pass-2,deepens,keep
triage-pass-2,deformities,keep
triage-pass-2,denier,keep
triage-pass-2,denounces,keep
triage-pass-2,detaining,keep
triage-pass-2,determinism,keep
triage-pass-2,digesting,keep
triage-pass-2,dimmed,keep
triage-pass-2,dingo,keep
triage-pass-2,disaffected,keep
triage-pass-2,disheartened,keep
triage-pass-2,dispossessed,keep
triage-pass-2,dissecting,keep
triage-pass-2,domicile,keep
triage-pass-2,dominions,keep
triage-pass-2,dreamland,keep
triage-pass-2,dumbfounded,keep
triage-pass-2,effing,keep
triage-pass-2,egotistical,keep
triage-pass-2,emirate,keep
triage-pass-2,encrusted,keep
triage-pass-2,enticed,keep
triage-pass-2,erudite,keep
triage-pass-2,estuaries,keep
triage-pass-2,faintest,keep
triage-pass-2,fasteners,keep
triage-pass-2,fiends,keep
triage-pass-2,finders,keep
triage-pass-2,flattening,keep
triage-pass-2,flirts,keep
triage-pass-2,foursome,keep
triage-pass-2,franchising,keep
triage-pass-2,francophone,keep
triage-pass-2,froth,keep
triage-pass-2,furlough,keep
triage-pass-2,galleria,keep
triage-pass-2,gambled,keep
triage-pass-2,garnering,keep
triage-pass-2,ghettos,keep
triage-pass-2,gnawing,keep
triage-pass-2,growths,keep
triage-pass-2,guile,keep
triage-pass-2,hallo,keep
triage-pass-2,hallows,keep
triage-pass-2,hangovers,keep
triage-pass-2,heft,keep
triage-pass-2,hideaway,keep
triage-pass-2,hilarity,keep
triage-pass-2,hillsides,keep
triage-pass-2,homey,keep
triage-pass-2,imparted,keep
triage-pass-2,impersonate,keep
triage-pass-2,impropriety,keep
triage-pass-2,inactivation,keep
triage-pass-2,instalments,keep
triage-pass-2,interment,keep
triage-pass-2,introverts,keep
triage-pass-2,irked,keep
triage-pass-2,jurists,keep
triage-pass-2,juxtaposed,keep
triage-pass-2,kennels,keep
triage-pass-2,kingship,keep
triage-pass-2,legitimize,keep
triage-pass-2,lifelike,keep
triage-pass-2,lioness,keep
triage-pass-2,locates,keep
triage-pass-2,loin,keep
triage-pass-2,loveable,keep
triage-pass-2,lovey,keep
triage-pass-2,machinist,keep
triage-pass-2,mandible,keep
triage-pass-2,manhole,keep
triage-pass-2,marigold,keep
triage-pass-2,marinade,keep
triage-pass-2,matted,keep
triage-pass-2,melancholic,keep
triage-pass-2,middlemen,keep
triage-pass-2,mineralogy,keep
triage-pass-2,minibus,keep
triage-pass-2,misdemeanors,keep
triage-pass-2,modifies,keep
triage-pass-2,modulus,keep
triage-pass-2,monarchies,keep
triage-pass-2,monogamy,keep
triage-pass-2,monotony,keep
triage-pass-2,mopping,keep
triage-pass-2,mortally,keep
triage-pass-2,moveable,keep
triage-pass-2,myeloma,keep
triage-pass-2,natty,keep
triage-pass-2,navies,keep
triage-pass-2,nebulous,keep
triage-pass-2,negated,keep
triage-pass-2,nucleotides,keep
triage-pass-2,obscuring,keep
triage-pass-2,occlusion,keep
triage-pass-2,outlived,keep
triage-pass-2,overdoses,keep
triage-pass-2,paralegal,keep
triage-pass-2,pared,keep
triage-pass-2,payrolls,keep
triage-pass-2,pikes,keep
triage-pass-2,pining,keep
triage-pass-2,piranha,keep
triage-pass-2,pocketed,keep
triage-pass-2,posits,keep
triage-pass-2,postmortem,keep
triage-pass-2,postscript,keep
triage-pass-2,prehistory,keep
triage-pass-2,preterm,keep
triage-pass-2,prismatic,keep
triage-pass-2,prophesied,keep
triage-pass-2,prototyping,keep
triage-pass-2,prowl,keep
triage-pass-2,pugs,keep
triage-pass-2,punchy,keep
triage-pass-2,purr,keep
triage-pass-2,pussycat,keep
triage-pass-2,quagmire,keep
triage-pass-2,rackets,keep
triage-pass-2,radiates,keep
triage-pass-2,railed,keep
triage-pass-2,raindrops,keep
triage-pass-2,ransacked,keep
triage-pass-2,readability,keep
triage-pass-2,reciprocated,keep
triage-pass-2,reductive,keep
triage-pass-2,refundable,keep
triage-pass-2,reinvestment,keep
triage-pass-2,remedied,keep
triage-pass-2,renews,keep
triage-pass-2,replaying,keep
triage-pass-2,repose,keep
triage-pass-2,reptilian,keep
triage-pass-2,restful,keep
triage-pass-2,retraining,keep
triage-pass-2,rewrote,keep
triage-pass-2,ricochet,keep
triage-pass-2,rifts,keep
triage-pass-2,rishi,ditch
triage-pass-2,rubric,keep
triage-pass-2,savagely,keep
triage-pass-2,scallop,keep
triage-pass-2,scavengers,keep
triage-pass-2,schoolmaster,keep
triage-pass-2,schoolwork,keep
triage-pass-2,scoffed,keep
triage-pass-2,scoping,keep
triage-pass-2,scoreline,keep
triage-pass-2,searchers,keep
triage-pass-2,seedling,keep
triage-pass-2,setters,keep
triage-pass-2,shaikh,ditch
triage-pass-2,shanty,keep
triage-pass-2,shat,keep
triage-pass-2,shrew,keep
triage-pass-2,shrimps,keep
triage-pass-2,shush,keep
triage-pass-2,signor,ditch
triage-pass-2,silencer,keep
triage-pass-2,sited,keep
triage-pass-2,slacker,keep
triage-pass-2,sleight,keep
triage-pass-2,smoldering,keep
triage-pass-2,snowmobile,keep
triage-pass-2,soapy,keep
triage-pass-2,soloists,keep
triage-pass-2,sovereigns,keep
triage-pass-2,spaceships,keep
triage-pass-2,spatially,keep
triage-pass-2,speedily,keep
triage-pass-2,stilts,keep
triage-pass-2,stoning,keep
triage-pass-2,straddling,keep
triage-pass-2,strikeout,keep
triage-pass-2,styrofoam,keep
triage-pass-2,subpoenaed,keep
triage-pass-2,subprime,keep
triage-pass-2,subtleties,keep
triage-pass-2,succumbing,keep
triage-pass-2,sulfuric,keep
triage-pass-2,sunroof,keep
triage-pass-2,suppresses,keep
triage-pass-2,surrealist,keep
triage-pass-2,suspenseful,keep
triage-pass-2,tanked,keep
triage-pass-2,tattooing,keep
triage-pass-2,tolerating,keep
triage-pass-2,toning,keep
triage-pass-2,trickier,keep
triage-pass-2,tripartite,keep
triage-pass-2,twirling,keep
triage-pass-2,ultima,ditch
triage-pass-2,understudy,keep
triage-pass-2,unguarded,keep
triage-pass-2,unionized,keep
triage-pass-2,unscientific,keep
triage-pass-2,untamed,keep
triage-pass-2,vermilion,keep
triage-pass-2,vesicles,keep
triage-pass-2,visualizing,keep
triage-pass-2,wafers,keep
triage-pass-2,waver,keep
triage-pass-2,weaning,keep
triage-pass-2,webbing,keep
triage-pass-2,whoosh,keep
triage-pass-2,wooing,keep
triage-pass-2,workloads,keep
triage-pass-2,wracking,keep
triage-pass-2,wring,keep
triage-pass-2,abduct,keep
triage-pass-2,abolitionist,keep
triage-pass-2,aether,keep
triage-pass-2,affluence,keep
triage-pass-2,agave,keep
triage-pass-2,algebras,keep
triage-pass-2,amazons,keep
triage-pass-2,apothecary,keep
triage-pass-2,applauds,keep
triage-pass-2,apricots,keep
triage-pass-2,authoring,keep
triage-pass-2,backwoods,keep
triage-pass-2,baddies,keep
triage-pass-2,bagpipes,keep
triage-pass-2,balsamic,keep
triage-pass-2,barf,keep
triage-pass-2,batten,keep
triage-pass-2,beaks,keep
triage-pass-2,beefy,keep
triage-pass-2,benchmarking,keep
triage-pass-2,benedictine,ditch
triage-pass-2,berks,ditch
triage-pass-2,beseech,keep
triage-pass-2,blasters,keep
triage-pass-2,boars,keep
triage-pass-2,bodega,keep
triage-pass-2,bombard,keep
triage-pass-2,broads,keep
triage-pass-2,camcorder,keep
triage-pass-2,canola,keep
triage-pass-2,casters,keep
triage-pass-2,castrated,keep
triage-pass-2,chipmunk,keep
triage-pass-2,chronicling,keep
triage-pass-2,chucking,keep
triage-pass-2,chutney,keep
triage-pass-2,coda,keep
triage-pass-2,coders,keep
triage-pass-2,colluded,keep
triage-pass-2,colonoscopy,keep
triage-pass-2,commies,keep
triage-pass-2,composting,keep
triage-pass-2,conceiving,keep
triage-pass-2,conciliation,keep
triage-pass-2,concurred,keep
triage-pass-2,conjugation,keep
triage-pass-2,coos,keep
triage-pass-2,corollary,keep
triage-pass-2,courtiers,keep
triage-pass-2,cringing,keep
triage-pass-2,culminate,keep
triage-pass-2,cytochrome,ditch
triage-pass-2,defaced,keep
triage-pass-2,dendritic,ditch
triage-pass-2,deporting,keep
triage-pass-2,desecration,keep
triage-pass-2,destinies,keep
triage-pass-2,didactic,keep
triage-pass-2,diversifying,keep
triage-pass-2,donning,keep
triage-pass-2,drape,keep
triage-pass-2,droplet,keep
triage-pass-2,drunkard,keep
triage-pass-2,duds,keep
triage-pass-2,electives,keep
triage-pass-2,enabler,keep
triage-pass-2,endpoints,keep
triage-pass-2,enforcers,keep
triage-pass-2,engrossing,keep
triage-pass-2,epistles,keep
triage-pass-2,epithelium,keep
triage-pass-2,ergonomics,keep
triage-pass-2,eukaryotic,keep
triage-pass-2,evaporates,keep
triage-pass-2,excitable,keep
triage-pass-2,fanned,keep
triage-pass-2,fevers,keep
triage-pass-2,flaring,keep
triage-pass-2,flirtation,keep
triage-pass-2,flor,ditch
triage-pass-2,fora,keep
triage-pass-2,fords,keep
triage-pass-2,foresters,keep
triage-pass-2,formulaic,keep
triage-pass-2,frisky,keep
triage-pass-2,funnily,keep
triage-pass-2,garrisons,keep
triage-pass-2,givers,keep
triage-pass-2,grisly,keep
triage-pass-2,guesswork,keep
triage-pass-2,gutting,keep
triage-pass-2,gymnasts,keep
triage-pass-2,haemorrhage,keep
triage-pass-2,hairdressers,keep
triage-pass-2,handpicked,keep
triage-pass-2,handsets,keep
triage-pass-2,hetero,keep
triage-pass-2,hollows,keep
triage-pass-2,homeostasis,keep
triage-pass-2,huckleberry,keep
triage-pass-2,iguana,keep
triage-pass-2,impassable,keep
triage-pass-2,impatiently,keep
triage-pass-2,imprints,keep
triage-pass-2,incinerator,keep
triage-pass-2,inclinations,keep
triage-pass-2,init,ditch
triage-pass-2,innit,ditch
triage-pass-2,insolent,keep
triage-pass-2,instituting,keep
triage-pass-2,insulator,keep
triage-pass-2,invert,keep
triage-pass-2,invertebrate,keep
triage-pass-2,iridium,keep
triage-pass-2,irrefutable,keep
triage-pass-2,jovial,keep
triage-pass-2,kidnappings,keep
triage-pass-2,lasso,keep
triage-pass-2,lattes,keep
triage-pass-2,launder,keep
triage-pass-2,legislated,keep
triage-pass-2,lemma,keep
triage-pass-2,loaders,keep
triage-pass-2,manatee,keep
triage-pass-2,mire,keep
triage-pass-2,modulate,keep
triage-pass-2,moisturizing,keep
triage-pass-2,molybdenum,keep
triage-pass-2,motocross,keep
triage-pass-2,motorcade,keep
triage-pass-2,motorcyclist,keep
triage-pass-2,mussel,keep
triage-pass-2,necessitates,keep
triage-pass-2,nihilism,keep
triage-pass-2,nonchalant,keep
triage-pass-2,oilfield,keep
triage-pass-2,opportune,keep
triage-pass-2,oppressor,keep
triage-pass-2,orcas,keep
triage-pass-2,parapet,keep
triage-pass-2,patterning,keep
triage-pass-2,pejorative,keep
triage-pass-2,penalize,keep
triage-pass-2,penning,keep
triage-pass-2,petitioning,keep
triage-pass-2,pharaohs,keep
triage-pass-2,phonograph,keep
triage-pass-2,piggyback,keep
triage-pass-2,planetarium,keep
triage-pass-2,polis,ditch
triage-pass-2,porches,keep
triage-pass-2,portico,keep
triage-pass-2,postures,keep
triage-pass-2,premarital,keep
triage-pass-2,procreation,keep
triage-pass-2,projective,keep
triage-pass-2,pyramidal,keep
triage-pass-2,queried,keep
triage-pass-2,quivering,keep
triage-pass-2,raff,ditch
triage-pass-2,rainforests,keep
triage-pass-2,ramblings,keep
triage-pass-2,ramparts,keep
triage-pass-2,rascals,keep
triage-pass-2,rebooted,keep
triage-pass-2,receivership,keep
triage-pass-2,redd,ditch
triage-pass-2,redux,keep
triage-pass-2,refills,keep
triage-pass-2,replenished,keep
triage-pass-2,riveted,keep
triage-pass-2,romantics,keep
triage-pass-2,rosette,keep
triage-pass-2,sacs,keep
triage-pass-2,saluting,keep
triage-pass-2,sanguine,keep
triage-pass-2,saxophonist,keep
triage-pass-2,scone,keep
triage-pass-2,seeping,keep
triage-pass-2,serendipity,keep
triage-pass-2,shareholding,keep
triage-pass-2,shim,keep
triage-pass-2,solano,ditch
triage-pass-2,sophomores,keep
triage-pass-2,soya,keep
triage-pass-2,splattered,keep
triage-pass-2,squander,keep
triage-pass-2,stalkers,keep
triage-pass-2,steeple,keep
triage-pass-2,stillborn,keep
triage-pass-2,suspenders,keep
triage-pass-2,swerved,keep
triage-pass-2,syndicates,keep
triage-pass-2,tamer,keep
triage-pass-2,taunted,keep
triage-pass-2,taverns,keep
triage-pass-2,teasers,keep
triage-pass-2,teenaged,keep
triage-pass-2,thematically,keep
triage-pass-2,timescale,keep
triage-pass-2,toke,keep
triage-pass-2,toting,keep
triage-pass-2,trademarked,keep
triage-pass-2,trampling,keep
triage-pass-2,tramways,keep
triage-pass-2,transcended,keep
triage-pass-2,twit,keep
triage-pass-2,unconcerned,keep
triage-pass-2,underbelly,keep
triage-pass-2,underfunded,keep
triage-pass-2,unlisted,keep
triage-pass-2,ventricle,keep
triage-pass-2,vulva,keep
triage-pass-2,waistband,keep
triage-pass-2,whistled,keep
triage-pass-2,abatement,keep
triage-pass-2,accentuated,keep
triage-pass-2,acropolis,keep
triage-pass-2,adaption,keep
triage-pass-2,ahoy,keep
triage-pass-2,amplifying,keep
triage-pass-2,anorexic,keep
triage-pass-2,aprons,keep
triage-pass-2,archiving,keep
triage-pass-2,arraigned,keep
triage-pass-2,artichoke,keep
triage-pass-2,attendances,keep
triage-pass-2,autonomic,keep
triage-pass-2,baboon,keep
triage-pass-2,backfield,keep
triage-pass-2,bahadur,ditch
triage-pass-2,bakes,keep
triage-pass-2,balled,keep
triage-pass-2,bally,ditch
triage-pass-2,beeps,keep
triage-pass-2,begotten,keep
triage-pass-2,beleaguered,keep
triage-pass-2,bicarbonate,keep
triage-pass-2,biome,keep
triage-pass-2,birthed,keep
triage-pass-2,boarder,keep
triage-pass-2,boudoir,keep
triage-pass-2,bough,keep
triage-pass-2,bounding,keep
triage-pass-2,bowery,ditch
triage-pass-2,browned,keep
triage-pass-2,capo,keep
triage-pass-2,catalyzed,keep
triage-pass-2,caterer,keep
triage-pass-2,celibate,keep
triage-pass-2,chancel,ditch
triage-pass-2,chiming,keep
triage-pass-2,commonality,keep
triage-pass-2,conquers,keep
triage-pass-2,contactless,keep
triage-pass-2,continuance,keep
triage-pass-2,cordless,keep
triage-pass-2,costumed,keep
triage-pass-2,countrywide,keep
triage-pass-2,creepers,keep
triage-pass-2,crony,keep
triage-pass-2,dabbled,keep
triage-pass-2,daffodils,keep
triage-pass-2,deadwood,keep
triage-pass-2,deceleration,keep
triage-pass-2,defaulting,keep
triage-pass-2,detergents,keep
triage-pass-2,deva,ditch
triage-pass-2,dickheads,keep
triage-pass-2,diffused,keep
triage-pass-2,dint,keep
triage-pass-2,dioceses,keep
triage-pass-2,disagreeable,keep
triage-pass-2,disapproving,keep
triage-pass-2,disembodied,keep
triage-pass-2,dishonored,keep
triage-pass-2,dockyard,keep
triage-pass-2,doctored,keep
triage-pass-2,duffel,keep
triage-pass-2,dumbo,keep
triage-pass-2,emaciated,keep
triage-pass-2,emcee,keep
triage-pass-2,endoscopy,keep
triage-pass-2,envied,keep
triage-pass-2,ergonomic,keep
triage-pass-2,especial,keep
triage-pass-2,estradiol,ditch
triage-pass-2,fanaticism,keep
triage-pass-2,fattening,keep
triage-pass-2,feller,keep
triage-pass-2,fillets,keep
triage-pass-2,fingernail,keep
triage-pass-2,fireside,keep
triage-pass-2,fissures,keep
triage-pass-2,flinging,keep
triage-pass-2,floodplain,keep
triage-pass-2,foodies,keep
triage-pass-2,franchisees,keep
triage-pass-2,freemasonry,keep
triage-pass-2,fugue,keep
triage-pass-2,gelding,keep
triage-pass-2,glandular,keep
triage-pass-2,glean,keep
triage-pass-2,gliders,keep
triage-pass-2,growls,keep
triage-pass-2,gutsy,keep
triage-pass-2,handiwork,keep
triage-pass-2,handlebars,keep
triage-pass-2,hangouts,keep
triage-pass-2,hastened,keep
triage-pass-2,homelands,keep
triage-pass-2,homicidal,keep
triage-pass-2,hovers,keep
triage-pass-2,hurrying,keep
triage-pass-2,hyacinth,keep
triage-pass-2,imitates,keep
triage-pass-2,impersonator,keep
triage-pass-2,intricately,keep
triage-pass-2,invigorating,keep
triage-pass-2,inwardly,keep
triage-pass-2,italic,keep
triage-pass-2,lanky,keep
triage-pass-2,linebackers,keep
triage-pass-2,loitering,keep
triage-pass-2,lookalike,keep
triage-pass-2,loveless,keep
triage-pass-2,lurid,keep
triage-pass-2,merited,keep
triage-pass-2,mesquite,keep
triage-pass-2,microns,keep
triage-pass-2,misnomer,keep
triage-pass-2,mobsters,keep
triage-pass-2,modulator,keep
triage-pass-2,molest,keep
triage-pass-2,monetization,keep
triage-pass-2,mountaintop,keep
triage-pass-2,mournful,keep
triage-pass-2,mullah,keep
triage-pass-2,mumbled,keep
triage-pass-2,muscled,keep
triage-pass-2,nettles,keep
triage-pass-2,nicked,keep
triage-pass-2,nodules,keep
triage-pass-2,obstinate,keep
triage-pass-2,oddities,keep
triage-pass-2,ontological,keep
triage-pass-2,opined,keep
triage-pass-2,opts,keep
triage-pass-2,orphanages,keep
triage-pass-2,ospreys,keep
triage-pass-2,outbuildings,keep
triage-pass-2,overrule,keep
triage-pass-2,pacify,keep
triage-pass-2,pales,keep
triage-pass-2,paraffin,keep
triage-pass-2,periodontal,keep
triage-pass-2,peruse,keep
triage-pass-2,petulant,keep
triage-pass-2,philology,keep
triage-pass-2,platitudes,keep
triage-pass-2,pleated,keep
triage-pass-2,pled,keep
triage-pass-2,pointedly,keep
triage-pass-2,pollinators,keep
triage-pass-2,polygons,keep
triage-pass-2,pretence,keep
triage-pass-2,progressions,keep
triage-pass-2,punctuality,keep
triage-pass-2,purring,keep
triage-pass-2,rashes,keep
triage-pass-2,rath,ditch
triage-pass-2,reals,keep
triage-pass-2,rebuffed,keep
triage-pass-2,recuperate,keep
triage-pass-2,retweet,keep
triage-pass-2,revoking,keep
triage-pass-2,rigidly,keep
triage-pass-2,ripening,keep
triage-pass-2,riskier,keep
triage-pass-2,rivets,keep
triage-pass-2,rots,keep
triage-pass-2,salina,ditch
triage-pass-2,sandpaper,keep
triage-pass-2,sandstorm,keep
triage-pass-2,scepter,keep
triage-pass-2,scorch,keep
triage-pass-2,scribble,keep
triage-pass-2,scurvy,keep
triage-pass-2,searchlight,keep
triage-pass-2,sentries,keep
triage-pass-2,sharpie,keep
triage-pass-2,sheeting,keep
triage-pass-2,shipwrecked,keep
triage-pass-2,shudders,keep
triage-pass-2,sickened,keep
triage-pass-2,singly,keep
triage-pass-2,sitters,keep
triage-pass-2,skyrocketing,keep
triage-pass-2,sported,keep
triage-pass-2,spotlights,keep
triage-pass-2,squealing,keep
triage-pass-2,stallions,keep
triage-pass-2,stiletto,keep
triage-pass-2,stipe,ditch
triage-pass-2,stockpiling,keep
triage-pass-2,stooge,keep
triage-pass-2,strep,keep
triage-pass-2,stringing,keep
triage-pass-2,subjugation,keep
triage-pass-2,surrogacy,keep
triage-pass-2,tangential,keep
triage-pass-2,teardrop,keep
triage-pass-2,thieving,keep
triage-pass-2,toga,keep
triage-pass-2,toiletries,keep
triage-pass-2,toolbar,keep
triage-pass-2,transference,keep
triage-pass-2,transphobic,keep
triage-pass-2,traverses,keep
triage-pass-2,tribulation,keep
triage-pass-2,trill,keep
triage-pass-2,twisty,keep
triage-pass-2,unchanging,keep
triage-pass-2,unfunded,keep
triage-pass-2,universality,keep
triage-pass-2,unmet,keep
triage-pass-2,unsteady,keep
triage-pass-2,untied,keep
triage-pass-2,unturned,keep
triage-pass-2,vaccinate,keep
triage-pass-2,veered,keep
triage-pass-2,vestibule,keep
triage-pass-2,vestry,keep
triage-pass-2,voluptuous,keep
triage-pass-2,wagering,keep
triage-pass-2,weevil,keep
triage-pass-2,whirling,keep
triage-pass-2,wintry,keep
triage-pass-2,worshipers,keep
triage-pass-2,zealots,keep
triage-pass-2,acetyl,ditch
triage-pass-2,achievers,keep
triage-pass-2,acrobat,keep
triage-pass-2,actuators,keep
triage-pass-2,agora,keep
triage-pass-2,alumina,keep
triage-pass-2,amicably,keep
triage-pass-2,amphibian,keep
triage-pass-2,amputee,keep
triage-pass-2,analogues,keep
triage-pass-2,anchovies,keep
triage-pass-2,ashtray,keep
triage-pass-2,askew,keep
triage-pass-2,assoc,ditch
triage-pass-2,attendee,keep
triage-pass-2,authenticate,keep
triage-pass-2,awoken,keep
triage-pass-2,backtrack,keep
triage-pass-2,baffle,keep
triage-pass-2,baguio,ditch
triage-pass-2,balk,keep
triage-pass-2,banquets,keep
triage-pass-2,beckons,keep
triage-pass-2,belles,keep
triage-pass-2,bested,keep
triage-pass-2,bicep,keep
triage-pass-2,bloating,keep
triage-pass-2,bodybuilders,keep
triage-pass-2,braised,keep
triage-pass-2,breakups,keep
triage-pass-2,bulimia,keep
triage-pass-2,burrowing,keep
triage-pass-2,byes,keep
triage-pass-2,campion,ditch
triage-pass-2,canter,keep
triage-pass-2,cantilever,keep
triage-pass-2,caressing,keep
triage-pass-2,carpal,keep
triage-pass-2,cements,keep
triage-pass-2,chalked,keep
triage-pass-2,cine,ditch
triage-pass-2,cloaks,keep
triage-pass-2,coastguard,keep
triage-pass-2,coasting,keep
triage-pass-2,cobble,keep
triage-pass-2,conduits,keep
triage-pass-2,conferencing,keep
triage-pass-2,convulsions,keep
triage-pass-2,coopers,keep
triage-pass-2,cornbread,keep
triage-pass-2,creamed,keep
triage-pass-2,crowbar,keep
triage-pass-2,crudely,keep
triage-pass-2,cuisines,keep
triage-pass-2,cytoplasmic,keep
triage-pass-2,dedicates,keep
triage-pass-2,deleterious,keep
triage-pass-2,delft,ditch
triage-pass-2,delineated,keep
triage-pass-2,depressants,keep
triage-pass-2,detritus,keep
triage-pass-2,dimple,keep
triage-pass-2,dishing,keep
triage-pass-2,disown,keep
triage-pass-2,disproved,keep
triage-pass-2,distilleries,keep
triage-pass-2,distilling,keep
triage-pass-2,distorts,keep
triage-pass-2,divinely,keep
triage-pass-2,dorky,keep
triage-pass-2,dormer,keep
triage-pass-2,downplayed,keep
triage-pass-2,driftwood,keep
triage-pass-2,drivel,keep
triage-pass-2,dyslexic,keep
triage-pass-2,dystopia,keep
triage-pass-2,eateries,keep
triage-pass-2,effeminate,keep
triage-pass-2,electrolysis,keep
triage-pass-2,embarks,keep
triage-pass-2,emotionless,keep
triage-pass-2,emphysema,keep
triage-pass-2,entitles,keep
triage-pass-2,euthanized,keep
triage-pass-2,excision,keep
triage-pass-2,exogenous,ditch
triage-pass-2,expandable,keep
triage-pass-2,extractor,keep
triage-pass-2,faerie,keep
triage-pass-2,faulted,keep
triage-pass-2,ferrets,keep
triage-pass-2,fillies,keep
triage-pass-2,fleshed,keep
triage-pass-2,footballs,keep
triage-pass-2,foresaw,keep
triage-pass-2,foreskin,keep
triage-pass-2,friendlier,keep
triage-pass-2,futurist,keep
triage-pass-2,ganja,keep
triage-pass-2,genial,keep
triage-pass-2,geophysics,keep
triage-pass-2,goalless,keep
triage-pass-2,grafted,keep
triage-pass-2,gunnery,keep
triage-pass-2,hairdo,keep
triage-pass-2,headlong,keep
triage-pass-2,hesitating,keep
triage-pass-2,heuristic,keep
triage-pass-2,hombre,keep
triage-pass-2,homology,keep
triage-pass-2,hopefuls,keep
triage-pass-2,humerus,keep
triage-pass-2,hypertrophy,keep
triage-pass-2,iceman,keep
triage-pass-2,incestuous,keep
triage-pass-2,iniquity,keep
triage-pass-2,initiator,keep
triage-pass-2,innovating,keep
triage-pass-2,interviewees,keep
triage-pass-2,ironclad,keep
triage-pass-2,joiner,keep
triage-pass-2,kiddies,keep
triage-pass-2,lactate,keep
triage-pass-2,lapped,keep
triage-pass-2,lather,keep
triage-pass-2,leaching,keep
triage-pass-2,ledges,keep
triage-pass-2,loathed,keep
triage-pass-2,luge,keep
triage-pass-2,lumberjack,keep
triage-pass-2,lunchbox,keep
triage-pass-2,manmade,keep
triage-pass-2,marauders,keep
triage-pass-2,meld,keep
triage-pass-2,mended,keep
triage-pass-2,mettle,keep
triage-pass-2,militancy,keep
triage-pass-2,molars,keep
triage-pass-2,motherly,keep
triage-pass-2,moulin,ditch
triage-pass-2,munchies,keep
triage-pass-2,nannies,keep
triage-pass-2,nightstand,keep
triage-pass-2,northernmost,keep
triage-pass-2,notifies,keep
triage-pass-2,officiated,keep
triage-pass-2,optically,keep
triage-pass-2,ouster,keep
triage-pass-2,outdo,keep
triage-pass-2,outlive,keep
triage-pass-2,oxymoron,keep
triage-pass-2,palmetto,keep
triage-pass-2,pastels,keep
triage-pass-2,patronize,keep
triage-pass-2,phonological,keep
triage-pass-2,pinkish,keep
triage-pass-2,plundering,keep
triage-pass-2,polymorphism,keep
triage-pass-2,pontoon,keep
triage-pass-2,prescribes,keep
triage-pass-2,pretrial,keep
triage-pass-2,primus,ditch
triage-pass-2,probationary,keep
triage-pass-2,promontory,keep
triage-pass-2,proportioned,keep
triage-pass-2,psychics,keep
triage-pass-2,quarrying,keep
triage-pass-2,refocus,keep
triage-pass-2,regains,keep
triage-pass-2,registries,keep
triage-pass-2,relevancy,keep
triage-pass-2,renegotiate,keep
triage-pass-2,resurfacing,keep
triage-pass-2,riven,keep
triage-pass-2,roan,keep
triage-pass-2,rusting,keep
triage-pass-2,rustle,keep
triage-pass-2,saluted,keep
triage-pass-2,sarcoma,keep
triage-pass-2,secretarial,keep
triage-pass-2,secrete,keep
triage-pass-2,skids,keep
triage-pass-2,snarling,keep
triage-pass-2,snatches,keep
triage-pass-2,spillway,keep
triage-pass-2,splintered,keep
triage-pass-2,sriracha,keep
triage-pass-2,stadia,keep
triage-pass-2,standardize,keep
triage-pass-2,stanzas,keep
triage-pass-2,stetson,keep
triage-pass-2,stigmatized,keep
triage-pass-2,strapless,keep
triage-pass-2,stupor,keep
triage-pass-2,swifts,keep
triage-pass-2,systolic,keep
triage-pass-2,tanking,keep
triage-pass-2,tarantula,keep
triage-pass-2,tern,keep
triage-pass-2,tetra,keep
triage-pass-2,thinned,keep
triage-pass-2,tightrope,keep
triage-pass-2,toasty,keep
triage-pass-2,trailblazer,keep
triage-pass-2,trainings,keep
triage-pass-2,treasuries,keep
triage-pass-2,trepidation,keep
triage-pass-2,tutored,keep
triage-pass-2,typified,keep
triage-pass-2,unblock,keep
triage-pass-2,unionism,keep
triage-pass-2,unsavory,keep
triage-pass-2,unselfish,keep
triage-pass-2,unsound,keep
triage-pass-2,unverified,keep
triage-pass-2,unwashed,keep
triage-pass-2,urination,keep
triage-pass-2,utterance,keep
triage-pass-2,verso,ditch
triage-pass-2,vibrational,keep
triage-pass-2,vicariously,keep
triage-pass-2,voided,keep
triage-pass-2,volumetric,keep
triage-pass-2,wagers,keep
triage-pass-2,wean,keep
triage-pass-2,welling,keep
triage-pass-2,whisked,keep
triage-pass-2,wimp,keep
triage-pass-2,workhorse,keep
triage-pass-2,wristbands,keep
triage-pass-2,yachting,keep
triage-pass-2,zeroes,keep
triage-pass-2,absorber,keep
triage-pass-2,adjourn,keep
triage-pass-2,airliners,keep
triage-pass-2,alabaster,keep
triage-pass-2,allegro,keep
triage-pass-2,allergens,keep
triage-pass-2,anaesthesia,keep
triage-pass-2,aquifers,keep
triage-pass-2,arching,keep
triage-pass-2,arrhythmia,keep
triage-pass-2,arsed,ditch
triage-pass-2,baddest,keep
triage-pass-2,bandaged,keep
triage-pass-2,barium,keep
triage-pass-2,bauxite,keep
triage-pass-2,befall,keep
triage-pass-2,behead,keep
triage-pass-2,bellied,keep
triage-pass-2,bestsellers,keep
triage-pass-2,biometrics,keep
triage-pass-2,bladed,keep
triage-pass-2,blindsided,keep
triage-pass-2,bloodlines,keep
triage-pass-2,boathouse,keep
triage-pass-2,bonfires,keep
triage-pass-2,brickwork,keep
triage-pass-2,brooms,keep
triage-pass-2,calumet,ditch
triage-pass-2,cardamom,keep
triage-pass-2,carrion,keep
triage-pass-2,casks,keep
triage-pass-2,cellist,keep
triage-pass-2,chard,keep
triage-pass-2,charmer,keep
triage-pass-2,clickbait,keep
triage-pass-2,closings,keep
triage-pass-2,cobwebs,keep
triage-pass-2,cogent,keep
triage-pass-2,collaborates,keep
triage-pass-2,collages,keep
triage-pass-2,colonels,keep
triage-pass-2,compressing,keep
triage-pass-2,condense,keep
triage-pass-2,corkscrew,keep
triage-pass-2,counsels,keep
triage-pass-2,creamer,keep
triage-pass-2,creases,keep
triage-pass-2,cribs,keep
triage-pass-2,croissants,keep
triage-pass-2,custodians,keep
triage-pass-2,cyan,keep
triage-pass-2,delves,keep
triage-pass-2,deserter,keep
triage-pass-2,dictation,keep
triage-pass-2,diction,keep
triage-pass-2,dink,ditch
triage-pass-2,disbursement,keep
triage-pass-2,disguising,keep
triage-pass-2,dissociative,keep
triage-pass-2,diverging,keep
triage-pass-2,durations,keep
triage-pass-2,earpiece,keep
triage-pass-2,elegy,keep
triage-pass-2,encircling,keep
triage-pass-2,entitle,keep
triage-pass-2,entomologist,keep
triage-pass-2,epidermis,keep
triage-pass-2,epinephrine,keep
triage-pass-2,erections,keep
triage-pass-2,escalators,keep
triage-pass-2,evacuees,keep
triage-pass-2,evens,keep
triage-pass-2,faeces,keep
triage-pass-2,faltering,keep
triage-pass-2,fictions,keep
triage-pass-2,finalizing,keep
triage-pass-2,fiver,keep
triage-pass-2,flabby,keep
triage-pass-2,floodgates,keep
triage-pass-2,floorboards,keep
triage-pass-2,fluctuated,keep
triage-pass-2,fluctuates,keep
triage-pass-2,folic,keep
triage-pass-2,fornication,keep
triage-pass-2,frailty,keep
triage-pass-2,friendliest,keep
triage-pass-2,frowning,keep
triage-pass-2,gaggle,keep
triage-pass-2,gauging,keep
triage-pass-2,gees,ditch
triage-pass-2,girder,keep
triage-pass-2,golly,keep
triage-pass-2,gonorrhea,keep
triage-pass-2,gouge,keep
triage-pass-2,gregarious,keep
triage-pass-2,grunting,keep
triage-pass-2,halibut,keep
triage-pass-2,hemispheres,keep
triage-pass-2,herder,keep
triage-pass-2,histone,ditch
triage-pass-2,hocking,keep
triage-pass-2,holiest,keep
triage-pass-2,holograms,keep
triage-pass-2,holotype,ditch
triage-pass-2,hydrant,keep
triage-pass-2,ignites,keep
triage-pass-2,immortalized,keep
triage-pass-2,incidences,keep
triage-pass-2,incubators,keep
triage-pass-2,infusions,keep
triage-pass-2,injunctions,keep
triage-pass-2,inlaid,keep
triage-pass-2,invents,keep
triage-pass-2,jaundice,keep
triage-pass-2,jewelers,keep
triage-pass-2,kilns,keep
triage-pass-2,larynx,keep
triage-pass-2,lassie,keep
triage-pass-2,lifter,keep
triage-pass-2,lithography,keep
triage-pass-2,loathsome,keep
triage-pass-2,lode,keep
triage-pass-2,loggers,keep
triage-pass-2,loins,keep
triage-pass-2,magnitudes,keep
triage-pass-2,maharaja,keep
triage-pass-2,manipulates,keep
triage-pass-2,matriarch,keep
triage-pass-2,mauve,keep
triage-pass-2,microfilm,keep
triage-pass-2,mitts,keep
triage-pass-2,modems,keep
triage-pass-2,modicum,keep
triage-pass-2,motorbikes,keep
triage-pass-2,mouthwash,keep
triage-pass-2,mujahideen,keep
triage-pass-2,multipliers,keep
triage-pass-2,nauseating,keep
triage-pass-2,nettle,keep
triage-pass-2,omits,keep
triage-pass-2,omniscient,keep
triage-pass-2,origination,keep
triage-pass-2,overdosed,keep
triage-pass-2,overran,keep
triage-pass-2,overshadow,keep
triage-pass-2,pacer,keep
triage-pass-2,paroled,keep
triage-pass-2,partaking,keep
triage-pass-2,patriarchs,keep
triage-pass-2,pavilions,keep
triage-pass-2,peacocks,keep
triage-pass-2,pedicure,keep
triage-pass-2,pheromone,keep
triage-pass-2,philistines,keep
triage-pass-2,phish,keep
triage-pass-2,placard,keep
triage-pass-2,polyps,keep
triage-pass-2,pothole,keep
triage-pass-2,potting,keep
triage-pass-2,presides,keep
triage-pass-2,primeval,keep
triage-pass-2,promiscuity,keep
triage-pass-2,provisioning,keep
triage-pass-2,puddings,keep
triage-pass-2,purplish,keep
triage-pass-2,rabbinic,keep
triage-pass-2,rakes,keep
triage-pass-2,ranching,keep
triage-pass-2,ravel,keep
triage-pass-2,reachable,keep
triage-pass-2,reaffirms,keep
triage-pass-2,reappears,keep
triage-pass-2,rebelling,keep
triage-pass-2,recede,keep
triage-pass-2,reductase,ditch
triage-pass-2,reestablish,keep
triage-pass-2,reintroduce,keep
triage-pass-2,rekindle,keep
triage-pass-2,relapsed,keep
triage-pass-2,relented,keep
triage-pass-2,reposition,keep
triage-pass-2,reproduces,keep
triage-pass-2,reverts,keep
triage-pass-2,revulsion,keep
triage-pass-2,rinsing,keep
triage-pass-2,safeties,keep
triage-pass-2,sanctified,keep
triage-pass-2,sandalwood,keep
triage-pass-2,sanding,keep
triage-pass-2,savant,keep
triage-pass-2,scape,ditch
triage-pass-2,schoolgirls,keep
triage-pass-2,scrawny,keep
triage-pass-2,seabirds,keep
triage-pass-2,sear,keep
triage-pass-2,sequins,keep
triage-pass-2,shackled,keep
triage-pass-2,slop,keep
triage-pass-2,smothering,keep
triage-pass-2,solvency,keep
triage-pass-2,spyware,keep
triage-pass-2,stamens,keep
triage-pass-2,stepmom,keep
triage-pass-2,stocky,keep
triage-pass-2,strutting,keep
triage-pass-2,subsidence,keep
triage-pass-2,subtracted,keep
triage-pass-2,sullen,keep
triage-pass-2,sump,keep
triage-pass-2,supervises,keep
triage-pass-2,swirls,keep
triage-pass-2,symbiosis,keep
triage-pass-2,synchronize,keep
triage-pass-2,tantalizing,keep
triage-pass-2,taster,keep
triage-pass-2,teacup,keep
triage-pass-2,tectonics,keep
triage-pass-2,tepid,keep
triage-pass-2,terrifies,keep
triage-pass-2,testes,keep
triage-pass-2,thatch,keep
triage-pass-2,thawed,keep
triage-pass-2,thicken,keep
triage-pass-2,throated,keep
triage-pass-2,thumbnails,keep
triage-pass-2,tripe,keep
triage-pass-2,trotted,keep
triage-pass-2,troughs,keep
triage-pass-2,tweeter,keep
triage-pass-2,twinning,keep
triage-pass-2,typewriters,keep
triage-pass-2,unabated,keep
triage-pass-2,unafraid,keep
triage-pass-2,unearned,keep
triage-pass-2,unread,keep
triage-pass-2,unsaturated,keep
triage-pass-2,unsurpassed,keep
triage-pass-2,urns,keep
triage-pass-2,validates,keep
triage-pass-2,vats,keep
triage-pass-2,vaulting,keep
triage-pass-2,venerated,keep
triage-pass-2,waisted,keep
triage-pass-2,waiving,keep
triage-pass-2,waring,ditch
triage-pass-2,whimper,keep
triage-pass-2,wiles,keep
triage-pass-2,winkle,ditch
triage-pass-2,wistful,keep
triage-pass-2,wolfram,ditch
triage-pass-2,workaround,keep
triage-pass-2,yeoman,keep
triage-pass-2,yule,keep
triage-pass-2,abounds,keep
triage-pass-2,accumulator,keep
triage-pass-2,aerosols,keep
triage-pass-2,airfields,keep
triage-pass-2,allude,keep
triage-pass-2,anas,ditch
triage-pass-2,androgynous,keep
triage-pass-2,animus,keep
triage-pass-2,anion,keep
triage-pass-2,antipathy,keep
triage-pass-2,archdeacon,keep
triage-pass-2,arginine,ditch
triage-pass-2,armadillo,keep
triage-pass-2,armband,keep
triage-pass-2,artefact,keep
triage-pass-2,awning,keep
triage-pass-2,awol,ditch
triage-pass-2,bacillus,keep
triage-pass-2,balmy,keep
triage-pass-2,barbeque,keep
triage-pass-2,bards,keep
triage-pass-2,bicycling,keep
triage-pass-2,binomial,keep
triage-pass-2,blinders,keep
triage-pass-2,bloodhound,keep
triage-pass-2,booger,keep
triage-pass-2,brandishing,keep
triage-pass-2,bromide,keep
triage-pass-2,cabana,keep
triage-pass-2,cadaver,keep
triage-pass-2,caked,keep
triage-pass-2,carnation,keep
triage-pass-2,censuses,keep
triage-pass-2,chickpeas,keep
triage-pass-2,choppers,keep
triage-pass-2,chronicler,keep
triage-pass-2,chuffed,keep
triage-pass-2,chutes,keep
triage-pass-2,citric,keep
triage-pass-2,clawing,keep
triage-pass-2,cobblestone,keep
triage-pass-2,communique,keep
triage-pass-2,compacted,keep
triage-pass-2,condiment,keep
triage-pass-2,cots,keep
triage-pass-2,crim,ditch
triage-pass-2,croquet,keep
triage-pass-2,crystallized,keep
triage-pass-2,cuddled,keep
triage-pass-2,cuppa,keep
triage-pass-2,degenerated,keep
triage-pass-2,degrades,keep
triage-pass-2,delectable,keep
triage-pass-2,demotion,keep
triage-pass-2,denizens,keep
triage-pass-2,derailment,keep
triage-pass-2,descriptors,keep
triage-pass-2,discoverer,keep
triage-pass-2,dislodged,keep
triage-pass-2,doubters,keep
triage-pass-2,dragoons,keep
triage-pass-2,dreadfully,keep
triage-pass-2,dredged,keep
triage-pass-2,durst,ditch
triage-pass-2,echelons,keep
triage-pass-2,elation,keep
triage-pass-2,elucidate,keep
triage-pass-2,emitters,keep
triage-pass-2,engraver,keep
triage-pass-2,enlarging,keep
triage-pass-2,envisage,keep
triage-pass-2,evictions,keep
triage-pass-2,excavator,keep
triage-pass-2,exclusionary,keep
triage-pass-2,fads,keep
triage-pass-2,fairing,keep
triage-pass-2,fatwa,keep
triage-pass-2,flamingos,keep
triage-pass-2,flippers,keep
triage-pass-2,flog,keep
triage-pass-2,flogged,keep
triage-pass-2,fluorine,keep
triage-pass-2,flushes,keep
triage-pass-2,forehand,keep
triage-pass-2,foursquare,keep
triage-pass-2,givens,keep
triage-pass-2,glimpsed,keep
triage-pass-2,gramophone,keep
triage-pass-2,gratefully,keep
triage-pass-2,gumbo,keep
triage-pass-2,hansel,ditch
triage-pass-2,harrier,keep
triage-pass-2,harshest,keep
triage-pass-2,heeded,keep
triage-pass-2,hibernate,keep
triage-pass-2,hollering,keep
triage-pass-2,homeward,keep
triage-pass-2,hotdogs,keep
triage-pass-2,hounded,keep
triage-pass-2,imitations,keep
triage-pass-2,impediments,keep
triage-pass-2,implode,keep
triage-pass-2,inane,keep
triage-pass-2,ineptitude,keep
triage-pass-2,inshore,keep
triage-pass-2,instigating,keep
triage-pass-2,intensities,keep
triage-pass-2,interconnect,keep
triage-pass-2,interrelated,keep
triage-pass-2,interviewee,keep
triage-pass-2,irritant,keep
triage-pass-2,juicing,keep
triage-pass-2,jurist,keep
triage-pass-2,kisser,keep
triage-pass-2,labia,keep
triage-pass-2,lawnmower,keep
triage-pass-2,leaved,keep
triage-pass-2,leeks,keep
triage-pass-2,lysine,ditch
triage-pass-2,majorly,keep
triage-pass-2,manicured,keep
triage-pass-2,marquise,keep
triage-pass-2,mastectomy,keep
triage-pass-2,meteoric,keep
triage-pass-2,midair,keep
triage-pass-2,militaries,keep
triage-pass-2,militiamen,keep
triage-pass-2,molester,keep
triage-pass-2,monomer,keep
triage-pass-2,muffler,keep
triage-pass-2,multitudes,keep
triage-pass-2,narrowest,keep
triage-pass-2,neckline,keep
triage-pass-2,neutralizing,keep
triage-pass-2,nightmarish,keep
triage-pass-2,nitty,ditch
triage-pass-2,northwards,keep
triage-pass-2,nudged,keep
triage-pass-2,obliquely,keep
triage-pass-2,outermost,keep
triage-pass-2,overheat,keep
triage-pass-2,overlords,keep
triage-pass-2,overthink,keep
triage-pass-2,overzealous,keep
triage-pass-2,paperbacks,keep
triage-pass-2,peasantry,keep
triage-pass-2,persisting,keep
triage-pass-2,photocopy,keep
triage-pass-2,pitman,ditch
triage-pass-2,plying,keep
triage-pass-2,porosity,keep
triage-pass-2,pouting,keep
triage-pass-2,prefixes,keep
triage-pass-2,prejudicial,keep
triage-pass-2,preyed,keep
triage-pass-2,pulsar,keep
triage-pass-2,putrid,keep
triage-pass-2,pylons,keep
triage-pass-2,racquet,keep
triage-pass-2,ramped,keep
triage-pass-2,ransomware,keep
triage-pass-2,rapped,keep
triage-pass-2,reactivated,keep
triage-pass-2,recessions,keep
triage-pass-2,regalia,keep
triage-pass-2,remaster,keep
triage-pass-2,repainted,keep
triage-pass-2,reproducible,keep
triage-pass-2,retrial,keep
triage-pass-2,rippling,keep
triage-pass-2,ritualistic,keep
triage-pass-2,rollback,keep
triage-pass-2,rota,keep
triage-pass-2,royally,keep
triage-pass-2,rube,keep
triage-pass-2,rusk,keep
triage-pass-2,saggy,keep
triage-pass-2,sanitizer,keep
triage-pass-2,schematics,keep
triage-pass-2,scoliosis,keep
triage-pass-2,separatism,keep
triage-pass-2,septa,keep
triage-pass-2,serfs,keep
triage-pass-2,shacks,keep
triage-pass-2,shockwave,keep
triage-pass-2,showrooms,keep
triage-pass-2,shuttered,keep
triage-pass-2,singling,keep
triage-pass-2,sinning,keep
triage-pass-2,skeet,keep
triage-pass-2,slouch,keep
triage-pass-2,snapdragon,keep
triage-pass-2,sneer,keep
triage-pass-2,sola,ditch
triage-pass-2,sorcerers,keep
triage-pass-2,sorrowful,keep
triage-pass-2,spewed,keep
triage-pass-2,splat,keep
triage-pass-2,spokesmen,keep
triage-pass-2,stopover,keep
triage-pass-2,technicolor,keep
triage-pass-2,thwarting,keep
triage-pass-2,tidbits,keep
triage-pass-2,tightens,keep
triage-pass-2,touts,keep
triage-pass-2,tracksuit,keep
triage-pass-2,transduction,ditch
triage-pass-2,triads,keep
triage-pass-2,trinket,keep
triage-pass-2,triplet,keep
triage-pass-2,trolleys,keep
triage-pass-2,troublemaker,keep
triage-pass-2,trumpeter,keep
triage-pass-2,trusses,keep
triage-pass-2,tufted,keep
triage-pass-2,tumult,keep
triage-pass-2,typhoons,keep
triage-pass-2,uninitiated,keep
triage-pass-2,uninspired,keep
triage-pass-2,unrestrained,keep
triage-pass-2,unsanitary,keep
triage-pass-2,untoward,keep
triage-pass-2,uppermost,keep
triage-pass-2,ushers,keep
triage-pass-2,usurp,keep
triage-pass-2,vasectomy,keep
triage-pass-2,verdant,keep
triage-pass-2,vicarage,keep
triage-pass-2,videotaped,keep
triage-pass-2,vilified,keep
triage-pass-2,waistline,keep
triage-pass-2,weatherman,keep
triage-pass-2,whopper,keep
triage-pass-2,wiretapping,keep
triage-pass-2,woolen,keep
triage-pass-2,wringing,keep
triage-pass-2,wristwatch,keep
triage-pass-2,aberrant,keep
triage-pass-2,absinthe,keep
triage-pass-2,absolved,keep
triage-pass-2,abstaining,keep
triage-pass-2,adamantly,keep
triage-pass-2,adder,keep
triage-pass-2,advisories,keep
triage-pass-2,affinities,keep
triage-pass-2,ageless,keep
triage-pass-2,agitators,keep
triage-pass-2,agonists,keep
triage-pass-2,airframe,keep
triage-pass-2,algal,keep
triage-pass-2,allay,keep
triage-pass-2,anatomically,keep
triage-pass-2,annoyingly,keep
triage-pass-2,answerable,keep
triage-pass-2,apropos,keep
triage-pass-2,assembler,keep
triage-pass-2,asymptotic,keep
triage-pass-2,aviators,keep
triage-pass-2,backfires,keep
triage-pass-2,bailiffs,keep
triage-pass-2,ballgame,keep
triage-pass-2,barricaded,keep
triage-pass-2,bedlam,keep
triage-pass-2,beeping,keep
triage-pass-2,beluga,keep
triage-pass-2,biopsies,keep
triage-pass-2,blackest,keep
triage-pass-2,bloodless,keep
triage-pass-2,bookshelves,keep
triage-pass-2,boreal,keep
triage-pass-2,brackish,keep
triage-pass-2,bream,keep
triage-pass-2,buckling,keep
triage-pass-2,buries,keep
triage-pass-2,burlap,keep
triage-pass-2,byproducts,keep
triage-pass-2,cackling,keep
triage-pass-2,capstone,keep
triage-pass-2,carpeting,keep
triage-pass-2,catalysis,keep
triage-pass-2,changeover,keep
triage-pass-2,chins,keep
triage-pass-2,chiseled,keep
triage-pass-2,cistern,keep
triage-pass-2,classifieds,keep
triage-pass-2,cleverness,keep
triage-pass-2,coagulation,keep
triage-pass-2,coder,keep
triage-pass-2,coldly,keep
triage-pass-2,colloquially,keep
triage-pass-2,congruent,keep
triage-pass-2,contributory,keep
triage-pass-2,convective,keep
triage-pass-2,coursing,keep
triage-pass-2,crucify,keep
triage-pass-2,cuticle,keep
triage-pass-2,dateline,keep
triage-pass-2,dauntless,keep
triage-pass-2,degas,keep
triage-pass-2,depleting,keep
triage-pass-2,despatch,keep
triage-pass-2,devotions,keep
triage-pass-2,dialectic,keep
triage-pass-2,dietitian,keep
triage-pass-2,dismissals,keep
triage-pass-2,disobeyed,keep
triage-pass-2,disobeying,keep
triage-pass-2,dispositions,keep
triage-pass-2,diurnal,keep
triage-pass-2,divisible,keep
triage-pass-2,domineering,keep
triage-pass-2,dominos,keep
triage-pass-2,dunking,keep
triage-pass-2,dwarfed,keep
triage-pass-2,electrics,keep
triage-pass-2,emancipated,keep
triage-pass-2,emblazoned,keep
triage-pass-2,encodes,keep
triage-pass-2,equalization,keep
triage-pass-2,erupting,keep
triage-pass-2,etchings,keep
triage-pass-2,exclaiming,keep
triage-pass-2,fabulously,keep
triage-pass-2,faithless,keep
triage-pass-2,falsetto,keep
triage-pass-2,festering,keep
triage-pass-2,firecracker,keep
triage-pass-2,firecrackers,keep
triage-pass-2,flanker,keep
triage-pass-2,flathead,keep
triage-pass-2,forges,keep
triage-pass-2,frontrunner,keep
triage-pass-2,frowns,keep
triage-pass-2,frustrates,keep
triage-pass-2,fuchsia,keep
triage-pass-2,gillies,ditch
triage-pass-2,glittery,keep
triage-pass-2,globular,keep
triage-pass-2,glutathione,ditch
triage-pass-2,goddam,keep
triage-pass-2,grandmas,keep
triage-pass-2,groaned,keep
triage-pass-2,guildhall,keep
triage-pass-2,hanuman,ditch
triage-pass-2,haulage,keep
triage-pass-2,headland,keep
triage-pass-2,headstrong,keep
triage-pass-2,hedgehogs,keep
triage-pass-2,herbivores,keep
triage-pass-2,hooligan,keep
triage-pass-2,humongous,keep
triage-pass-2,hydrothermal,keep
triage-pass-2,hyperspace,keep
triage-pass-2,ibid,ditch
triage-pass-2,impurity,keep
triage-pass-2,inactivated,keep
triage-pass-2,inalienable,keep
triage-pass-2,incisions,keep
triage-pass-2,incongruous,keep
triage-pass-2,innkeeper,keep
triage-pass-2,interleukin,ditch
triage-pass-2,intifada,keep
triage-pass-2,intracranial,keep
triage-pass-2,intruding,keep
triage-pass-2,irreducible,keep
triage-pass-2,jiggle,keep
triage-pass-2,jingles,keep
triage-pass-2,jumbled,keep
triage-pass-2,ketones,keep
triage-pass-2,kitsch,keep
triage-pass-2,leprechaun,keep
triage-pass-2,lethargy,keep
triage-pass-2,lettered,keep
triage-pass-2,lifeblood,keep
triage-pass-2,lilo,ditch
triage-pass-2,littoral,ditch
triage-pass-2,lumbering,keep
triage-pass-2,madhouse,keep
triage-pass-2,maelstrom,keep
triage-pass-2,maligned,keep
triage-pass-2,marchers,keep
triage-pass-2,meander,keep
triage-pass-2,meshes,keep
triage-pass-2,microscopes,keep
triage-pass-2,milkshakes,keep
triage-pass-2,mimosa,keep
triage-pass-2,minty,keep
triage-pass-2,misbehaving,keep
triage-pass-2,misusing,keep
triage-pass-2,moldy,keep
triage-pass-2,moll,keep
triage-pass-2,monorail,keep
triage-pass-2,moraine,keep
triage-pass-2,morphing,keep
triage-pass-2,munchkin,keep
triage-pass-2,nonviolence,keep
triage-pass-2,oboe,keep
triage-pass-2,ochre,keep
triage-pass-2,ogle,keep
triage-pass-2,oligarch,keep
triage-pass-2,opulence,keep
triage-pass-2,orang,ditch
triage-pass-2,overeating,keep
triage-pass-2,overheads,keep
triage-pass-2,overlays,keep
triage-pass-2,overreacted,keep
triage-pass-2,oxidase,ditch
triage-pass-2,palpitations,keep
triage-pass-2,pancreatitis,keep
triage-pass-2,pandemonium,keep
triage-pass-2,parlors,keep
triage-pass-2,payoffs,keep
triage-pass-2,peacemaker,keep
triage-pass-2,permeates,keep
triage-pass-2,perpetuates,keep
triage-pass-2,personable,keep
triage-pass-2,personalize,keep
triage-pass-2,perturbed,keep
triage-pass-2,phenotypes,keep
triage-pass-2,phoney,keep
triage-pass-2,platypus,keep
triage-pass-2,plows,keep
triage-pass-2,pollutant,keep
triage-pass-2,prankster,keep
triage-pass-2,profitably,keep
triage-pass-2,proliferate,keep
triage-pass-2,propagandist,keep
triage-pass-2,punting,keep
triage-pass-2,pyre,keep
triage-pass-2,ravishing,keep
triage-pass-2,readout,keep
triage-pass-2,reapply,keep
triage-pass-2,recidivism,keep
triage-pass-2,recollect,keep
triage-pass-2,reis,ditch
triage-pass-2,reiterates,keep
triage-pass-2,relievers,keep
triage-pass-2,repeatable,keep
triage-pass-2,replicates,keep
triage-pass-2,requisition,keep
triage-pass-2,resettled,keep
triage-pass-2,resistances,keep
triage-pass-2,resp,ditch
triage-pass-2,restarts,keep
triage-pass-2,retrace,keep
triage-pass-2,reusing,keep
triage-pass-2,rivet,keep
triage-pass-2,roadhouse,keep
triage-pass-2,roughing,keep
triage-pass-2,ruffles,keep
triage-pass-2,ruinous,keep
triage-pass-2,saintly,keep
triage-pass-2,scalability,keep
triage-pass-2,scuttle,keep
triage-pass-2,seltzer,keep
triage-pass-2,skyward,keep
triage-pass-2,slings,keep
triage-pass-2,spinster,keep
triage-pass-2,spliced,keep
triage-pass-2,sprinted,keep
triage-pass-2,spud,keep
triage-pass-2,squalor,keep
triage-pass-2,startle,keep
triage-pass-2,staunchly,keep
triage-pass-2,steadfastly,keep
triage-pass-2,straying,keep
triage-pass-2,streaking,keep
triage-pass-2,stubby,keep
triage-pass-2,subjugated,keep
triage-pass-2,subplot,keep
triage-pass-2,subsidizing,keep
triage-pass-2,subterfuge,keep
triage-pass-2,supercharger,keep
triage-pass-2,surfactants,keep
triage-pass-2,tablecloth,keep
triage-pass-2,tacitly,keep
triage-pass-2,tailing,keep
triage-pass-2,tailings,keep
triage-pass-2,tapper,keep
triage-pass-2,tardy,keep
triage-pass-2,tassel,keep
triage-pass-2,thicket,keep
triage-pass-2,threefold,keep
triage-pass-2,thruster,keep
triage-pass-2,tidying,keep
triage-pass-2,tinned,keep
triage-pass-2,toasting,keep
triage-pass-2,torchwood,ditch
triage-pass-2,townhouses,keep
triage-pass-2,transcribe,keep
triage-pass-2,trapeze,keep
triage-pass-2,trifling,keep
triage-pass-2,twirl,keep
triage-pass-2,unconvincing,keep
triage-pass-2,uncooked,keep
triage-pass-2,undaunted,keep
triage-pass-2,underlining,keep
triage-pass-2,underpinned,keep
triage-pass-2,undeserved,keep
triage-pass-2,unearth,keep
triage-pass-2,unsaid,keep
triage-pass-2,unsurprising,keep
triage-pass-2,uppers,keep
triage-pass-2,uttering,keep
triage-pass-2,velvety,keep
triage-pass-2,wallabies,keep
triage-pass-2,wheelie,keep
triage-pass-2,wildflower,keep
triage-pass-2,winemaker,keep
triage-pass-2,wiretap,keep
triage-pass-2,woeful,keep
triage-pass-2,yardstick,keep
triage-pass-2,abate,keep
triage-pass-2,accesses,keep
triage-pass-2,adenosine,keep
triage-pass-2,adjuster,keep
triage-pass-2,affaires,ditch
triage-pass-2,aftertaste,keep
triage-pass-2,alleviated,keep
triage-pass-2,ambiance,keep
triage-pass-2,analgesic,keep
triage-pass-2,approximated,keep
triage-pass-2,ascends,keep
triage-pass-2,aspirants,keep
triage-pass-2,automaton,keep
triage-pass-2,avalanches,keep
triage-pass-2,baboons,keep
triage-pass-2,bade,keep
triage-pass-2,bathrobe,keep
triage-pass-2,biathlon,keep
triage-pass-2,blocs,keep
triage-pass-2,bolo,keep
triage-pass-2,bookie,keep
triage-pass-2,bookmakers,keep
triage-pass-2,bothersome,keep
triage-pass-2,brained,keep
triage-pass-2,bundling,keep
triage-pass-2,busby,ditch
triage-pass-2,caching,keep
triage-pass-2,calamities,keep
triage-pass-2,campgrounds,keep
triage-pass-2,canfield,ditch
triage-pass-2,cantina,keep
triage-pass-2,carnivore,keep
triage-pass-2,casement,keep
triage-pass-2,cataloging,keep
triage-pass-2,catnip,keep
triage-pass-2,causative,keep
triage-pass-2,cesspool,keep
triage-pass-2,chipmunks,keep
triage-pass-2,churned,keep
triage-pass-2,commissar,keep
triage-pass-2,conformed,keep
triage-pass-2,congestive,keep
triage-pass-2,consulates,keep
triage-pass-2,corrupts,keep
triage-pass-2,cupola,keep
triage-pass-2,dabble,keep
triage-pass-2,darting,keep
triage-pass-2,debunk,keep
triage-pass-2,decays,keep
triage-pass-2,decking,keep
triage-pass-2,decrypt,keep
triage-pass-2,defectors,keep
triage-pass-2,degenerates,keep
triage-pass-2,depositions,keep
triage-pass-2,despondent,keep
triage-pass-2,despot,keep
triage-pass-2,detachments,keep
triage-pass-2,dialectical,keep
triage-pass-2,digestible,keep
triage-pass-2,disassembled,keep
triage-pass-2,disembark,keep
triage-pass-2,disgusts,keep
triage-pass-2,dishonorable,keep
triage-pass-2,dogging,keep
triage-pass-2,dopey,keep
triage-pass-2,easel,keep
triage-pass-2,eastwards,keep
triage-pass-2,eliminations,keep
triage-pass-2,ellipse,keep
triage-pass-2,encoder,keep
triage-pass-2,enormity,keep
triage-pass-2,eons,keep
triage-pass-2,espouse,keep
triage-pass-2,exemplar,keep
triage-pass-2,extender,keep
triage-pass-2,extramarital,keep
triage-pass-2,fandango,keep
triage-pass-2,farina,keep
triage-pass-2,fearlessly,keep
triage-pass-2,firewalls,keep
triage-pass-2,formalism,keep
triage-pass-2,fortuitous,keep
triage-pass-2,franchisee,keep
triage-pass-2,freestanding,keep
triage-pass-2,frenetic,keep
triage-pass-2,fridges,keep
triage-pass-2,frolic,keep
triage-pass-2,funneled,keep
triage-pass-2,fussing,keep
triage-pass-2,gaff,keep
triage-pass-2,galleys,keep
triage-pass-2,gangrene,keep
triage-pass-2,gatekeepers,keep
triage-pass-2,glides,keep
triage-pass-2,glosses,keep
triage-pass-2,gluttony,keep
triage-pass-2,goalkeeping,keep
triage-pass-2,goatee,keep
triage-pass-2,granddad,keep
triage-pass-2,greyhounds,keep
triage-pass-2,grieved,keep
triage-pass-2,grist,keep
triage-pass-2,grope,keep
triage-pass-2,guardsmen,keep
triage-pass-2,hadron,keep
triage-pass-2,hammerhead,keep
triage-pass-2,hampers,keep
triage-pass-2,hangman,keep
triage-pass-2,haughty,keep
triage-pass-2,headmistress,keep
triage-pass-2,headteacher,keep
triage-pass-2,heavyweights,keep
triage-pass-2,hobbits,keep
triage-pass-2,hogging,keep
triage-pass-2,hoisting,keep
triage-pass-2,horseradish,keep
triage-pass-2,hotshot,keep
triage-pass-2,householders,keep
triage-pass-2,hypoglycemia,keep
triage-pass-2,immeasurably,keep
triage-pass-2,imprecise,keep
triage-pass-2,indigent,keep
triage-pass-2,inlay,keep
triage-pass-2,intramural,keep
triage-pass-2,invulnerable,keep
triage-pass-2,janitors,keep
triage-pass-2,jawbone,keep
triage-pass-2,jittery,keep
triage-pass-2,judicious,keep
triage-pass-2,kegs,keep
triage-pass-2,kinsman,keep
triage-pass-2,laudable,keep
triage-pass-2,lessens,keep
triage-pass-2,liftoff,keep
triage-pass-2,logarithmic,keep
triage-pass-2,loudness,keep
triage-pass-2,lowery,ditch
triage-pass-2,manors,keep
triage-pass-2,mantras,keep
triage-pass-2,megawatt,keep
triage-pass-2,militarized,keep
triage-pass-2,mobbed,keep
triage-pass-2,moneys,keep
triage-pass-2,moorland,keep
triage-pass-2,naively,keep
triage-pass-2,nappies,keep
triage-pass-2,narcissus,keep
triage-pass-2,nitrates,keep
triage-pass-2,occipital,keep
triage-pass-2,ophthalmic,keep
triage-pass-2,ostentatious,keep
triage-pass-2,osteopathic,keep
triage-pass-2,oversize,keep
triage-pass-2,padlock,keep
triage-pass-2,paras,ditch
triage-pass-2,patina,keep
triage-pass-2,permeated,keep
triage-pass-2,perspiration,keep
triage-pass-2,phenotypic,ditch
triage-pass-2,plagiarized,keep
triage-pass-2,plasmid,ditch
triage-pass-2,plummeting,keep
triage-pass-2,poach,keep
triage-pass-2,polices,keep
triage-pass-2,pontifical,keep
triage-pass-2,postcolonial,keep
triage-pass-2,precluded,keep
triage-pass-2,prostrate,keep
triage-pass-2,pubes,keep
triage-pass-2,pushover,keep
triage-pass-2,quilting,keep
triage-pass-2,raincoat,keep
triage-pass-2,reconnected,keep
triage-pass-2,redeveloped,keep
triage-pass-2,refreshingly,keep
triage-pass-2,refrigerate,keep
triage-pass-2,refutes,keep
triage-pass-2,relativism,keep
triage-pass-2,renditions,keep
triage-pass-2,repelling,keep
triage-pass-2,restaurateur,keep
triage-pass-2,rickety,keep
triage-pass-2,ricotta,keep
triage-pass-2,ridership,keep
triage-pass-2,sacra,ditch
triage-pass-2,saddens,keep
triage-pass-2,sappy,keep
triage-pass-2,saucers,keep
triage-pass-2,saviors,keep
triage-pass-2,separations,keep
triage-pass-2,shallots,keep
triage-pass-2,shifters,keep
triage-pass-2,shill,keep
triage-pass-2,shins,keep
triage-pass-2,shorted,keep
triage-pass-2,sipped,keep
triage-pass-2,siting,keep
triage-pass-2,sixpence,keep
triage-pass-2,skateboards,keep
triage-pass-2,skinhead,keep
triage-pass-2,slats,keep
triage-pass-2,sneezed,keep
triage-pass-2,snorkel,keep
triage-pass-2,solenoid,keep
triage-pass-2,songbird,keep
triage-pass-2,sorties,keep
triage-pass-2,splendidly,keep
triage-pass-2,sprawled,keep
triage-pass-2,stiller,keep
triage-pass-2,storehouse,keep
triage-pass-2,straighter,keep
triage-pass-2,striptease,keep
triage-pass-2,supersede,keep
triage-pass-2,sustainably,keep
triage-pass-2,swimsuits,keep
triage-pass-2,swooped,keep
triage-pass-2,synergistic,keep
triage-pass-2,tantric,keep
triage-pass-2,tats,keep
triage-pass-2,telegrams,keep
triage-pass-2,thar,ditch
triage-pass-2,theatrics,keep
triage-pass-2,thermally,keep
triage-pass-2,throb,keep
triage-pass-2,ticketed,keep
triage-pass-2,tormenting,keep
triage-pass-2,toyed,keep
triage-pass-2,trachea,keep
triage-pass-2,transitory,keep
triage-pass-2,treasonous,keep
triage-pass-2,tribalism,keep
triage-pass-2,trig,ditch
triage-pass-2,truckload,keep
triage-pass-2,unattached,keep
triage-pass-2,underlie,keep
triage-pass-2,underlies,keep
triage-pass-2,unmanageable,keep
triage-pass-2,unmoved,keep
triage-pass-2,uplifted,keep
triage-pass-2,upshot,keep
triage-pass-2,upsurge,keep
triage-pass-2,vivacious,keep
triage-pass-2,vowing,keep
triage-pass-2,voyeur,keep
triage-pass-2,warlike,keep
triage-pass-2,warmup,keep
triage-pass-2,watercolors,keep
triage-pass-2,watermelons,keep
triage-pass-2,watersheds,keep
triage-pass-2,weaned,keep
triage-pass-2,wisp,keep
triage-pass-2,wold,ditch
triage-pass-2,yearling,keep
triage-pass-2,abductions,keep
triage-pass-2,ably,keep
triage-pass-2,abortive,keep
triage-pass-2,agitating,keep
triage-pass-2,aikido,keep
triage-pass-2,alkaloids,keep
triage-pass-2,alternated,keep
triage-pass-2,anagram,keep
triage-pass-2,apaches,ditch
triage-pass-2,apostate,keep
triage-pass-2,archway,keep
triage-pass-2,artfully,keep
triage-pass-2,artistes,keep
triage-pass-2,backpackers,keep
triage-pass-2,ballooning,keep
triage-pass-2,baptismal,keep
triage-pass-2,basses,keep
triage-pass-2,beeswax,keep
triage-pass-2,benthic,ditch
triage-pass-2,berated,keep
triage-pass-2,bight,keep
triage-pass-2,bilge,keep
triage-pass-2,blouses,keep
triage-pass-2,bonne,ditch
triage-pass-2,breaststroke,keep
triage-pass-2,breeches,keep
triage-pass-2,bronzes,keep
triage-pass-2,buttress,keep
triage-pass-2,cabling,keep
triage-pass-2,camber,keep
triage-pass-2,cartography,keep
triage-pass-2,cataclysmic,keep
triage-pass-2,catharsis,keep
triage-pass-2,cerebellum,keep
triage-pass-2,chiral,ditch
triage-pass-2,cohabitation,keep
triage-pass-2,collapsible,keep
triage-pass-2,conga,keep
triage-pass-2,conjures,keep
triage-pass-2,consumables,keep
triage-pass-2,copier,keep
triage-pass-2,courtyards,keep
triage-pass-2,creamery,keep
triage-pass-2,critiquing,keep
triage-pass-2,defrauded,keep
triage-pass-2,depose,keep
triage-pass-2,deprecated,keep
triage-pass-2,dicey,keep
triage-pass-2,dimmer,keep
triage-pass-2,disinfection,keep
triage-pass-2,disobedient,keep
triage-pass-2,distantly,keep
triage-pass-2,divestment,keep
triage-pass-2,downtrodden,keep
triage-pass-2,drowsiness,keep
triage-pass-2,dumpling,keep
triage-pass-2,dutifully,keep
triage-pass-2,dysplasia,ditch
triage-pass-2,ecologist,keep
triage-pass-2,edicts,keep
triage-pass-2,effluent,keep
triage-pass-2,egress,keep
triage-pass-2,eights,keep
triage-pass-2,embodying,keep
triage-pass-2,encapsulates,keep
triage-pass-2,endangerment,keep
triage-pass-2,enrol,keep
triage-pass-2,eventuality,keep
triage-pass-2,evermore,keep
triage-pass-2,evolutions,keep
triage-pass-2,excretion,keep
triage-pass-2,exegesis,keep
triage-pass-2,exhibitor,keep
triage-pass-2,expunged,keep
triage-pass-2,extrapolate,keep
triage-pass-2,faring,keep
triage-pass-2,fingertip,keep
triage-pass-2,flavorful,keep
triage-pass-2,forecasted,keep
triage-pass-2,galena,ditch
triage-pass-2,gamecocks,keep
triage-pass-2,ghee,keep
triage-pass-2,glyphs,keep
triage-pass-2,gouging,keep
triage-pass-2,gravitation,keep
triage-pass-2,harmonize,keep
triage-pass-2,headwaters,keep
triage-pass-2,herbarium,keep
triage-pass-2,hewn,keep
triage-pass-2,honeysuckle,keep
triage-pass-2,hoppers,keep
triage-pass-2,houseboat,keep
triage-pass-2,hypothalamus,keep
triage-pass-2,imaged,keep
triage-pass-2,immobilized,keep
triage-pass-2,imparting,keep
triage-pass-2,imperium,ditch
triage-pass-2,indenture,keep
triage-pass-2,inimitable,keep
triage-pass-2,instilling,keep
triage-pass-2,inversions,keep
triage-pass-2,jealously,keep
triage-pass-2,jogger,keep
triage-pass-2,knockouts,keep
triage-pass-2,kroner,keep
triage-pass-2,lacerations,keep
triage-pass-2,ladybug,keep
triage-pass-2,layover,keep
triage-pass-2,leathers,keep
triage-pass-2,liens,keep
triage-pass-2,littlest,keep
triage-pass-2,loath,keep
triage-pass-2,longhorn,keep
triage-pass-2,loopy,keep
triage-pass-2,magdalen,ditch
triage-pass-2,maidan,ditch
triage-pass-2,manifestly,keep
triage-pass-2,mercies,keep
triage-pass-2,metamorphic,keep
triage-pass-2,mews,keep
triage-pass-2,minimums,keep
triage-pass-2,modded,keep
triage-pass-2,mongoose,keep
triage-pass-2,motility,keep
triage-pass-2,mucosa,keep
triage-pass-2,mused,keep
triage-pass-2,naysayers,keep
triage-pass-2,noblemen,keep
triage-pass-2,obeys,keep
triage-pass-2,obsolescence,keep
triage-pass-2,obstetrician,keep
triage-pass-2,ordinal,keep
triage-pass-2,outgrow,keep
triage-pass-2,outsmart,keep
triage-pass-2,overcooked,keep
triage-pass-2,overrides,keep
triage-pass-2,overstate,keep
triage-pass-2,parables,keep
triage-pass-2,particulates,keep
triage-pass-2,penile,keep
triage-pass-2,perfusion,ditch
triage-pass-2,pessimist,keep
triage-pass-2,piecing,keep
triage-pass-2,placards,keep
triage-pass-2,plaguing,keep
triage-pass-2,plantain,keep
triage-pass-2,podcasting,keep
triage-pass-2,poms,ditch
triage-pass-2,poser,keep
triage-pass-2,preschoolers,keep
triage-pass-2,pronounces,keep
triage-pass-2,pylon,keep
triage-pass-2,quantifying,keep
triage-pass-2,radishes,keep
triage-pass-2,recyclable,keep
triage-pass-2,redirecting,keep
triage-pass-2,reenactment,keep
triage-pass-2,refit,keep
triage-pass-2,reiterating,keep
triage-pass-2,rejuvenate,keep
triage-pass-2,relaunched,keep
triage-pass-2,renderings,keep
triage-pass-2,repaying,keep
triage-pass-2,rereading,keep
triage-pass-2,resellers,keep
triage-pass-2,respirator,keep
triage-pass-2,resplendent,keep
triage-pass-2,restated,keep
triage-pass-2,revitalized,keep
triage-pass-2,rhythmically,keep
triage-pass-2,roomy,keep
triage-pass-2,salvia,keep
triage-pass-2,saps,keep
triage-pass-2,seduces,keep
triage-pass-2,seeps,keep
triage-pass-2,segregate,keep
triage-pass-2,seminaries,keep
triage-pass-2,signer,keep
triage-pass-2,signet,keep
triage-pass-2,silicate,keep
triage-pass-2,singlet,keep
triage-pass-2,sirs,keep
triage-pass-2,skewer,keep
triage-pass-2,sloths,keep
triage-pass-2,slugging,keep
triage-pass-2,snares,keep
triage-pass-2,soldered,keep
triage-pass-2,spammers,keep
triage-pass-2,spastic,ditch
triage-pass-2,specks,keep
triage-pass-2,squall,keep
triage-pass-2,stabilizers,keep
triage-pass-2,starlet,keep
triage-pass-2,stockpiles,keep
triage-pass-2,stoners,keep
triage-pass-2,stranding,keep
triage-pass-2,strangeness,keep
triage-pass-2,stratum,keep
triage-pass-2,strenuously,keep
triage-pass-2,strove,keep
triage-pass-2,surmise,keep
triage-pass-2,swindle,keep
triage-pass-2,swirled,keep
triage-pass-2,swordfish,keep
triage-pass-2,swot,ditch
triage-pass-2,takings,keep
triage-pass-2,talkers,keep
triage-pass-2,tentacle,keep
triage-pass-2,terse,keep
triage-pass-2,thawing,keep
triage-pass-2,thinnest,keep
triage-pass-2,timeliness,keep
triage-pass-2,tincture,keep
triage-pass-2,tombstones,keep
triage-pass-2,tooting,keep
triage-pass-2,tora,ditch
triage-pass-2,torments,keep
triage-pass-2,traitorous,keep
triage-pass-2,transact,keep
triage-pass-2,trawler,keep
triage-pass-2,triumphantly,keep
triage-pass-2,turnips,keep
triage-pass-2,ultras,ditch
triage-pass-2,unbelievers,keep
triage-pass-2,undeclared,keep
triage-pass-2,undercurrent,keep
triage-pass-2,undergrowth,keep
triage-pass-2,underpin,keep
triage-pass-2,unseemly,keep
triage-pass-2,unyielding,keep
triage-pass-2,upheavals,keep
triage-pass-2,urbanized,keep
triage-pass-2,usages,keep
triage-pass-2,vacuuming,keep
triage-pass-2,wale,keep
triage-pass-2,wallowing,keep
triage-pass-2,wavered,keep
triage-pass-2,wench,keep
triage-pass-2,wheres,ditch
triage-pass-2,wiggles,keep
triage-pass-2,wilfully,keep
triage-pass-2,worsens,keep
triage-pass-2,yeshiva,keep
triage-pass-2,abalone,keep
triage-pass-2,abdicate,keep
triage-pass-2,accosted,keep
triage-pass-2,adjournment,keep
triage-pass-2,admonished,keep
triage-pass-2,affable,keep
triage-pass-2,aficionados,keep
triage-pass-2,aggressors,keep
triage-pass-2,airbrush,keep
triage-pass-2,alarmingly,keep
triage-pass-2,alopecia,keep
triage-pass-2,apocryphal,keep
triage-pass-2,arguable,keep
triage-pass-2,assembles,keep
triage-pass-2,avowed,keep
triage-pass-2,baldness,keep
triage-pass-2,bathhouse,keep
triage-pass-2,beekeeping,keep
triage-pass-2,berk,ditch
triage-pass-2,bide,keep
triage-pass-2,biotic,keep
triage-pass-2,bisexuality,keep
triage-pass-2,bismuth,keep
triage-pass-2,bitters,keep
triage-pass-2,biweekly,keep
triage-pass-2,bizarrely,keep
triage-pass-2,blacker,keep
triage-pass-2,blemishes,keep
triage-pass-2,bloomed,keep
triage-pass-2,bloomer,keep
triage-pass-2,boulevards,keep
triage-pass-2,brags,keep
triage-pass-2,brainwash,keep
triage-pass-2,breadwinner,keep
triage-pass-2,bulbous,keep
triage-pass-2,butternut,keep
triage-pass-2,butting,keep
triage-pass-2,capillaries,keep
triage-pass-2,carcinogens,keep
triage-pass-2,caregiving,keep
triage-pass-2,carpeted,keep
triage-pass-2,chastised,keep
triage-pass-2,circuses,keep
triage-pass-2,clank,keep
triage-pass-2,classifier,keep
triage-pass-2,cliques,keep
triage-pass-2,compensates,keep
triage-pass-2,constitutive,ditch
triage-pass-2,coolly,keep
triage-pass-2,copping,keep
triage-pass-2,cornering,keep
triage-pass-2,coronal,keep
triage-pass-2,coupler,keep
triage-pass-2,courtesan,keep
triage-pass-2,curable,keep
triage-pass-2,curative,keep
triage-pass-2,cushy,keep
triage-pass-2,cysteine,ditch
triage-pass-2,dalmatian,keep
triage-pass-2,darkroom,keep
triage-pass-2,deciphering,keep
triage-pass-2,desirability,keep
triage-pass-2,deuterium,keep
triage-pass-2,diluting,keep
triage-pass-2,disenchanted,keep
triage-pass-2,distillers,keep
triage-pass-2,dodges,keep
triage-pass-2,downwind,keep
triage-pass-2,dropouts,keep
triage-pass-2,duckling,keep
triage-pass-2,dunked,keep
triage-pass-2,ectopic,keep
triage-pass-2,educates,keep
triage-pass-2,endoscopic,keep
triage-pass-2,engulf,keep
triage-pass-2,enrollees,keep
triage-pass-2,enrollments,keep
triage-pass-2,enthralling,keep
triage-pass-2,equaled,keep
triage-pass-2,equivalency,keep
triage-pass-2,essayist,keep
triage-pass-2,excavate,keep
triage-pass-2,exchangers,keep
triage-pass-2,excreted,keep
triage-pass-2,fallback,keep
triage-pass-2,fess,keep
triage-pass-2,fico,ditch
triage-pass-2,filename,keep
triage-pass-2,firebird,keep
triage-pass-2,flings,keep
triage-pass-2,foreheads,keep
triage-pass-2,forgeries,keep
triage-pass-2,fossilized,keep
triage-pass-2,franchised,keep
triage-pass-2,fraudsters,keep
triage-pass-2,gaffe,keep
triage-pass-2,gargantuan,keep
triage-pass-2,gavel,keep
triage-pass-2,geometries,keep
triage-pass-2,ghosted,keep
triage-pass-2,glens,keep
triage-pass-2,goalies,keep
triage-pass-2,godhead,keep
triage-pass-2,godlike,keep
triage-pass-2,goofing,keep
triage-pass-2,grates,keep
triage-pass-2,gravestone,keep
triage-pass-2,gridiron,keep
triage-pass-2,haggis,keep
triage-pass-2,hangings,keep
triage-pass-2,headdress,keep
triage-pass-2,hemmed,keep
triage-pass-2,hoarder,keep
triage-pass-2,hoarse,keep
triage-pass-2,hydrographic,ditch
triage-pass-2,icebergs,keep
triage-pass-2,illegality,keep
triage-pass-2,imperious,keep
triage-pass-2,implored,keep
triage-pass-2,infanticide,keep
triage-pass-2,infestations,keep
triage-pass-2,injectors,keep
triage-pass-2,injects,keep
triage-pass-2,inoculation,keep
triage-pass-2,inordinate,keep
triage-pass-2,inquires,keep
triage-pass-2,insincere,keep
triage-pass-2,instigator,keep
triage-pass-2,intercity,keep
triage-pass-2,isotopic,keep
triage-pass-2,jeopardizing,keep
triage-pass-2,joggers,keep
triage-pass-2,kebabs,keep
triage-pass-2,koalas,keep
triage-pass-2,ladle,keep
triage-pass-2,launchpad,keep
triage-pass-2,laundered,keep
triage-pass-2,laundromat,keep
triage-pass-2,laxative,keep
triage-pass-2,laxatives,keep
triage-pass-2,leeward,keep
triage-pass-2,lentil,keep
triage-pass-2,liaisons,keep
triage-pass-2,lifeguards,keep
triage-pass-2,litters,keep
triage-pass-2,lustful,keep
triage-pass-2,lustrous,keep
triage-pass-2,macroscopic,keep
triage-pass-2,marbled,keep
triage-pass-2,marten,keep
triage-pass-2,meaner,keep
triage-pass-2,meetups,keep
triage-pass-2,mignon,ditch
triage-pass-2,milt,ditch
triage-pass-2,mosh,keep
triage-pass-2,mosses,keep
triage-pass-2,mumbles,keep
triage-pass-2,newscast,keep
triage-pass-2,nonverbal,keep
triage-pass-2,orchestrate,keep
triage-pass-2,panache,keep
triage-pass-2,panelist,keep
triage-pass-2,paracetamol,keep
triage-pass-2,paralyzing,keep
triage-pass-2,parkin,ditch
triage-pass-2,participle,keep
triage-pass-2,pastimes,keep
triage-pass-2,pathetically,keep
triage-pass-2,pedantic,keep
triage-pass-2,peered,keep
triage-pass-2,pegging,keep
triage-pass-2,perturbation,keep
triage-pass-2,phage,ditch
triage-pass-2,phallic,keep
triage-pass-2,phobias,keep
triage-pass-2,phonology,keep
triage-pass-2,pickings,keep
triage-pass-2,pimping,keep
triage-pass-2,plateaus,keep
triage-pass-2,pocketbook,keep
triage-pass-2,polymeric,keep
triage-pass-2,precludes,keep
triage-pass-2,prescient,keep
triage-pass-2,procurator,ditch
triage-pass-2,prophesy,keep
triage-pass-2,prouder,keep
triage-pass-2,puffin,keep
triage-pass-2,pumas,keep
triage-pass-2,punts,keep
triage-pass-2,purebred,keep
triage-pass-2,purists,keep
triage-pass-2,ratepayers,keep
triage-pass-2,redline,keep
triage-pass-2,rednecks,keep
triage-pass-2,reefer,keep
triage-pass-2,refilled,keep
triage-pass-2,refrigerant,keep
triage-pass-2,remarry,keep
triage-pass-2,resiliency,keep
triage-pass-2,retorted,keep
triage-pass-2,revivals,keep
triage-pass-2,revving,keep
triage-pass-2,ridding,keep
triage-pass-2,riddler,keep
triage-pass-2,rockabilly,keep
triage-pass-2,salivary,keep
triage-pass-2,saloons,keep
triage-pass-2,sanitarium,keep
triage-pass-2,sardine,keep
triage-pass-2,sauerkraut,keep
triage-pass-2,sawn,keep
triage-pass-2,schoolboys,keep
triage-pass-2,seafloor,keep
triage-pass-2,sequestered,keep
triage-pass-2,shavings,keep
triage-pass-2,shirk,keep
triage-pass-2,shoves,keep
triage-pass-2,shrieks,keep
triage-pass-2,skewers,keep
triage-pass-2,sleepwalking,keep
triage-pass-2,slinky,keep
triage-pass-2,slipknot,keep
triage-pass-2,smirking,keep
triage-pass-2,snorkeling,keep
triage-pass-2,snuggled,keep
triage-pass-2,softens,keep
triage-pass-2,solon,ditch
triage-pass-2,speedster,keep
triage-pass-2,spellbound,keep
triage-pass-2,spiel,keep
triage-pass-2,splint,keep
triage-pass-2,spunk,keep
triage-pass-2,squinting,keep
triage-pass-2,squirming,keep
triage-pass-2,stethoscope,keep
triage-pass-2,stoops,keep
triage-pass-2,strident,keep
triage-pass-2,superstore,keep
triage-pass-2,swank,keep
triage-pass-2,swerving,keep
triage-pass-2,swipes,keep
triage-pass-2,tacks,keep
triage-pass-2,tans,keep
triage-pass-2,tendering,keep
triage-pass-2,tenses,keep
triage-pass-2,tilbury,ditch
triage-pass-2,toasts,keep
triage-pass-2,tolling,keep
triage-pass-2,torts,keep
triage-pass-2,tradeoff,keep
triage-pass-2,tritium,keep
triage-pass-2,tubby,keep
triage-pass-2,tubers,keep
triage-pass-2,tutti,ditch
triage-pass-2,twill,keep
triage-pass-2,twinks,keep
triage-pass-2,ubiquity,keep
triage-pass-2,unaffordable,keep
triage-pass-2,underfoot,keep
triage-pass-2,unevenly,keep
triage-pass-2,unknowable,keep
triage-pass-2,unreachable,keep
triage-pass-2,unsealed,keep
triage-pass-2,upswing,keep
triage-pass-2,vastness,keep
triage-pass-2,veganism,keep
triage-pass-2,wags,keep
triage-pass-2,waistcoat,keep
triage-pass-2,wankers,keep
triage-pass-2,wheelbarrow,keep
triage-pass-2,wrangling,keep
triage-pass-2,yawns,keep
triage-pass-2,abacus,keep
triage-pass-2,absorbers,keep
triage-pass-2,acct,ditch
triage-pass-2,acetic,keep
triage-pass-2,affidavits,keep
triage-pass-2,agape,keep
triage-pass-2,aimless,keep
triage-pass-2,aldrin,ditch
triage-pass-2,allegiances,keep
triage-pass-2,altho,ditch
triage-pass-2,ambrosia,keep
triage-pass-2,amoral,keep
triage-pass-2,anise,keep
triage-pass-2,asphyxiation,keep
triage-pass-2,assessors,keep
triage-pass-2,attn,ditch
triage-pass-2,backstroke,keep
triage-pass-2,baits,keep
triage-pass-2,balsam,keep
triage-pass-2,barbecues,keep
triage-pass-2,barbell,keep
triage-pass-2,barbican,ditch
triage-pass-2,bastions,keep
triage-pass-2,bilingualism,keep
triage-pass-2,bobble,keep
triage-pass-2,bobsleigh,keep
triage-pass-2,bola,keep
triage-pass-2,breakwater,keep
triage-pass-2,broiler,keep
triage-pass-2,buoyed,keep
triage-pass-2,bypasses,keep
triage-pass-2,caliper,keep
triage-pass-2,canopies,keep
triage-pass-2,cargoes,keep
triage-pass-2,carted,keep
triage-pass-2,celluloid,keep
triage-pass-2,chimed,keep
triage-pass-2,cilia,keep
triage-pass-2,cinch,keep
triage-pass-2,cirrus,keep
triage-pass-2,clatter,keep
triage-pass-2,clench,keep
triage-pass-2,clos,ditch
triage-pass-2,closeted,keep
triage-pass-2,colic,keep
triage-pass-2,collectable,keep
triage-pass-2,combats,keep
triage-pass-2,commonsense,keep
triage-pass-2,conceals,keep
triage-pass-2,confound,keep
triage-pass-2,conjugal,keep
triage-pass-2,contouring,keep
triage-pass-2,corr,ditch
triage-pass-2,couplings,keep
triage-pass-2,courageously,keep
triage-pass-2,covalent,keep
triage-pass-2,crackhead,keep
triage-pass-2,crawfish,keep
triage-pass-2,cruciate,keep
triage-pass-2,cufflinks,keep
triage-pass-2,cussing,keep
triage-pass-2,dandruff,keep
triage-pass-2,deductive,keep
triage-pass-2,defile,keep
triage-pass-2,defiled,keep
triage-pass-2,deletions,keep
triage-pass-2,delved,keep
triage-pass-2,deplete,keep
triage-pass-2,deteriorates,keep
triage-pass-2,devalue,keep
triage-pass-2,dido,ditch
triage-pass-2,dingle,ditch
triage-pass-2,diphtheria,keep
triage-pass-2,disconnects,keep
triage-pass-2,dispelled,keep
triage-pass-2,dispensers,keep
triage-pass-2,disturbingly,keep
triage-pass-2,doer,keep
triage-pass-2,doorknob,keep
triage-pass-2,doormat,keep
triage-pass-2,downsize,keep
triage-pass-2,dragoon,keep
triage-pass-2,dwelt,keep
triage-pass-2,easygoing,keep
triage-pass-2,envisioning,keep
triage-pass-2,envisions,keep
triage-pass-2,epidermal,keep
triage-pass-2,erratically,keep
triage-pass-2,essences,keep
triage-pass-2,etna,ditch
triage-pass-2,excusing,keep
triage-pass-2,facials,keep
triage-pass-2,farcical,keep
triage-pass-2,fattest,keep
triage-pass-2,fawning,keep
triage-pass-2,feigned,keep
triage-pass-2,fetishes,keep
triage-pass-2,flasks,keep
triage-pass-2,forthwith,keep
triage-pass-2,frankfurter,keep
triage-pass-2,frets,keep
triage-pass-2,gassing,keep
triage-pass-2,gestalt,keep
triage-pass-2,gigabyte,keep
triage-pass-2,gipsy,ditch
triage-pass-2,glint,keep
triage-pass-2,gloating,keep
triage-pass-2,goad,keep
triage-pass-2,grammars,keep
triage-pass-2,greyish,keep
triage-pass-2,grog,keep
triage-pass-2,groupie,keep
triage-pass-2,haggle,keep
triage-pass-2,halcyon,keep
triage-pass-2,halos,keep
triage-pass-2,handicaps,keep
triage-pass-2,handicraft,keep
triage-pass-2,harshness,keep
triage-pass-2,headscarf,keep
triage-pass-2,heaping,keep
triage-pass-2,heartbeats,keep
triage-pass-2,hons,ditch
triage-pass-2,hotbed,keep
triage-pass-2,hotness,keep
triage-pass-2,imperatives,keep
triage-pass-2,incinerated,keep
triage-pass-2,indented,keep
triage-pass-2,inking,keep
triage-pass-2,insolence,keep
triage-pass-2,instigation,keep
triage-pass-2,jamboree,keep
triage-pass-2,jeweller,keep
triage-pass-2,lanyard,keep
triage-pass-2,letdown,keep
triage-pass-2,libretto,keep
triage-pass-2,lipoprotein,ditch
triage-pass-2,lopes,keep
triage-pass-2,lotions,keep
triage-pass-2,luckier,keep
triage-pass-2,madmen,keep
triage-pass-2,malignancy,keep
triage-pass-2,marshy,keep
triage-pass-2,massing,keep
triage-pass-2,medallions,keep
triage-pass-2,mercifully,keep
triage-pass-2,midgets,ditch
triage-pass-2,mindsets,keep
triage-pass-2,minutiae,keep
triage-pass-2,misrepresent,keep
triage-pass-2,mongrel,keep
triage-pass-2,mulling,keep
triage-pass-2,nibbling,keep
triage-pass-2,objectors,keep
triage-pass-2,octagonal,keep
triage-pass-2,oldie,keep
triage-pass-2,operable,keep
triage-pass-2,orgasmic,keep
triage-pass-2,outclassed,keep
triage-pass-2,overflows,keep
triage-pass-2,overhear,keep
triage-pass-2,pacifism,keep
triage-pass-2,pampering,keep
triage-pass-2,paralyze,keep
triage-pass-2,pelts,keep
triage-pass-2,perennials,keep
triage-pass-2,pinewood,keep
triage-pass-2,platters,keep
triage-pass-2,policymaking,keep
triage-pass-2,porting,keep
triage-pass-2,postnatal,keep
triage-pass-2,powertrain,keep
triage-pass-2,predefined,keep
triage-pass-2,prelate,keep
triage-pass-2,premonition,keep
triage-pass-2,presets,keep
triage-pass-2,pretenders,keep
triage-pass-2,primitives,keep
triage-pass-2,provident,keep
triage-pass-2,pubescent,keep
triage-pass-2,quantifiable,keep
triage-pass-2,rata,ditch
triage-pass-2,reaffirming,keep
triage-pass-2,recaps,keep
triage-pass-2,recharging,keep
triage-pass-2,recur,keep
triage-pass-2,recursion,keep
triage-pass-2,redheads,keep
triage-pass-2,redirects,keep
triage-pass-2,redundancies,keep
triage-pass-2,registrars,keep
triage-pass-2,rejoiced,keep
triage-pass-2,religiosity,keep
triage-pass-2,relished,keep
triage-pass-2,reportage,keep
triage-pass-2,resents,keep
triage-pass-2,resets,keep
triage-pass-2,reviled,keep
triage-pass-2,ricks,keep
triage-pass-2,rifled,keep
triage-pass-2,roebuck,keep
triage-pass-2,rotator,keep
triage-pass-2,rubbers,keep
triage-pass-2,sadist,keep
triage-pass-2,scheduler,keep
triage-pass-2,screamer,keep
triage-pass-2,scrumptious,keep
triage-pass-2,sectioned,keep
triage-pass-2,shakedown,keep
triage-pass-2,shamefully,keep
triage-pass-2,shams,keep
triage-pass-2,shariah,ditch
triage-pass-2,shimmy,keep
triage-pass-2,shoestring,keep
triage-pass-2,shucks,keep
triage-pass-2,sired,keep
triage-pass-2,sleaze,keep
triage-pass-2,smoothest,keep
triage-pass-2,snags,keep
triage-pass-2,snark,keep
triage-pass-2,speculates,keep
triage-pass-2,spurned,keep
triage-pass-2,squamous,ditch
triage-pass-2,stagnated,keep
triage-pass-2,stator,ditch
triage-pass-2,steelhead,keep
triage-pass-2,stewed,keep
triage-pass-2,stews,keep
triage-pass-2,stockman,keep
triage-pass-2,stoppages,keep
triage-pass-2,straights,keep
triage-pass-2,stuntman,keep
triage-pass-2,subjectively,keep
triage-pass-2,subpar,keep
triage-pass-2,subsumed,keep
triage-pass-2,suffixes,keep
triage-pass-2,sunbeam,keep
triage-pass-2,swanky,keep
triage-pass-2,swaths,keep
triage-pass-2,symbolizing,keep
triage-pass-2,synchrotron,ditch
triage-pass-2,thereabouts,keep
triage-pass-2,thermos,keep
triage-pass-2,thrasher,keep
triage-pass-2,tine,keep
triage-pass-2,tinsel,keep
triage-pass-2,toppling,keep
triage-pass-2,tortuous,keep
triage-pass-2,toughen,keep
triage-pass-2,trawl,keep
triage-pass-2,triumphal,keep
triage-pass-2,typology,keep
triage-pass-2,ultralight,keep
triage-pass-2,uninjured,keep
triage-pass-2,unobstructed,keep
triage-pass-2,unobtrusive,keep
triage-pass-2,unwitting,keep
triage-pass-2,upholstered,keep
triage-pass-2,upturned,keep
triage-pass-2,vaporized,keep
triage-pass-2,variances,keep
triage-pass-2,vela,ditch
triage-pass-2,vignette,keep
triage-pass-2,vulgarity,keep
triage-pass-2,wanderlust,keep
triage-pass-2,wardrobes,keep
triage-pass-2,waterside,keep
triage-pass-2,wattage,keep
triage-pass-2,weightless,keep
triage-pass-2,wheelhouse,keep
triage-pass-2,withstanding,keep
triage-pass-2,yucca,keep
triage-pass-2,abhor,keep
triage-pass-2,accursed,keep
triage-pass-2,adaptor,keep
triage-pass-2,aeon,keep
triage-pass-2,afterglow,keep
triage-pass-2,aghast,keep
triage-pass-2,agitate,keep
triage-pass-2,amoeba,keep
triage-pass-2,annuals,keep
triage-pass-2,antimatter,keep
triage-pass-2,apologetics,keep
triage-pass-2,append,keep
triage-pass-2,appraisers,keep
triage-pass-2,aspirational,keep
triage-pass-2,automaker,keep
triage-pass-2,autonomously,keep
triage-pass-2,auxiliaries,keep
triage-pass-2,backpacker,keep
triage-pass-2,bani,ditch
triage-pass-2,bared,keep
triage-pass-2,bedbugs,keep
triage-pass-2,bedded,keep
triage-pass-2,bedridden,keep
triage-pass-2,birding,keep
triage-pass-2,blushed,keep
triage-pass-2,bombarding,keep
triage-pass-2,broadcasted,keep
triage-pass-2,burnet,ditch
triage-pass-2,buts,keep
triage-pass-2,caldera,keep
triage-pass-2,cataclysm,keep
triage-pass-2,catapulted,keep
triage-pass-2,censured,keep
triage-pass-2,chairing,keep
triage-pass-2,chaise,keep
triage-pass-2,chautauqua,ditch
triage-pass-2,chronograph,keep
triage-pass-2,clairvoyant,keep
triage-pass-2,coldness,keep
triage-pass-2,coleslaw,keep
triage-pass-2,collard,keep
triage-pass-2,committal,keep
triage-pass-2,condensing,keep
triage-pass-2,condoned,keep
triage-pass-2,conniving,keep
triage-pass-2,contemptuous,keep
triage-pass-2,corroded,keep
triage-pass-2,cosmetology,keep
triage-pass-2,courtier,keep
triage-pass-2,crag,keep
triage-pass-2,cranium,keep
triage-pass-2,cultivar,keep
triage-pass-2,dachshund,keep
triage-pass-2,dampened,keep
triage-pass-2,dastardly,keep
triage-pass-2,dawns,keep
triage-pass-2,deadpan,keep
triage-pass-2,decibels,keep
triage-pass-2,decried,keep
triage-pass-2,deeming,keep
triage-pass-2,delinquents,keep
triage-pass-2,desecrated,keep
triage-pass-2,deserting,keep
triage-pass-2,detonating,keep
triage-pass-2,detours,keep
triage-pass-2,dilly,keep
triage-pass-2,dings,keep
triage-pass-2,docklands,ditch
triage-pass-2,dolomite,keep
triage-pass-2,dominatrix,keep
triage-pass-2,elaborates,keep
triage-pass-2,elongation,keep
triage-pass-2,enlists,keep
triage-pass-2,enthused,keep
triage-pass-2,erases,keep
triage-pass-2,escapism,keep
triage-pass-2,exasperation,keep
triage-pass-2,excelling,keep
triage-pass-2,exoskeleton,keep
triage-pass-2,extruded,keep
triage-pass-2,falafel,keep
triage-pass-2,fallacious,keep
triage-pass-2,famines,keep
triage-pass-2,fanboys,keep
triage-pass-2,fasted,keep
triage-pass-2,fastidious,keep
triage-pass-2,fealty,keep
triage-pass-2,federalists,keep
triage-pass-2,fibroblasts,ditch
triage-pass-2,filial,keep
triage-pass-2,flaccid,keep
triage-pass-2,flagpole,keep
triage-pass-2,flamethrower,keep
triage-pass-2,florists,keep
triage-pass-2,footpaths,keep
triage-pass-2,forays,keep
triage-pass-2,freelancing,keep
triage-pass-2,freezers,keep
triage-pass-2,garnished,keep
triage-pass-2,gastronomy,keep
triage-pass-2,generics,keep
triage-pass-2,genteel,keep
triage-pass-2,geographers,keep
triage-pass-2,gesturing,keep
triage-pass-2,glib,keep
triage-pass-2,grands,keep
triage-pass-2,gratuity,keep
triage-pass-2,grayling,keep
triage-pass-2,growled,keep
triage-pass-2,gumball,keep
triage-pass-2,haggling,keep
triage-pass-2,hairdressing,keep
triage-pass-2,handshakes,keep
triage-pass-2,hardens,keep
triage-pass-2,hardwoods,keep
triage-pass-2,headstones,keep
triage-pass-2,heartbreaker,keep
triage-pass-2,hemorrhoids,keep
triage-pass-2,herders,keep
triage-pass-2,hiphop,ditch
triage-pass-2,histamine,keep
triage-pass-2,hitchhiking,keep
triage-pass-2,hobbyists,keep
triage-pass-2,humanely,keep
triage-pass-2,hustled,keep
triage-pass-2,ides,keep
triage-pass-2,igloo,keep
triage-pass-2,impregnable,keep
triage-pass-2,indecency,keep
triage-pass-2,indentation,keep
triage-pass-2,inebriated,keep
triage-pass-2,inexorably,keep
triage-pass-2,insipid,keep
triage-pass-2,itineraries,keep
triage-pass-2,jewellers,keep
triage-pass-2,ketone,keep
triage-pass-2,knackered,keep
triage-pass-2,lancers,keep
triage-pass-2,leaded,keep
triage-pass-2,loaning,keep
triage-pass-2,lofts,keep
triage-pass-2,lossless,keep
triage-pass-2,lugs,keep
triage-pass-2,lyceum,keep
triage-pass-2,machinists,keep
triage-pass-2,maim,keep
triage-pass-2,mamba,keep
triage-pass-2,mammography,keep
triage-pass-2,mangroves,keep
triage-pass-2,maples,keep
triage-pass-2,marg,ditch
triage-pass-2,marooned,keep
triage-pass-2,martians,keep
triage-pass-2,medias,ditch
triage-pass-2,merrier,keep
triage-pass-2,mistrial,keep
triage-pass-2,montero,ditch
triage-pass-2,moorings,keep
triage-pass-2,mortgaged,keep
triage-pass-2,mossy,keep
triage-pass-2,muslin,keep
triage-pass-2,myopic,keep
triage-pass-2,nape,keep
triage-pass-2,naturals,keep
triage-pass-2,nematodes,keep
triage-pass-2,nipped,keep
triage-pass-2,nondescript,keep
triage-pass-2,notables,keep
triage-pass-2,officiate,keep
triage-pass-2,ohms,keep
triage-pass-2,oracles,keep
triage-pass-2,orbitals,keep
triage-pass-2,ornamented,keep
triage-pass-2,outbid,keep
triage-pass-2,outgrowth,keep
triage-pass-2,outhouse,keep
triage-pass-2,outlawing,keep
triage-pass-2,overhanging,keep
triage-pass-2,overreach,keep
triage-pass-2,pacifier,keep
triage-pass-2,pander,keep
triage-pass-2,paralleled,keep
triage-pass-2,pasts,keep
triage-pass-2,patrician,keep
triage-pass-2,peeked,keep
triage-pass-2,perfumed,keep
triage-pass-2,permutation,keep
triage-pass-2,phenol,keep
triage-pass-2,plantar,keep
triage-pass-2,pliable,keep
triage-pass-2,polemic,keep
triage-pass-2,ponderosa,keep
triage-pass-2,positron,keep
triage-pass-2,prewar,keep
triage-pass-2,prodding,keep
triage-pass-2,prognostic,keep
triage-pass-2,proviso,keep
triage-pass-2,prunes,keep
triage-pass-2,puffer,keep
triage-pass-2,purport,keep
triage-pass-2,quarts,keep
triage-pass-2,radiologist,keep
triage-pass-2,raspy,keep
triage-pass-2,receivables,keep
triage-pass-2,recites,keep
triage-pass-2,recuperation,keep
triage-pass-2,referential,keep
triage-pass-2,refinements,keep
triage-pass-2,reflectors,keep
triage-pass-2,regrowth,keep
triage-pass-2,reinvention,keep
triage-pass-2,renunciation,keep
triage-pass-2,reparation,keep
triage-pass-2,repute,keep
triage-pass-2,retardant,keep
triage-pass-2,reunites,keep
triage-pass-2,revamping,keep
triage-pass-2,reversals,keep
triage-pass-2,ripen,keep
triage-pass-2,romaine,keep
triage-pass-2,rounders,keep
triage-pass-2,rucksack,keep
triage-pass-2,sacrilege,keep
triage-pass-2,safekeeping,keep
triage-pass-2,schoolyard,keep
triage-pass-2,scruples,keep
triage-pass-2,seafront,keep
triage-pass-2,sedatives,keep
triage-pass-2,selfishly,keep
triage-pass-2,serif,keep
triage-pass-2,serine,ditch
triage-pass-2,shallows,keep
triage-pass-2,shortfalls,keep
triage-pass-2,sickest,keep
triage-pass-2,sincerest,keep
triage-pass-2,snider,keep
triage-pass-2,snipes,keep
triage-pass-2,sorbet,keep
triage-pass-2,spiny,keep
triage-pass-2,spreader,keep
triage-pass-2,steepest,keep
triage-pass-2,straightaway,keep
triage-pass-2,strainer,keep
triage-pass-2,subsides,keep
triage-pass-2,subverted,keep
triage-pass-2,surefire,keep
triage-pass-2,surmised,keep
triage-pass-2,swabs,keep
triage-pass-2,tambourine,keep
triage-pass-2,tangy,keep
triage-pass-2,tensed,keep
triage-pass-2,throttling,keep
triage-pass-2,tics,keep
triage-pass-2,tilapia,keep
triage-pass-2,timbre,keep
triage-pass-2,tiptoe,keep
triage-pass-2,tithes,keep
triage-pass-2,tongued,keep
triage-pass-2,toppers,keep
triage-pass-2,torrid,keep
triage-pass-2,trawling,keep
triage-pass-2,trestle,keep
triage-pass-2,tsunamis,keep
triage-pass-2,tuber,keep
triage-pass-2,tugged,keep
triage-pass-2,ulcerative,keep
triage-pass-2,unabridged,keep
triage-pass-2,unbearably,keep
triage-pass-2,underwriter,keep
triage-pass-2,undeserving,keep
triage-pass-2,unfunny,keep
triage-pass-2,unkempt,keep
triage-pass-2,unmitigated,keep
triage-pass-2,unneeded,keep
triage-pass-2,upmarket,keep
triage-pass-2,upriver,keep
triage-pass-2,uric,keep
triage-pass-2,utterances,keep
triage-pass-2,vole,keep
triage-pass-2,wallaby,keep
triage-pass-2,warfarin,keep
triage-pass-2,warplanes,keep
triage-pass-2,welds,keep
triage-pass-2,whorls,keep
triage-pass-2,wildwood,keep
triage-pass-2,winder,keep
triage-pass-2,wintering,keep
triage-pass-2,workaholic,keep
triage-pass-2,worthiness,keep
triage-pass-2,yore,keep
triage-pass-2,aberrations,keep
triage-pass-2,aerials,keep
triage-pass-2,afoul,keep
triage-pass-2,airlock,keep
triage-pass-2,allergen,keep
triage-pass-2,alleviation,keep
triage-pass-2,alphabets,keep
triage-pass-2,analogs,keep
triage-pass-2,anchorman,keep
triage-pass-2,aphids,keep
triage-pass-2,appendices,keep
triage-pass-2,applesauce,keep
triage-pass-2,aromas,keep
triage-pass-2,assuage,keep
triage-pass-2,asthmatic,keep
triage-pass-2,autopsies,keep
triage-pass-2,awed,keep
triage-pass-2,bailouts,keep
triage-pass-2,ballets,keep
triage-pass-2,barreled,keep
triage-pass-2,beckoning,keep
triage-pass-2,bewilderment,keep
triage-pass-2,bighorn,keep
triage-pass-2,biomarker,keep
triage-pass-2,blankly,keep
triage-pass-2,bombastic,keep
triage-pass-2,braved,keep
triage-pass-2,brocade,keep
triage-pass-2,bulldozers,keep
triage-pass-2,bunks,keep
triage-pass-2,butchering,keep
triage-pass-2,capacitive,keep
triage-pass-2,carapace,keep
triage-pass-2,chancellors,keep
triage-pass-2,charlatan,keep
triage-pass-2,chillies,keep
triage-pass-2,chomping,keep
triage-pass-2,christen,keep
triage-pass-2,circulates,keep
triage-pass-2,cityscape,keep
triage-pass-2,clang,keep
triage-pass-2,clergymen,keep
triage-pass-2,closeup,keep
triage-pass-2,clowning,keep
triage-pass-2,coalesce,keep
triage-pass-2,competently,keep
triage-pass-2,compresses,keep
triage-pass-2,conman,keep
triage-pass-2,conning,keep
triage-pass-2,constricted,keep
triage-pass-2,contrarian,keep
triage-pass-2,coped,keep
triage-pass-2,cordially,keep
triage-pass-2,corned,keep
triage-pass-2,cornice,keep
triage-pass-2,corporeal,keep
triage-pass-2,cowering,keep
triage-pass-2,creeds,keep
triage-pass-2,crepes,keep
triage-pass-2,crosswalk,keep
triage-pass-2,crud,keep
triage-pass-2,curation,keep
triage-pass-2,cybernetic,keep
triage-pass-2,dampening,keep
triage-pass-2,darned,keep
triage-pass-2,decaf,keep
triage-pass-2,decapitation,keep
triage-pass-2,deciphered,keep
triage-pass-2,declarative,keep
triage-pass-2,demonstrable,keep
triage-pass-2,despairing,keep
triage-pass-2,deviates,keep
triage-pass-2,dinky,keep
triage-pass-2,disapproves,keep
triage-pass-2,disliking,keep
triage-pass-2,dobby,ditch
triage-pass-2,downplaying,keep
triage-pass-2,drawstring,keep
triage-pass-2,drunkenly,keep
triage-pass-2,dumbbell,keep
triage-pass-2,dutiful,keep
triage-pass-2,earplugs,keep
triage-pass-2,earshot,keep
triage-pass-2,electorates,keep
triage-pass-2,elitism,keep
triage-pass-2,emigrant,keep
triage-pass-2,engender,keep
triage-pass-2,entente,keep
triage-pass-2,enveloping,keep
triage-pass-2,excavators,keep
triage-pass-2,exhausts,keep
triage-pass-2,factional,keep
triage-pass-2,fermenting,keep
triage-pass-2,fiftieth,keep
triage-pass-2,flatbed,keep
triage-pass-2,foals,keep
triage-pass-2,footbridge,keep
triage-pass-2,forceps,keep
triage-pass-2,forecasters,keep
triage-pass-2,frothy,keep
triage-pass-2,fume,keep
triage-pass-2,gallium,keep
triage-pass-2,gantry,keep
triage-pass-2,gargoyle,keep
triage-pass-2,gaslight,keep
triage-pass-2,generalist,keep
triage-pass-2,germinate,keep
triage-pass-2,glades,keep
triage-pass-2,glebe,ditch
triage-pass-2,glowed,keep
triage-pass-2,gramps,keep
triage-pass-2,grannies,keep
triage-pass-2,gremlin,keep
triage-pass-2,grudgingly,keep
triage-pass-2,harbored,keep
triage-pass-2,harmonized,keep
triage-pass-2,headroom,keep
triage-pass-2,heparin,keep
triage-pass-2,herded,keep
triage-pass-2,homily,keep
triage-pass-2,hummingbirds,keep
triage-pass-2,hustlers,keep
triage-pass-2,ideation,keep
triage-pass-2,impeccably,keep
triage-pass-2,impulsively,keep
triage-pass-2,inedible,keep
triage-pass-2,inequities,keep
triage-pass-2,informers,keep
triage-pass-2,integrals,keep
triage-pass-2,isolationist,keep
triage-pass-2,jailhouse,keep
triage-pass-2,jellies,keep
triage-pass-2,jubilant,keep
triage-pass-2,kain,ditch
triage-pass-2,karat,keep
triage-pass-2,karmic,keep
triage-pass-2,keener,keep
triage-pass-2,keepsake,keep
triage-pass-2,kobo,ditch
triage-pass-2,krill,keep
triage-pass-2,laceration,keep
triage-pass-2,lightened,keep
triage-pass-2,liposuction,keep
triage-pass-2,liven,keep
triage-pass-2,lowdown,keep
triage-pass-2,lubricated,keep
triage-pass-2,lyricism,keep
triage-pass-2,mages,keep
triage-pass-2,mammary,keep
triage-pass-2,menopausal,keep
triage-pass-2,metered,keep
triage-pass-2,microbe,keep
triage-pass-2,midline,keep
triage-pass-2,millstone,keep
triage-pass-2,mimicry,keep
triage-pass-2,moonlit,keep
triage-pass-2,morphs,keep
triage-pass-2,mote,keep
triage-pass-2,multiracial,keep
triage-pass-2,mutate,keep
triage-pass-2,myeloid,ditch
triage-pass-2,naira,ditch
triage-pass-2,neglects,keep
triage-pass-2,nimrod,keep
triage-pass-2,novelties,keep
triage-pass-2,oblast,keep
triage-pass-2,oeuvres,keep
triage-pass-2,offhand,keep
triage-pass-2,okra,keep
triage-pass-2,omelet,keep
triage-pass-2,optometry,keep
triage-pass-2,oscillators,keep
triage-pass-2,outtakes,keep
triage-pass-2,paella,keep
triage-pass-2,pager,keep
triage-pass-2,panicky,keep
triage-pass-2,parasol,keep
triage-pass-2,parenthesis,keep
triage-pass-2,parser,keep
triage-pass-2,pensive,keep
triage-pass-2,performative,keep
triage-pass-2,permeate,keep
triage-pass-2,persevered,keep
triage-pass-2,petticoat,keep
triage-pass-2,pheasants,keep
triage-pass-2,phenom,keep
triage-pass-2,pinging,keep
triage-pass-2,pinion,keep
triage-pass-2,pivots,keep
triage-pass-2,plotters,keep
triage-pass-2,pons,ditch
triage-pass-2,poppers,keep
triage-pass-2,posses,keep
triage-pass-2,precondition,keep
triage-pass-2,premierships,keep
triage-pass-2,preppy,keep
triage-pass-2,pretensions,keep
triage-pass-2,professing,keep
triage-pass-2,prospector,keep
triage-pass-2,psychos,keep
triage-pass-2,radiative,keep
triage-pass-2,rambler,keep
triage-pass-2,rance,ditch
triage-pass-2,rattan,keep
triage-pass-2,reactivate,keep
triage-pass-2,reapers,keep
triage-pass-2,reassembled,keep
triage-pass-2,rebooting,keep
triage-pass-2,recreates,keep
triage-pass-2,refuting,keep
triage-pass-2,regress,keep
triage-pass-2,rejoining,keep
triage-pass-2,reshaped,keep
triage-pass-2,resurface,keep
triage-pass-2,retails,keep
triage-pass-2,retinue,keep
triage-pass-2,rickey,ditch
triage-pass-2,rockaway,ditch
triage-pass-2,rumba,keep
triage-pass-2,salvaging,keep
triage-pass-2,saree,keep
triage-pass-2,satirist,keep
triage-pass-2,screenplays,keep
triage-pass-2,sharpshooter,keep
triage-pass-2,shiner,keep
triage-pass-2,shrugging,keep
triage-pass-2,shrunken,keep
triage-pass-2,sidetracked,keep
triage-pass-2,silesia,ditch
triage-pass-2,skittish,keep
triage-pass-2,sleuth,keep
triage-pass-2,sluice,keep
triage-pass-2,smokeless,keep
triage-pass-2,solidity,keep
triage-pass-2,speciation,keep
triage-pass-2,squaring,keep
triage-pass-2,squeamish,keep
triage-pass-2,stockade,keep
triage-pass-2,stoicism,keep
triage-pass-2,straddles,keep
triage-pass-2,strontium,keep
triage-pass-2,supposition,keep
triage-pass-2,tantra,keep
triage-pass-2,tarsus,ditch
triage-pass-2,theorizing,keep
triage-pass-2,thickly,keep
triage-pass-2,timeshare,keep
triage-pass-2,tipper,keep
triage-pass-2,toiling,keep
triage-pass-2,toothbrushes,keep
triage-pass-2,transvestite,keep
triage-pass-2,trodden,keep
triage-pass-2,tucks,keep
triage-pass-2,tussle,keep
triage-pass-2,typist,keep
triage-pass-2,unaided,keep
triage-pass-2,unbecoming,keep
triage-pass-2,universalist,keep
triage-pass-2,unmistakably,keep
triage-pass-2,unrealized,keep
triage-pass-2,unworkable,keep
triage-pass-2,uppercut,keep
triage-pass-2,uproot,keep
triage-pass-2,valiantly,keep
triage-pass-2,verandah,keep
triage-pass-2,virology,keep
triage-pass-2,wastage,keep
triage-pass-2,waterline,keep
triage-pass-2,weariness,keep
triage-pass-2,weblog,keep
triage-pass-2,whalers,keep
triage-pass-2,wheelbase,keep
triage-pass-2,wholeness,keep
triage-pass-2,wrest,keep
triage-pass-2,zillion,keep
triage-pass-2,adjudged,keep
triage-pass-2,alcove,keep
triage-pass-2,annualized,keep
triage-pass-2,arcana,keep
triage-pass-2,aspirant,keep
triage-pass-2,astride,keep
triage-pass-2,autocracy,keep
triage-pass-2,balloting,keep
triage-pass-2,basset,keep
triage-pass-2,bestiality,keep
triage-pass-2,biracial,keep
triage-pass-2,blurs,keep
triage-pass-2,blurted,keep
triage-pass-2,bodice,keep
triage-pass-2,brainy,keep
triage-pass-2,broach,keep
triage-pass-2,butane,keep
triage-pass-2,cabbie,keep
triage-pass-2,calcite,keep
triage-pass-2,candied,keep
triage-pass-2,cantons,keep
triage-pass-2,centrality,keep
triage-pass-2,chamomile,keep
triage-pass-2,childbearing,keep
triage-pass-2,chives,keep
triage-pass-2,clamor,keep
triage-pass-2,classless,keep
triage-pass-2,clink,keep
triage-pass-2,cloaking,keep
triage-pass-2,coastlines,keep
triage-pass-2,cognate,keep
triage-pass-2,coking,keep
triage-pass-2,configuring,keep
triage-pass-2,conifers,keep
triage-pass-2,connoisseurs,keep
triage-pass-2,consoling,keep
triage-pass-2,contaminant,keep
triage-pass-2,contrition,keep
triage-pass-2,converges,keep
triage-pass-2,correlating,keep
triage-pass-2,crevice,keep
triage-pass-2,crewman,keep
triage-pass-2,crockery,keep
triage-pass-2,crusts,keep
triage-pass-2,cums,keep
triage-pass-2,cushioned,keep
triage-pass-2,dais,keep
triage-pass-2,defector,keep
triage-pass-2,deferring,keep
triage-pass-2,degeneracy,keep
triage-pass-2,demoralized,keep
triage-pass-2,devastate,keep
triage-pass-2,diesels,keep
triage-pass-2,dimming,keep
triage-pass-2,disciplining,keep
triage-pass-2,disloyalty,keep
triage-pass-2,divested,keep
triage-pass-2,doers,keep
triage-pass-2,dollop,keep
triage-pass-2,dongle,keep
triage-pass-2,dosed,keep
triage-pass-2,doused,keep
triage-pass-2,drapery,keep
triage-pass-2,dreadlocks,keep
triage-pass-2,dreadnought,keep
triage-pass-2,dregs,keep
triage-pass-2,driveways,keep
triage-pass-2,enablers,keep
triage-pass-2,engendered,keep
triage-pass-2,engined,ditch
triage-pass-2,entranced,keep
triage-pass-2,escapades,keep
triage-pass-2,escarpment,keep
triage-pass-2,extrinsic,keep
triage-pass-2,fantasizing,keep
triage-pass-2,farthing,keep
triage-pass-2,fascinates,keep
triage-pass-2,feigning,keep
triage-pass-2,fells,keep
triage-pass-2,finality,keep
triage-pass-2,foldable,keep
triage-pass-2,forebears,keep
triage-pass-2,forestall,keep
triage-pass-2,furthered,keep
triage-pass-2,garlands,keep
triage-pass-2,gatehouse,keep
triage-pass-2,generalizing,keep
triage-pass-2,gentlemanly,keep
triage-pass-2,gesellschaft,ditch
triage-pass-2,gloat,keep
triage-pass-2,glossed,keep
triage-pass-2,glycerin,keep
triage-pass-2,goldeneye,ditch
triage-pass-2,goldilocks,ditch
triage-pass-2,goldmine,keep
triage-pass-2,gorgon,keep
triage-pass-2,grayish,keep
triage-pass-2,groupies,keep
triage-pass-2,gymnastic,keep
triage-pass-2,handcuff,keep
triage-pass-2,hardwired,keep
triage-pass-2,harpsichord,keep
triage-pass-2,hashish,keep
triage-pass-2,hematology,keep
triage-pass-2,heroically,keep
triage-pass-2,histogram,keep
triage-pass-2,hydrochloric,keep
triage-pass-2,impolite,keep
triage-pass-2,insomniac,keep
triage-pass-2,installers,keep
triage-pass-2,interlock,keep
triage-pass-2,ionized,keep
triage-pass-2,irrelevance,keep
triage-pass-2,itemized,keep
triage-pass-2,jawline,keep
triage-pass-2,jell,keep
triage-pass-2,karts,keep
triage-pass-2,languishing,keep
triage-pass-2,laymen,keep
triage-pass-2,leathery,keep
triage-pass-2,lisle,ditch
triage-pass-2,loam,keep
triage-pass-2,lollipops,keep
triage-pass-2,lunges,keep
triage-pass-2,maidenhead,keep
triage-pass-2,masseuse,keep
triage-pass-2,metronome,keep
triage-pass-2,militaristic,keep
triage-pass-2,mimicked,keep
triage-pass-2,minnow,keep
triage-pass-2,mirth,keep
triage-pass-2,mitosis,keep
triage-pass-2,mnemonic,keep
triage-pass-2,moonstone,keep
triage-pass-2,morel,keep
triage-pass-2,mothering,keep
triage-pass-2,negotiates,keep
triage-pass-2,nimbus,keep
triage-pass-2,notations,keep
triage-pass-2,obscures,keep
triage-pass-2,oomph,keep
triage-pass-2,ostracized,keep
triage-pass-2,overvalued,keep
triage-pass-2,overwork,keep
triage-pass-2,paintbrush,keep
triage-pass-2,persecutions,keep
triage-pass-2,pestering,keep
triage-pass-2,pivoting,keep
triage-pass-2,plausibly,keep
triage-pass-2,plebs,keep
triage-pass-2,preposition,keep
triage-pass-2,pretenses,keep
triage-pass-2,proximate,keep
triage-pass-2,puller,keep
triage-pass-2,punctures,keep
triage-pass-2,quadrupled,keep
triage-pass-2,rainstorm,keep
triage-pass-2,reappearance,keep
triage-pass-2,recompense,keep
triage-pass-2,recuperating,keep
triage-pass-2,redesigning,keep
triage-pass-2,redraw,keep
triage-pass-2,redrawn,keep
triage-pass-2,refutation,keep
triage-pass-2,remiss,keep
triage-pass-2,remittance,keep
triage-pass-2,repudiated,keep
triage-pass-2,resuscitate,keep
triage-pass-2,reticent,keep
triage-pass-2,reverie,keep
triage-pass-2,revisionism,keep
triage-pass-2,rewrites,keep
triage-pass-2,rheumatism,keep
triage-pass-2,roused,keep
triage-pass-2,ruble,keep
triage-pass-2,safeguarded,keep
triage-pass-2,scribbling,keep
triage-pass-2,scuttled,keep
triage-pass-2,sectoral,keep
triage-pass-2,selflessness,keep
triage-pass-2,sharps,keep
triage-pass-2,shuddering,keep
triage-pass-2,silken,keep
triage-pass-2,slayers,keep
triage-pass-2,slippage,keep
triage-pass-2,slowness,keep
triage-pass-2,slurred,keep
triage-pass-2,smattering,keep
triage-pass-2,snarl,keep
triage-pass-2,snuggling,keep
triage-pass-2,solvers,keep
triage-pass-2,spawns,keep
triage-pass-2,spongy,keep
triage-pass-2,sterilize,keep
triage-pass-2,stewardess,keep
triage-pass-2,stockholder,keep
triage-pass-2,storefronts,keep
triage-pass-2,storyboard,keep
triage-pass-2,stragglers,keep
triage-pass-2,stratigraphy,ditch
triage-pass-2,striding,keep
triage-pass-2,stunting,keep
triage-pass-2,surcharges,keep
triage-pass-2,surest,keep
triage-pass-2,taiga,keep
triage-pass-2,tangier,keep
triage-pass-2,tapioca,keep
triage-pass-2,taskforce,keep
triage-pass-2,tendrils,keep
triage-pass-2,thickest,keep
triage-pass-2,ticklish,keep
triage-pass-2,timestamp,keep
triage-pass-2,tolerates,keep
triage-pass-2,tradesman,keep
triage-pass-2,trappers,keep
triage-pass-2,tulle,keep
triage-pass-2,turtleneck,keep
triage-pass-2,twats,keep
triage-pass-2,unconvinced,keep
triage-pass-2,underclass,keep
triage-pass-2,undertone,keep
triage-pass-2,undressing,keep
triage-pass-2,unpopularity,keep
triage-pass-2,unreadable,keep
triage-pass-2,unwinding,keep
triage-pass-2,urchins,keep
triage-pass-2,variegated,keep
triage-pass-2,vehement,keep
triage-pass-2,videotapes,keep
triage-pass-2,vinaigrette,keep
triage-pass-2,wallop,keep
triage-pass-2,weeknight,keep
triage-pass-2,weenie,keep
triage-pass-2,whet,keep
triage-pass-2,wile,keep
triage-pass-2,wobbling,keep
triage-pass-2,wowed,keep
triage-pass-2,yesteryear,keep
triage-pass-2,aced,keep
triage-pass-2,advantaged,keep
triage-pass-2,airspeed,keep
triage-pass-2,allocates,keep
triage-pass-2,alphas,keep
triage-pass-2,amplifies,keep
triage-pass-2,amply,keep
triage-pass-2,anglophone,keep
triage-pass-2,annealing,keep
triage-pass-2,annexing,keep
triage-pass-2,antecedents,keep
triage-pass-2,antithetical,keep
triage-pass-2,antler,keep
triage-pass-2,apprenticed,keep
triage-pass-2,aromatherapy,keep
triage-pass-2,arranger,keep
triage-pass-2,aspirated,keep
triage-pass-2,attestation,keep
triage-pass-2,baptisms,keep
triage-pass-2,beached,keep
triage-pass-2,beefing,keep
triage-pass-2,belittling,keep
triage-pass-2,bevel,keep
triage-pass-2,birdsong,keep
triage-pass-2,blesses,keep
triage-pass-2,blockaded,keep
triage-pass-2,bookmaker,keep
triage-pass-2,brawling,keep
triage-pass-2,breakouts,keep
triage-pass-2,brogan,ditch
triage-pass-2,cabbages,keep
triage-pass-2,cacophony,keep
triage-pass-2,capitalistic,keep
triage-pass-2,caresses,keep
triage-pass-2,carnations,keep
triage-pass-2,cartoonists,keep
triage-pass-2,castaway,keep
triage-pass-2,cenotaph,keep
triage-pass-2,chafing,keep
triage-pass-2,chambered,keep
triage-pass-2,clack,keep
triage-pass-2,clicker,keep
triage-pass-2,collation,keep
triage-pass-2,comings,keep
triage-pass-2,commandeered,keep
triage-pass-2,commentating,keep
triage-pass-2,confining,keep
triage-pass-2,conscripts,keep
triage-pass-2,conservator,keep
triage-pass-2,cooperates,keep
triage-pass-2,counseled,keep
triage-pass-2,covey,keep
triage-pass-2,crewmen,keep
triage-pass-2,crimp,keep
triage-pass-2,cruces,ditch
triage-pass-2,curbed,keep
triage-pass-2,customarily,keep
triage-pass-2,deactivation,keep
triage-pass-2,deductibles,keep
triage-pass-2,deflate,keep
triage-pass-2,demonize,keep
triage-pass-2,denunciation,keep
triage-pass-2,diazepam,keep
triage-pass-2,discrediting,keep
triage-pass-2,dished,keep
triage-pass-2,dismount,keep
triage-pass-2,diuretic,keep
triage-pass-2,drawbridge,keep
triage-pass-2,drudge,keep
triage-pass-2,drugging,keep
triage-pass-2,dwindle,keep
triage-pass-2,effector,ditch
triage-pass-2,enchantress,keep
triage-pass-2,encircle,keep
triage-pass-2,etiology,keep
triage-pass-2,exonerate,keep
triage-pass-2,expediency,keep
triage-pass-2,exudes,keep
triage-pass-2,eyesore,keep
triage-pass-2,facile,keep
triage-pass-2,facilitators,keep
triage-pass-2,fatherless,keep
triage-pass-2,fertilize,keep
triage-pass-2,fittingly,keep
triage-pass-2,flossing,keep
triage-pass-2,fluted,keep
triage-pass-2,foreshore,keep
triage-pass-2,frightens,keep
triage-pass-2,fruiting,keep
triage-pass-2,gasses,keep
triage-pass-2,geneticist,keep
triage-pass-2,genotypes,keep
triage-pass-2,glycine,ditch
triage-pass-2,goop,keep
triage-pass-2,grimace,keep
triage-pass-2,groggy,keep
triage-pass-2,guano,keep
triage-pass-2,guava,keep
triage-pass-2,hammocks,keep
triage-pass-2,hamstrings,keep
triage-pass-2,handbooks,keep
triage-pass-2,hematoma,keep
triage-pass-2,histology,keep
triage-pass-2,hitching,keep
triage-pass-2,homogeneity,keep
triage-pass-2,hotties,keep
triage-pass-2,humanists,keep
triage-pass-2,huntress,keep
triage-pass-2,husks,keep
triage-pass-2,idiopathic,keep
triage-pass-2,immigrate,keep
triage-pass-2,imparts,keep
triage-pass-2,implacable,keep
triage-pass-2,implicating,keep
triage-pass-2,imprisoning,keep
triage-pass-2,indemnify,keep
triage-pass-2,indiscretion,keep
triage-pass-2,indulgences,keep
triage-pass-2,infirm,keep
triage-pass-2,jailer,keep
triage-pass-2,joists,keep
triage-pass-2,kidnaps,keep
triage-pass-2,lacing,keep
triage-pass-2,latches,keep
triage-pass-2,lengthwise,keep
triage-pass-2,linoleum,keep
triage-pass-2,listeria,keep
triage-pass-2,lyre,keep
triage-pass-2,magnanimous,keep
triage-pass-2,magus,keep
triage-pass-2,mammoths,keep
triage-pass-2,maniacal,keep
triage-pass-2,materialist,keep
triage-pass-2,meeker,keep
triage-pass-2,metabolized,keep
triage-pass-2,micrograms,keep
triage-pass-2,mikes,keep
triage-pass-2,miniscule,keep
triage-pass-2,ministering,keep
triage-pass-2,misdirection,keep
triage-pass-2,modulating,keep
triage-pass-2,monger,keep
triage-pass-2,multicolored,keep
triage-pass-2,multifamily,keep
triage-pass-2,musing,keep
triage-pass-2,mystified,keep
triage-pass-2,narc,keep
triage-pass-2,necromancer,keep
triage-pass-2,neurobiology,keep
triage-pass-2,nitride,ditch
triage-pass-2,nobodies,keep
triage-pass-2,notional,keep
triage-pass-2,obliging,keep
triage-pass-2,observances,keep
triage-pass-2,obverse,keep
triage-pass-2,offing,keep
triage-pass-2,offstage,keep
triage-pass-2,overlying,keep
triage-pass-2,overridden,keep
triage-pass-2,overruns,keep
triage-pass-2,pacts,keep
triage-pass-2,palatial,keep
triage-pass-2,parley,keep
triage-pass-2,paucity,keep
triage-pass-2,peculiarly,keep
triage-pass-2,peddler,keep
triage-pass-2,pelagic,keep
triage-pass-2,persecuting,keep
triage-pass-2,phenomenally,keep
triage-pass-2,phonics,keep
triage-pass-2,pilgrimages,keep
triage-pass-2,pithy,keep
triage-pass-2,pittance,keep
triage-pass-2,placental,keep
triage-pass-2,plastering,keep
triage-pass-2,plop,keep
triage-pass-2,prancing,keep
triage-pass-2,preclinical,keep
triage-pass-2,prisms,keep
triage-pass-2,prowling,keep
triage-pass-2,pulleys,keep
triage-pass-2,pullover,keep
triage-pass-2,rarities,keep
triage-pass-2,raster,keep
triage-pass-2,reassessment,keep
triage-pass-2,recharged,keep
triage-pass-2,reconfigured,keep
triage-pass-2,reeled,keep
triage-pass-2,registrant,keep
triage-pass-2,rekindled,keep
triage-pass-2,renouncing,keep
triage-pass-2,repaint,keep
triage-pass-2,reprocessing,keep
triage-pass-2,repulsion,keep
triage-pass-2,resistive,keep
triage-pass-2,resurgent,keep
triage-pass-2,rubbery,keep
triage-pass-2,sagas,keep
triage-pass-2,salamanders,keep
triage-pass-2,scalding,keep
triage-pass-2,scoundrels,keep
triage-pass-2,scrambles,keep
triage-pass-2,seasonings,keep
triage-pass-2,seditious,keep
triage-pass-2,senor,ditch
triage-pass-2,serviceman,keep
triage-pass-2,shorting,keep
triage-pass-2,shortsighted,keep
triage-pass-2,shunning,keep
triage-pass-2,sinker,keep
triage-pass-2,slates,keep
triage-pass-2,sortie,keep
triage-pass-2,starburst,keep
triage-pass-2,statist,keep
triage-pass-2,statuette,keep
triage-pass-2,steppes,keep
triage-pass-2,storeroom,keep
triage-pass-2,strumming,keep
triage-pass-2,suiting,keep
triage-pass-2,supersedes,keep
triage-pass-2,swig,keep
triage-pass-2,takeovers,keep
triage-pass-2,tangles,keep
triage-pass-2,tass,ditch
triage-pass-2,taxidermy,keep
triage-pass-2,tenner,keep
triage-pass-2,thankless,keep
triage-pass-2,throwers,keep
triage-pass-2,tightest,keep
triage-pass-2,titian,ditch
triage-pass-2,toiled,keep
triage-pass-2,tomes,keep
triage-pass-2,toots,keep
triage-pass-2,triceps,keep
triage-pass-2,unappealing,keep
triage-pass-2,uncivilized,keep
triage-pass-2,underwritten,keep
triage-pass-2,undoubted,keep
triage-pass-2,unpatriotic,keep
triage-pass-2,unrepentant,keep
triage-pass-2,untidy,keep
triage-pass-2,useable,keep
triage-pass-2,ushering,keep
triage-pass-2,veep,keep
triage-pass-2,velodrome,keep
triage-pass-2,viewable,keep
triage-pass-2,visionaries,keep
triage-pass-2,vitals,keep
triage-pass-2,washable,keep
triage-pass-2,waveguide,ditch
triage-pass-2,weaponized,keep
triage-pass-2,wearers,keep
triage-pass-2,welders,keep
triage-pass-2,wetness,keep
triage-pass-2,wheelers,keep
triage-pass-2,wiggling,keep
triage-pass-2,wince,keep
triage-pass-2,womanizer,keep
triage-pass-2,woodbine,keep
triage-pass-2,wreaking,keep
triage-pass-2,wrecker,keep
triage-pass-2,wrenches,keep
triage-pass-2,abrasions,keep
triage-pass-2,actives,keep
triage-pass-2,adherent,keep
triage-pass-2,adulation,keep
triage-pass-2,adverbs,keep
triage-pass-2,aforesaid,keep
triage-pass-2,airlifted,keep
triage-pass-2,amines,ditch
triage-pass-2,amniotic,keep
triage-pass-2,amulets,keep
triage-pass-2,amusements,keep
triage-pass-2,antecedent,keep
triage-pass-2,antiwar,keep
triage-pass-2,aphasia,keep
triage-pass-2,aphrodisiac,keep
triage-pass-2,arsenals,keep
triage-pass-2,asunder,keep
triage-pass-2,automating,keep
triage-pass-2,backstabbing,keep
triage-pass-2,backstop,keep
triage-pass-2,begets,keep
triage-pass-2,bimonthly,keep
triage-pass-2,binocular,keep
triage-pass-2,bioethics,keep
triage-pass-2,biter,keep
triage-pass-2,bloat,keep
triage-pass-2,bolus,keep
triage-pass-2,botanists,keep
triage-pass-2,brightens,keep
triage-pass-2,briskly,keep
triage-pass-2,bruiser,keep
triage-pass-2,brutes,keep
triage-pass-2,bubonic,keep
triage-pass-2,buggers,keep
triage-pass-2,bursa,ditch
triage-pass-2,bushels,keep
triage-pass-2,bylaw,keep
triage-pass-2,cached,keep
triage-pass-2,caddie,keep
triage-pass-2,caterers,keep
triage-pass-2,cations,keep
triage-pass-2,cellophane,keep
triage-pass-2,chaining,keep
triage-pass-2,channelled,keep
triage-pass-2,choker,keep
triage-pass-2,chrysalis,keep
triage-pass-2,chums,keep
triage-pass-2,clenching,keep
triage-pass-2,clumsily,keep
triage-pass-2,codename,keep
triage-pass-2,collectives,keep
triage-pass-2,colonizing,keep
triage-pass-2,compressive,keep
triage-pass-2,condoning,keep
triage-pass-2,convalescent,keep
triage-pass-2,costal,ditch
triage-pass-2,couscous,keep
triage-pass-2,critiqued,keep
triage-pass-2,crone,keep
triage-pass-2,cupping,keep
triage-pass-2,dabbling,keep
triage-pass-2,dabs,keep
triage-pass-2,dampers,keep
triage-pass-2,decoys,keep
triage-pass-2,decry,keep
triage-pass-2,deferral,keep
triage-pass-2,desc,ditch
triage-pass-2,dirtier,keep
triage-pass-2,disavow,keep
triage-pass-2,discordant,keep
triage-pass-2,dismounted,keep
triage-pass-2,distrustful,keep
triage-pass-2,downy,keep
triage-pass-2,dualism,keep
triage-pass-2,duplicating,keep
triage-pass-2,embittered,keep
triage-pass-2,emissaries,keep
triage-pass-2,endangers,keep
triage-pass-2,epithets,keep
triage-pass-2,esse,ditch
triage-pass-2,estimations,keep
triage-pass-2,eunuchs,keep
triage-pass-2,evidentiary,keep
triage-pass-2,exalt,keep
triage-pass-2,executors,keep
triage-pass-2,exoplanets,keep
triage-pass-2,fairground,keep
triage-pass-2,fairytales,keep
triage-pass-2,fancier,keep
triage-pass-2,fatherly,keep
triage-pass-2,faultless,keep
triage-pass-2,feedstock,keep
triage-pass-2,fending,keep
triage-pass-2,fistula,keep
triage-pass-2,foxtrot,keep
triage-pass-2,frith,ditch
triage-pass-2,garbled,keep
triage-pass-2,gaskets,keep
triage-pass-2,halve,keep
triage-pass-2,handfuls,keep
triage-pass-2,harlot,keep
triage-pass-2,harpers,keep
triage-pass-2,headbutt,keep
triage-pass-2,heckler,keep
triage-pass-2,heifer,keep
triage-pass-2,hoards,keep
triage-pass-2,hued,keep
triage-pass-2,humbug,keep
triage-pass-2,hydrological,keep
triage-pass-2,impetuous,keep
triage-pass-2,inadequately,keep
triage-pass-2,indignity,keep
triage-pass-2,indisputably,keep
triage-pass-2,inky,keep
triage-pass-2,inlets,keep
triage-pass-2,interdiction,keep
triage-pass-2,intros,keep
triage-pass-2,jarred,keep
triage-pass-2,jaunt,keep
triage-pass-2,jointed,keep
triage-pass-2,jutting,keep
triage-pass-2,khans,keep
triage-pass-2,kneels,keep
triage-pass-2,knits,keep
triage-pass-2,laud,keep
triage-pass-2,legation,ditch
triage-pass-2,letterhead,keep
triage-pass-2,levis,ditch
triage-pass-2,levity,keep
triage-pass-2,limped,keep
triage-pass-2,liquors,keep
triage-pass-2,louse,keep
triage-pass-2,lucked,keep
triage-pass-2,malfeasance,keep
triage-pass-2,martinis,keep
triage-pass-2,massaged,keep
triage-pass-2,massif,keep
triage-pass-2,mechanistic,keep
triage-pass-2,mementos,keep
triage-pass-2,mightiest,keep
triage-pass-2,minnows,keep
triage-pass-2,mishandling,keep
triage-pass-2,misinterpret,keep
triage-pass-2,misstep,keep
triage-pass-2,moguls,keep
triage-pass-2,morello,ditch
triage-pass-2,mowers,keep
triage-pass-2,multichannel,keep
triage-pass-2,mummified,keep
triage-pass-2,narcissists,keep
triage-pass-2,narrators,keep
triage-pass-2,nawab,ditch
triage-pass-2,newness,keep
triage-pass-2,newsreader,keep
triage-pass-2,nipping,keep
triage-pass-2,oddest,keep
triage-pass-2,oration,keep
triage-pass-2,ordinates,ditch
triage-pass-2,ousting,keep
triage-pass-2,overseers,keep
triage-pass-2,paneling,keep
triage-pass-2,panelled,keep
triage-pass-2,pangs,keep
triage-pass-2,paschal,keep
triage-pass-2,passivity,keep
triage-pass-2,peeks,keep
triage-pass-2,percussive,keep
triage-pass-2,phosphatase,ditch
triage-pass-2,pickets,keep
triage-pass-2,piglets,keep
triage-pass-2,pinches,keep
triage-pass-2,plies,keep
triage-pass-2,plinth,keep
triage-pass-2,polishes,keep
triage-pass-2,polypeptide,keep
triage-pass-2,postulate,keep
triage-pass-2,presidio,ditch
triage-pass-2,priors,keep
triage-pass-2,productively,keep
triage-pass-2,propylene,keep
triage-pass-2,prosaic,keep
triage-pass-2,proscribed,keep
triage-pass-2,pyrotechnics,keep
triage-pass-2,quandary,keep
triage-pass-2,quietest,keep
triage-pass-2,rationalism,keep
triage-pass-2,rears,keep
triage-pass-2,rebut,keep
triage-pass-2,reclassified,keep
triage-pass-2,reconnecting,keep
triage-pass-2,refiners,keep
triage-pass-2,reheat,keep
triage-pass-2,reinvest,keep
triage-pass-2,remorseful,keep
triage-pass-2,repackaged,keep
triage-pass-2,repented,keep
triage-pass-2,restocking,keep
triage-pass-2,reticence,keep
triage-pass-2,reversion,keep
triage-pass-2,rhinestone,keep
triage-pass-2,roundabouts,keep
triage-pass-2,sapphires,keep
triage-pass-2,saran,ditch
triage-pass-2,scrip,keep
triage-pass-2,scruff,keep
triage-pass-2,scurrying,keep
triage-pass-2,seafaring,keep
triage-pass-2,sexiness,keep
triage-pass-2,sheaf,keep
triage-pass-2,shipwrecks,keep
triage-pass-2,siesta,keep
triage-pass-2,sniffer,keep
triage-pass-2,snobs,keep
triage-pass-2,sociopathic,keep
triage-pass-2,sociopaths,keep
triage-pass-2,speedometer,keep
triage-pass-2,splints,keep
triage-pass-2,spoofing,keep
triage-pass-2,squalid,keep
triage-pass-2,staves,keep
triage-pass-2,stringed,keep
triage-pass-2,strollers,keep
triage-pass-2,strolls,keep
triage-pass-2,submerge,keep
triage-pass-2,surfactant,keep
triage-pass-2,sweltering,keep
triage-pass-2,swooping,keep
triage-pass-2,tannins,keep
triage-pass-2,tanto,ditch
triage-pass-2,tarn,keep
triage-pass-2,tater,keep
triage-pass-2,taxicab,keep
triage-pass-2,telluride,ditch
triage-pass-2,tenements,keep
triage-pass-2,thunk,keep
triage-pass-2,tints,keep
triage-pass-2,tupelo,ditch
triage-pass-2,unabashed,keep
triage-pass-2,unencumbered,keep
triage-pass-2,unfilled,keep
triage-pass-2,unionization,keep
triage-pass-2,unnaturally,keep
triage-pass-2,vicarious,keep
triage-pass-2,villainy,keep
triage-pass-2,virtuosity,keep
triage-pass-2,virulence,keep
triage-pass-2,walkable,keep
triage-pass-2,walling,keep
triage-pass-2,warmers,keep
triage-pass-2,wilted,keep
triage-pass-2,winging,keep
triage-pass-2,workpiece,keep
triage-pass-2,wormwood,keep
triage-pass-2,wrangle,keep
triage-pass-2,abated,keep
triage-pass-2,accrediting,keep
triage-pass-2,acoustical,keep
triage-pass-2,afflictions,keep
triage-pass-2,aggregating,keep
triage-pass-2,agitator,keep
triage-pass-2,albedo,keep
triage-pass-2,amateurish,keep
triage-pass-2,anaphylaxis,keep
triage-pass-2,angora,keep
triage-pass-2,anyplace,keep
triage-pass-2,appetizing,keep
triage-pass-2,applicator,keep
triage-pass-2,arsonist,keep
triage-pass-2,artichokes,keep
triage-pass-2,assemblages,keep
triage-pass-2,augmenting,keep
triage-pass-2,axons,keep
triage-pass-2,babbitt,ditch
triage-pass-2,banc,ditch
triage-pass-2,barnacles,keep
triage-pass-2,bast,ditch
triage-pass-2,beekeepers,keep
triage-pass-2,bests,keep
triage-pass-2,biologic,keep
triage-pass-2,blackfish,ditch
triage-pass-2,bleacher,keep
triage-pass-2,bloodiest,keep
triage-pass-2,bloodshot,keep
triage-pass-2,bolstering,keep
triage-pass-2,brawls,keep
triage-pass-2,bronchial,keep
triage-pass-2,brownstone,keep
triage-pass-2,buffered,keep
triage-pass-2,burka,keep
triage-pass-2,butterscotch,keep
triage-pass-2,caballero,ditch
triage-pass-2,caboose,keep
triage-pass-2,caesarean,keep
triage-pass-2,calcareous,ditch
triage-pass-2,callus,keep
triage-pass-2,capote,ditch
triage-pass-2,carotene,keep
triage-pass-2,carpark,keep
triage-pass-2,cartoonish,keep
triage-pass-2,cesarean,keep
triage-pass-2,chalets,keep
triage-pass-2,cherub,keep
triage-pass-2,coaxed,keep
triage-pass-2,colloidal,keep
triage-pass-2,concurrency,keep
triage-pass-2,confidante,keep
triage-pass-2,conifer,keep
triage-pass-2,consumable,keep
triage-pass-2,convener,keep
triage-pass-2,corker,keep
triage-pass-2,courtly,keep
triage-pass-2,cutlass,keep
triage-pass-2,cutouts,keep
triage-pass-2,cybernetics,keep
triage-pass-2,cymbal,keep
triage-pass-2,dabbing,keep
triage-pass-2,daydreams,keep
triage-pass-2,demoralizing,keep
triage-pass-2,denigrate,keep
triage-pass-2,despatches,keep
triage-pass-2,detonator,keep
triage-pass-2,dissing,keep
triage-pass-2,disuse,keep
triage-pass-2,dorks,keep
triage-pass-2,douse,keep
triage-pass-2,downgrading,keep
triage-pass-2,dramatized,keep
triage-pass-2,drinkable,keep
triage-pass-2,drooping,keep
triage-pass-2,ecologists,keep
triage-pass-2,emigrating,keep
triage-pass-2,empathic,keep
triage-pass-2,energizing,keep
triage-pass-2,enumeration,keep
triage-pass-2,evocation,keep
triage-pass-2,excepted,keep
triage-pass-2,exterminator,keep
triage-pass-2,extradite,keep
triage-pass-2,extrapolated,keep
triage-pass-2,extricate,keep
triage-pass-2,falsifying,keep
triage-pass-2,faro,ditch
triage-pass-2,fastener,keep
triage-pass-2,fibula,keep
triage-pass-2,fidget,keep
triage-pass-2,flexion,keep
triage-pass-2,flippant,keep
triage-pass-2,floater,keep
triage-pass-2,fondue,keep
triage-pass-2,forerunners,keep
triage-pass-2,fretted,keep
triage-pass-2,fuelling,keep
triage-pass-2,ganglia,keep
triage-pass-2,ganglion,keep
triage-pass-2,geographies,keep
triage-pass-2,geranium,keep
triage-pass-2,gingerly,keep
triage-pass-2,glared,keep
triage-pass-2,goalposts,keep
triage-pass-2,goer,keep
triage-pass-2,goldsmiths,keep
triage-pass-2,gratified,keep
triage-pass-2,grouchy,keep
triage-pass-2,grownup,keep
triage-pass-2,guaranty,keep
triage-pass-2,gusty,keep
triage-pass-2,harmonizing,keep
triage-pass-2,heaviness,keep
triage-pass-2,hedonism,keep
triage-pass-2,heirlooms,keep
triage-pass-2,hereof,keep
triage-pass-2,heretofore,keep
triage-pass-2,horoscopes,keep
triage-pass-2,immemorial,keep
triage-pass-2,inequity,keep
triage-pass-2,inflected,keep
triage-pass-2,infotainment,keep
triage-pass-2,insinuate,keep
triage-pass-2,inspects,keep
triage-pass-2,interludes,keep
triage-pass-2,iodide,keep
triage-pass-2,juiced,keep
triage-pass-2,kabuki,keep
triage-pass-2,kindling,keep
triage-pass-2,knell,keep
triage-pass-2,laboring,keep
triage-pass-2,laparoscopic,keep
triage-pass-2,leer,keep
triage-pass-2,legume,keep
triage-pass-2,lemurs,keep
triage-pass-2,linesman,keep
triage-pass-2,locum,ditch
triage-pass-2,lunged,keep
triage-pass-2,madder,keep
triage-pass-2,mailboxes,keep
triage-pass-2,malign,keep
triage-pass-2,maltreatment,keep
triage-pass-2,mandrake,keep
triage-pass-2,marinate,keep
triage-pass-2,meltdowns,keep
triage-pass-2,memorization,keep
triage-pass-2,mems,ditch
triage-pass-2,millisecond,keep
triage-pass-2,misdirected,keep
triage-pass-2,missteps,keep
triage-pass-2,moiety,ditch
triage-pass-2,moline,ditch
triage-pass-2,morsel,keep
triage-pass-2,mugshot,keep
triage-pass-2,nary,keep
triage-pass-2,nastiest,keep
triage-pass-2,newsflash,keep
triage-pass-2,nocturne,keep
triage-pass-2,nooks,keep
triage-pass-2,nudging,keep
triage-pass-2,paleolithic,keep
triage-pass-2,paraphrased,keep
triage-pass-2,passageways,keep
triage-pass-2,passersby,keep
triage-pass-2,patrolman,keep
triage-pass-2,peacekeeper,keep
triage-pass-2,pert,keep
triage-pass-2,pillaging,keep
triage-pass-2,platoons,keep
triage-pass-2,playmates,keep
triage-pass-2,pollsters,keep
triage-pass-2,populists,keep
triage-pass-2,practises,keep
triage-pass-2,prat,keep
triage-pass-2,predate,keep
triage-pass-2,predominate,keep
triage-pass-2,prelims,keep
triage-pass-2,presumes,keep
triage-pass-2,printout,keep
triage-pass-2,prodded,keep
triage-pass-2,proofread,keep
triage-pass-2,prophylactic,keep
triage-pass-2,prophylaxis,keep
triage-pass-2,pullout,keep
triage-pass-2,puppeteer,keep
triage-pass-2,purist,keep
triage-pass-2,purposed,keep
triage-pass-2,radiography,keep
triage-pass-2,readied,keep
triage-pass-2,reopens,keep
triage-pass-2,repairman,keep
triage-pass-2,rescuer,keep
triage-pass-2,resurrecting,keep
triage-pass-2,rialto,ditch
triage-pass-2,ringleader,keep
triage-pass-2,rococo,keep
triage-pass-2,rottweiler,keep
triage-pass-2,rumblings,keep
triage-pass-2,sandbags,keep
triage-pass-2,scalping,keep
triage-pass-2,scantily,keep
triage-pass-2,scurry,keep
triage-pass-2,secessionist,keep
triage-pass-2,sepals,keep
triage-pass-2,serialized,keep
triage-pass-2,shaper,keep
triage-pass-2,sidestep,keep
triage-pass-2,sieges,keep
triage-pass-2,slaw,keep
triage-pass-2,smirked,keep
triage-pass-2,smokescreen,keep
triage-pass-2,snide,keep
triage-pass-2,snowballs,keep
triage-pass-2,solider,ditch
triage-pass-2,sowed,keep
triage-pass-2,sows,keep
triage-pass-2,sprocket,keep
triage-pass-2,squabble,keep
triage-pass-2,squabbling,keep
triage-pass-2,squeaking,keep
triage-pass-2,stapled,keep
triage-pass-2,steeplechase,keep
triage-pass-2,sternly,keep
triage-pass-2,stopwatch,keep
triage-pass-2,stranglehold,keep
triage-pass-2,subcultures,keep
triage-pass-2,subfamily,keep
triage-pass-2,succulents,keep
triage-pass-2,sympathizer,keep
triage-pass-2,symposia,keep
triage-pass-2,synchro,ditch
triage-pass-2,tachycardia,keep
triage-pass-2,tactful,keep
triage-pass-2,tamarind,keep
triage-pass-2,tapers,keep
triage-pass-2,teared,keep
triage-pass-2,theism,keep
triage-pass-2,theocracy,keep
triage-pass-2,theoretic,keep
triage-pass-2,toenail,keep
triage-pass-2,tracers,keep
triage-pass-2,trafficker,keep
triage-pass-2,transducers,keep
triage-pass-2,transphobia,keep
triage-pass-2,trellis,keep
triage-pass-2,truthfulness,keep
triage-pass-2,tryptophan,keep
triage-pass-2,typescript,keep
triage-pass-2,unblocked,keep
triage-pass-2,undersized,keep
triage-pass-2,understaffed,keep
triage-pass-2,unflinching,keep
triage-pass-2,uninhibited,keep
triage-pass-2,unmodified,keep
triage-pass-2,unprocessed,keep
triage-pass-2,unseat,keep
triage-pass-2,urbanism,keep
triage-pass-2,usurper,keep
triage-pass-2,vagaries,keep
triage-pass-2,vamps,keep
triage-pass-2,vermouth,keep
triage-pass-2,vesta,ditch
triage-pass-2,viewfinder,keep
triage-pass-2,wanking,keep
triage-pass-2,watchdogs,keep
triage-pass-2,watchmaker,keep
triage-pass-2,whitefish,keep
triage-pass-2,whoring,keep
triage-pass-2,workbench,keep
triage-pass-2,worksheets,keep
triage-pass-2,wriggle,keep
triage-pass-2,yearns,keep
triage-pass-2,abdicated,keep
triage-pass-2,acceded,keep
triage-pass-2,accruing,keep
triage-pass-2,adjuvant,ditch
triage-pass-2,admixture,keep
triage-pass-2,adopter,keep
triage-pass-2,aftershock,keep
triage-pass-2,airshow,keep
triage-pass-2,albumin,keep
triage-pass-2,aline,ditch
triage-pass-2,ambiguities,keep
triage-pass-2,amuses,keep
triage-pass-2,anchovy,keep
triage-pass-2,anguished,keep
triage-pass-2,antagonize,keep
triage-pass-2,anthracite,keep
triage-pass-2,apparitions,keep
triage-pass-2,artifice,keep
triage-pass-2,asides,keep
triage-pass-2,aspergillus,ditch
triage-pass-2,assistive,keep
triage-pass-2,audibly,keep
triage-pass-2,baldy,keep
triage-pass-2,batons,keep
triage-pass-2,betcha,keep
triage-pass-2,bidet,keep
triage-pass-2,biophysics,keep
triage-pass-2,blacksmiths,keep
triage-pass-2,blobs,keep
triage-pass-2,bluster,keep
triage-pass-2,bodes,keep
triage-pass-2,bookworm,keep
triage-pass-2,bowyer,ditch
triage-pass-2,brut,keep
triage-pass-2,bung,keep
triage-pass-2,bursary,keep
triage-pass-2,butted,keep
triage-pass-2,caffeinated,keep
triage-pass-2,cannery,keep
triage-pass-2,canvassed,keep
triage-pass-2,captioning,keep
triage-pass-2,carcinogen,keep
triage-pass-2,carters,keep
triage-pass-2,cased,keep
triage-pass-2,catamaran,keep
triage-pass-2,catheters,keep
triage-pass-2,ceding,keep
triage-pass-2,celled,keep
triage-pass-2,changeling,keep
triage-pass-2,chargeable,keep
triage-pass-2,chatroom,keep
triage-pass-2,checklists,keep
triage-pass-2,chieftains,keep
triage-pass-2,clasped,keep
triage-pass-2,coauthor,keep
triage-pass-2,cocos,ditch
triage-pass-2,cookware,keep
triage-pass-2,corduroy,keep
triage-pass-2,coroners,keep
triage-pass-2,corsets,keep
triage-pass-2,criminalize,keep
triage-pass-2,crocheted,keep
triage-pass-2,crummy,keep
triage-pass-2,crusading,keep
triage-pass-2,curating,keep
triage-pass-2,curries,keep
triage-pass-2,customizing,keep
triage-pass-2,darted,keep
triage-pass-2,decryption,keep
triage-pass-2,demean,keep
triage-pass-2,dempster,ditch
triage-pass-2,deterring,keep
triage-pass-2,diatribe,keep
triage-pass-2,dinar,keep
triage-pass-2,disassemble,keep
triage-pass-2,discards,keep
triage-pass-2,disparage,keep
triage-pass-2,ditty,keep
triage-pass-2,dockers,keep
triage-pass-2,dogfight,keep
triage-pass-2,downers,keep
triage-pass-2,downfield,keep
triage-pass-2,downsized,keep
triage-pass-2,dramatists,keep
triage-pass-2,droll,keep
triage-pass-2,drudgery,keep
triage-pass-2,ducats,keep
triage-pass-2,durian,keep
triage-pass-2,emoluments,keep
triage-pass-2,endometrial,keep
triage-pass-2,eucharistic,keep
triage-pass-2,excised,keep
triage-pass-2,executioners,keep
triage-pass-2,exhortation,keep
triage-pass-2,exoplanet,keep
triage-pass-2,exteriors,keep
triage-pass-2,fader,keep
triage-pass-2,feign,keep
triage-pass-2,fistful,keep
triage-pass-2,flamed,keep
triage-pass-2,flatulence,keep
triage-pass-2,flowchart,keep
triage-pass-2,foetal,keep
triage-pass-2,freshers,keep
triage-pass-2,garish,keep
triage-pass-2,geodetic,ditch
triage-pass-2,gilding,keep
triage-pass-2,globalism,keep
triage-pass-2,gluing,keep
triage-pass-2,googly,keep
triage-pass-2,greenbrier,ditch
triage-pass-2,gremlins,keep
triage-pass-2,gringo,keep
triage-pass-2,gunslinger,keep
triage-pass-2,hampering,keep
triage-pass-2,harps,keep
triage-pass-2,hashing,keep
triage-pass-2,healthily,keep
triage-pass-2,hedonistic,keep
triage-pass-2,hegemonic,keep
triage-pass-2,hemming,keep
triage-pass-2,hesitates,keep
triage-pass-2,histological,keep
triage-pass-2,hoaxes,keep
triage-pass-2,hobbled,keep
triage-pass-2,hooch,keep
triage-pass-2,hysterics,keep
triage-pass-2,incriminate,keep
triage-pass-2,infill,keep
triage-pass-2,inflame,keep
triage-pass-2,injurious,keep
triage-pass-2,integrator,keep
triage-pass-2,interminable,keep
triage-pass-2,interrogator,keep
triage-pass-2,irks,keep
triage-pass-2,irrigate,keep
triage-pass-2,jinn,keep
triage-pass-2,jura,ditch
triage-pass-2,keratin,keep
triage-pass-2,kidder,keep
triage-pass-2,lances,keep
triage-pass-2,laureates,keep
triage-pass-2,leaker,keep
triage-pass-2,ledgers,keep
triage-pass-2,leery,keep
triage-pass-2,legislating,keep
triage-pass-2,lepers,keep
triage-pass-2,lessee,keep
triage-pass-2,levees,keep
triage-pass-2,lobed,keep
triage-pass-2,lodger,keep
triage-pass-2,lubricating,keep
triage-pass-2,magnetized,keep
triage-pass-2,mastiff,keep
triage-pass-2,mediates,keep
triage-pass-2,melodious,keep
triage-pass-2,microfinance,keep
triage-pass-2,midshipman,keep
triage-pass-2,miffed,keep
triage-pass-2,mismanaged,keep
triage-pass-2,mistral,keep
triage-pass-2,mockingly,keep
triage-pass-2,morbidly,keep
triage-pass-2,mucking,keep
triage-pass-2,naan,keep
triage-pass-2,naivety,keep
triage-pass-2,nastiness,keep
triage-pass-2,newsstand,keep
triage-pass-2,nibbles,keep
triage-pass-2,nonchalantly,keep
triage-pass-2,normals,keep
triage-pass-2,occasioned,keep
triage-pass-2,occupier,keep
triage-pass-2,onetime,keep
triage-pass-2,orthography,keep
triage-pass-2,ovate,ditch
triage-pass-2,overflowed,keep
triage-pass-2,overtakes,keep
triage-pass-2,pageantry,keep
triage-pass-2,parallelism,keep
triage-pass-2,pecans,keep
triage-pass-2,penitent,keep
triage-pass-2,pentagram,keep
triage-pass-2,philistine,keep
triage-pass-2,phlegm,keep
triage-pass-2,photonic,ditch
triage-pass-2,pianists,keep
triage-pass-2,picketing,keep
triage-pass-2,poacher,keep
triage-pass-2,poco,ditch
triage-pass-2,poon,ditch
triage-pass-2,possessor,keep
triage-pass-2,precept,keep
triage-pass-2,precipitous,keep
triage-pass-2,previewed,keep
triage-pass-2,profiteering,keep
triage-pass-2,proofreading,keep
triage-pass-2,prospectors,keep
triage-pass-2,prude,keep
triage-pass-2,purifier,keep
triage-pass-2,quartets,keep
triage-pass-2,queers,keep
triage-pass-2,quenching,keep
triage-pass-2,radioed,keep
triage-pass-2,raglan,keep
triage-pass-2,rampaging,keep
triage-pass-2,rapier,keep
triage-pass-2,ravage,keep
triage-pass-2,readjust,keep
triage-pass-2,realizations,keep
triage-pass-2,reams,keep
triage-pass-2,redirection,keep
triage-pass-2,reinvested,keep
triage-pass-2,repeaters,keep
triage-pass-2,reputedly,keep
triage-pass-2,residencies,keep
triage-pass-2,ridiculing,keep
triage-pass-2,rifling,keep
triage-pass-2,riverbed,keep
triage-pass-2,rood,ditch
triage-pass-2,roundly,keep
triage-pass-2,rummaging,keep
triage-pass-2,sacramental,keep
triage-pass-2,sardonic,keep
triage-pass-2,sate,keep
triage-pass-2,scabs,keep
triage-pass-2,sequencer,keep
triage-pass-2,shittiest,keep
triage-pass-2,signers,keep
triage-pass-2,singed,keep
triage-pass-2,sledding,keep
triage-pass-2,snowboarders,keep
triage-pass-2,soaks,keep
triage-pass-2,solidifying,keep
triage-pass-2,solvable,keep
triage-pass-2,sonatas,keep
triage-pass-2,sone,ditch
triage-pass-2,sororities,keep
triage-pass-2,sorrel,keep
triage-pass-2,southwards,keep
triage-pass-2,spanner,keep
triage-pass-2,speakeasy,keep
triage-pass-2,spiritualism,keep
triage-pass-2,staccato,keep
triage-pass-2,staid,keep
triage-pass-2,stilettos,keep
triage-pass-2,subatomic,keep
triage-pass-2,subclasses,keep
triage-pass-2,subscribes,keep
triage-pass-2,sulking,keep
triage-pass-2,tastings,keep
triage-pass-2,tatters,keep
triage-pass-2,tenderloin,keep
triage-pass-2,thunders,keep
triage-pass-2,thymus,keep
triage-pass-2,tidewater,keep
triage-pass-2,timberland,keep
triage-pass-2,tomcat,keep
triage-pass-2,tornados,keep
triage-pass-2,tramps,keep
triage-pass-2,transcribing,keep
triage-pass-2,uncaring,keep
triage-pass-2,uncommonly,keep
triage-pass-2,undercooked,keep
triage-pass-2,unplayable,keep
triage-pass-2,usefully,keep
triage-pass-2,vagueness,keep
triage-pass-2,valerian,keep
triage-pass-2,vocab,keep
triage-pass-2,voicemails,keep
triage-pass-2,waddle,keep
triage-pass-2,waded,keep
triage-pass-2,watchable,keep
triage-pass-2,wherewithal,keep
triage-pass-2,whined,keep
triage-pass-2,wombat,keep
triage-pass-2,workweek,keep
triage-pass-2,yanking,keep
triage-pass-2,yearned,keep
triage-pass-2,abominations,keep
triage-pass-2,absenteeism,keep
triage-pass-2,acrylics,keep
triage-pass-2,adventuring,keep
triage-pass-2,aficionado,keep
triage-pass-2,apogee,keep
triage-pass-2,aquatics,keep
triage-pass-2,arrayed,keep
triage-pass-2,articulates,keep
triage-pass-2,ashy,keep
triage-pass-2,backboard,keep
triage-pass-2,bandstand,keep
triage-pass-2,banyan,keep
triage-pass-2,barnyard,keep
triage-pass-2,batt,ditch
triage-pass-2,begrudge,keep
triage-pass-2,belatedly,keep
triage-pass-2,biogas,keep
triage-pass-2,bisexuals,keep
triage-pass-2,bishopric,keep
triage-pass-2,blacking,keep
triage-pass-2,blimey,keep
triage-pass-2,bolting,keep
triage-pass-2,bookish,keep
triage-pass-2,bookshops,keep
triage-pass-2,brioche,keep
triage-pass-2,brutish,keep
triage-pass-2,bushing,keep
triage-pass-2,busily,keep
triage-pass-2,butlers,keep
triage-pass-2,byline,keep
triage-pass-2,calamari,keep
triage-pass-2,captor,keep
triage-pass-2,ceaseless,keep
triage-pass-2,charmingly,keep
triage-pass-2,childhoods,keep
triage-pass-2,chinchilla,keep
triage-pass-2,codenamed,keep
triage-pass-2,cognitively,keep
triage-pass-2,coining,keep
triage-pass-2,concertos,keep
triage-pass-2,concubines,keep
triage-pass-2,congenial,keep
triage-pass-2,consoled,keep
triage-pass-2,constriction,keep
triage-pass-2,cookers,keep
triage-pass-2,coppers,keep
triage-pass-2,corks,keep
triage-pass-2,coverup,keep
triage-pass-2,credibly,keep
triage-pass-2,cringed,keep
triage-pass-2,crozier,keep
triage-pass-2,crunched,keep
triage-pass-2,cumulus,keep
triage-pass-2,cytotoxic,ditch
triage-pass-2,decathlon,keep
triage-pass-2,deflections,keep
triage-pass-2,defrauding,keep
triage-pass-2,depressant,keep
triage-pass-2,derangement,keep
triage-pass-2,despotic,keep
triage-pass-2,disallow,keep
triage-pass-2,disgustingly,keep
triage-pass-2,disulfide,ditch
triage-pass-2,doctorates,keep
triage-pass-2,doghouse,keep
triage-pass-2,doubleheader,keep
triage-pass-2,drakes,keep
triage-pass-2,drivetrain,keep
triage-pass-2,dropper,keep
triage-pass-2,dysphoria,keep
triage-pass-2,eclipsing,keep
triage-pass-2,educations,keep
triage-pass-2,elks,keep
triage-pass-2,enchant,keep
triage-pass-2,eschew,keep
triage-pass-2,exhaled,keep
triage-pass-2,expanses,keep
triage-pass-2,expansionist,keep
triage-pass-2,extractive,keep
triage-pass-2,extrovert,keep
triage-pass-2,faints,keep
triage-pass-2,figment,keep
triage-pass-2,firmament,keep
triage-pass-2,floodwaters,keep
triage-pass-2,floundering,keep
triage-pass-2,fondant,keep
triage-pass-2,foolhardy,keep
triage-pass-2,fossa,keep
triage-pass-2,freeware,keep
triage-pass-2,furrow,keep
triage-pass-2,gaffer,keep
triage-pass-2,gaiety,keep
triage-pass-2,galleon,keep
triage-pass-2,generically,keep
triage-pass-2,genitive,keep
triage-pass-2,girders,keep
triage-pass-2,globalized,keep
triage-pass-2,glycerol,keep
triage-pass-2,glycoprotein,ditch
triage-pass-2,granary,keep
triage-pass-2,graveyards,keep
triage-pass-2,gravitas,keep
triage-pass-2,greenback,keep
triage-pass-2,grieves,keep
triage-pass-2,grimly,keep
triage-pass-2,grooved,keep
triage-pass-2,grosses,keep
triage-pass-2,grownups,keep
triage-pass-2,gutless,keep
triage-pass-2,haywire,keep
triage-pass-2,heredity,keep
triage-pass-2,hibernating,keep
triage-pass-2,hing,ditch
triage-pass-2,hobbyist,keep
triage-pass-2,hocus,ditch
triage-pass-2,hymen,keep
triage-pass-2,ices,keep
triage-pass-2,impairs,keep
triage-pass-2,inaccurately,keep
triage-pass-2,inadequacies,keep
triage-pass-2,inaugurate,keep
triage-pass-2,inching,keep
triage-pass-2,inexorable,keep
triage-pass-2,inferring,keep
triage-pass-2,infinitive,keep
triage-pass-2,ingots,keep
triage-pass-2,inoculated,keep
triage-pass-2,instinctual,keep
triage-pass-2,intangibles,keep
triage-pass-2,intersected,keep
triage-pass-2,irregularity,keep
triage-pass-2,jogged,keep
triage-pass-2,knead,keep
triage-pass-2,landmines,keep
triage-pass-2,leapfrog,keep
triage-pass-2,lemur,keep
triage-pass-2,liken,keep
triage-pass-2,linker,keep
triage-pass-2,loons,keep
triage-pass-2,lovemaking,keep
triage-pass-2,lugging,keep
triage-pass-2,lumens,keep
triage-pass-2,lurked,keep
triage-pass-2,magnetically,keep
triage-pass-2,magnetite,keep
triage-pass-2,maneuvered,keep
triage-pass-2,mappings,keep
triage-pass-2,marauder,keep
triage-pass-2,marksmanship,keep
triage-pass-2,masterfully,keep
triage-pass-2,metastases,keep
triage-pass-2,minimization,keep
triage-pass-2,mitral,keep
triage-pass-2,moribund,keep
triage-pass-2,mulatto,ditch
triage-pass-2,musicianship,keep
triage-pass-2,needlework,keep
triage-pass-2,nematode,keep
triage-pass-2,neurosis,keep
triage-pass-2,newlywed,keep
triage-pass-2,nominative,keep
triage-pass-2,nougat,keep
triage-pass-2,numeracy,keep
triage-pass-2,nuptial,keep
triage-pass-2,obligate,keep
triage-pass-2,obstetric,keep
triage-pass-2,octaves,keep
triage-pass-2,odeon,keep
triage-pass-2,oppressing,keep
triage-pass-2,outerwear,keep
triage-pass-2,outflows,keep
triage-pass-2,overdoing,keep
triage-pass-2,overhauling,keep
triage-pass-2,overwhelms,keep
triage-pass-2,pacification,keep
triage-pass-2,parlay,keep
triage-pass-2,peony,keep
triage-pass-2,perceptible,keep
triage-pass-2,perches,keep
triage-pass-2,perinatal,keep
triage-pass-2,perusing,keep
triage-pass-2,pester,keep
triage-pass-2,phonetics,keep
triage-pass-2,piet,ditch
triage-pass-2,pika,keep
triage-pass-2,plodding,keep
triage-pass-2,pluralistic,keep
triage-pass-2,poetical,keep
triage-pass-2,poltergeist,keep
triage-pass-2,ponders,keep
triage-pass-2,poops,keep
triage-pass-2,pounced,keep
triage-pass-2,printmaking,keep
triage-pass-2,promissory,keep
triage-pass-2,pruned,keep
triage-pass-2,publ,ditch
triage-pass-2,pushers,keep
triage-pass-2,ragtime,keep
triage-pass-2,reassures,keep
triage-pass-2,recliner,keep
triage-pass-2,reconfigure,keep
triage-pass-2,recreations,keep
triage-pass-2,redemptive,keep
triage-pass-2,redevelop,keep
triage-pass-2,redwoods,keep
triage-pass-2,refuelling,keep
triage-pass-2,refurbish,keep
triage-pass-2,remodelling,keep
triage-pass-2,remoteness,keep
triage-pass-2,resonances,keep
triage-pass-2,resonating,keep
triage-pass-2,retold,keep
triage-pass-2,retry,keep
triage-pass-2,rhesus,keep
triage-pass-2,royalists,keep
triage-pass-2,sadism,keep
triage-pass-2,saki,ditch
triage-pass-2,salicylic,keep
triage-pass-2,sanitized,keep
triage-pass-2,saturate,keep
triage-pass-2,scrupulous,keep
triage-pass-2,sealer,keep
triage-pass-2,sectarianism,keep
triage-pass-2,semicircular,keep
triage-pass-2,shortcoming,keep
triage-pass-2,showmanship,keep
triage-pass-2,sifted,keep
triage-pass-2,skydive,keep
triage-pass-2,sleds,keep
triage-pass-2,smock,keep
triage-pass-2,smudged,keep
triage-pass-2,sniffs,keep
triage-pass-2,snuffed,keep
triage-pass-2,solute,keep
triage-pass-2,sombrero,keep
triage-pass-2,southerner,keep
triage-pass-2,southpaw,keep
triage-pass-2,sprayer,keep
triage-pass-2,squirts,keep
triage-pass-2,stags,keep
triage-pass-2,staph,keep
triage-pass-2,starchy,keep
triage-pass-2,statuary,keep
triage-pass-2,stereoscopic,keep
triage-pass-2,stoneware,keep
triage-pass-2,stover,ditch
triage-pass-2,suffused,keep
triage-pass-2,synthesizing,keep
triage-pass-2,systematics,ditch
triage-pass-2,tactician,keep
triage-pass-2,tasers,keep
triage-pass-2,tassels,keep
triage-pass-2,testaments,keep
triage-pass-2,thicknesses,keep
triage-pass-2,thins,keep
triage-pass-2,tidbit,keep
triage-pass-2,torpedoed,keep
triage-pass-2,torturous,keep
triage-pass-2,torus,keep
triage-pass-2,touristy,keep
triage-pass-2,transceiver,keep
triage-pass-2,transcending,keep
triage-pass-2,turntables,keep
triage-pass-2,twitchy,keep
triage-pass-2,ultimo,ditch
triage-pass-2,unassisted,keep
triage-pass-2,undercutting,keep
triage-pass-2,unsatisfying,keep
triage-pass-2,unspoiled,keep
triage-pass-2,verifies,keep
triage-pass-2,vermillion,keep
triage-pass-2,vibrators,keep
triage-pass-2,vitriolic,keep
triage-pass-2,volleys,keep
triage-pass-2,wahoo,keep
triage-pass-2,watercraft,keep
triage-pass-2,waterlogged,keep
triage-pass-2,whacking,keep
triage-pass-2,winemakers,keep
triage-pass-2,wiretaps,keep
triage-pass-2,wisteria,keep
triage-pass-2,wordless,keep
triage-pass-2,abetted,keep
triage-pass-2,abstracting,keep
triage-pass-2,actuated,keep
triage-pass-2,addled,keep
triage-pass-2,aftershave,keep
triage-pass-2,airdrop,keep
triage-pass-2,alarmist,keep
triage-pass-2,ameliorate,keep
triage-pass-2,anemone,keep
triage-pass-2,antifreeze,keep
triage-pass-2,asinine,keep
triage-pass-2,astrologers,keep
triage-pass-2,babysitters,keep
triage-pass-2,backyards,keep
triage-pass-2,bails,keep
triage-pass-2,bankrupted,keep
triage-pass-2,barrios,keep
triage-pass-2,beaut,keep
triage-pass-2,befriending,keep
triage-pass-2,begum,ditch
triage-pass-2,belfry,keep
triage-pass-2,bemused,keep
triage-pass-2,berating,keep
triage-pass-2,bicker,keep
triage-pass-2,bicyclists,keep
triage-pass-2,blitzkrieg,keep
triage-pass-2,bossing,keep
triage-pass-2,bramble,keep
triage-pass-2,burnished,keep
triage-pass-2,bursaries,keep
triage-pass-2,butchery,keep
triage-pass-2,candlesticks,keep
triage-pass-2,carbonyl,ditch
triage-pass-2,cardigans,keep
triage-pass-2,catty,keep
triage-pass-2,cleaved,keep
triage-pass-2,concurrence,keep
triage-pass-2,conscripted,keep
triage-pass-2,cornucopia,keep
triage-pass-2,corvettes,keep
triage-pass-2,covariance,keep
triage-pass-2,creepiest,keep
triage-pass-2,crustacean,keep
triage-pass-2,curia,ditch
triage-pass-2,curtailing,keep
triage-pass-2,cyborgs,keep
triage-pass-2,daffodil,keep
triage-pass-2,dangled,keep
triage-pass-2,debriefing,keep
triage-pass-2,decorators,keep
triage-pass-2,delineate,keep
triage-pass-2,demure,keep
triage-pass-2,depresses,keep
triage-pass-2,descendents,keep
triage-pass-2,detested,keep
triage-pass-2,dethroned,keep
triage-pass-2,disavowed,keep
triage-pass-2,discerned,keep
triage-pass-2,disembarked,keep
triage-pass-2,disinterest,keep
triage-pass-2,dissented,keep
triage-pass-2,dissuaded,keep
triage-pass-2,dogwood,keep
triage-pass-2,domiciled,keep
triage-pass-2,dripped,keep
triage-pass-2,dustbin,keep
triage-pass-2,eliciting,keep
triage-pass-2,elicits,keep
triage-pass-2,embalming,keep
triage-pass-2,encyclopedic,keep
triage-pass-2,epistemic,keep
triage-pass-2,estrangement,keep
triage-pass-2,ethnology,keep
triage-pass-2,evaporating,keep
triage-pass-2,extenuating,keep
triage-pass-2,fallible,keep
triage-pass-2,fandoms,keep
triage-pass-2,filigree,keep
triage-pass-2,firings,keep
triage-pass-2,fissile,keep
triage-pass-2,flaunts,keep
triage-pass-2,forking,keep
triage-pass-2,frigging,keep
triage-pass-2,furtherance,keep
triage-pass-2,futon,keep
triage-pass-2,gangland,keep
triage-pass-2,gating,keep
triage-pass-2,geographer,keep
triage-pass-2,glabrous,ditch
triage-pass-2,gloved,keep
triage-pass-2,gnaw,keep
triage-pass-2,godson,keep
triage-pass-2,gravelly,keep
triage-pass-2,grosser,keep
triage-pass-2,gusting,keep
triage-pass-2,halfpenny,keep
triage-pass-2,harlequins,keep
triage-pass-2,harmoniously,keep
triage-pass-2,headlamps,keep
triage-pass-2,heartening,keep
triage-pass-2,hedged,keep
triage-pass-2,hermetic,keep
triage-pass-2,hessian,ditch
triage-pass-2,hippopotamus,keep
triage-pass-2,homophobe,keep
triage-pass-2,honeybees,keep
triage-pass-2,honorees,keep
triage-pass-2,hoopla,keep
triage-pass-2,hora,ditch
triage-pass-2,humps,keep
triage-pass-2,hurtling,keep
triage-pass-2,ideologues,keep
triage-pass-2,immigrating,keep
triage-pass-2,imperialists,keep
triage-pass-2,imploded,keep
triage-pass-2,incantation,keep
triage-pass-2,infielder,keep
triage-pass-2,inhumanity,keep
triage-pass-2,inoffensive,keep
triage-pass-2,inscrutable,keep
triage-pass-2,intercede,keep
triage-pass-2,internals,keep
triage-pass-2,irrationally,keep
triage-pass-2,joinery,keep
triage-pass-2,kaboom,keep
triage-pass-2,kettles,keep
triage-pass-2,knitwear,keep
triage-pass-2,latching,keep
triage-pass-2,laver,ditch
triage-pass-2,lichens,keep
triage-pass-2,lithograph,keep
triage-pass-2,lockup,keep
triage-pass-2,lope,keep
triage-pass-2,lovebirds,keep
triage-pass-2,lucent,ditch
triage-pass-2,marl,ditch
triage-pass-2,marveled,keep
triage-pass-2,maxillary,ditch
triage-pass-2,meiosis,keep
triage-pass-2,mensch,keep
triage-pass-2,meted,keep
triage-pass-2,misconstrued,keep
triage-pass-2,miser,keep
triage-pass-2,misreading,keep
triage-pass-2,mockup,keep
triage-pass-2,myopia,keep
triage-pass-2,myrrh,keep
triage-pass-2,nakedness,keep
triage-pass-2,negates,keep
triage-pass-2,neurologic,ditch
triage-pass-2,newsreel,keep
triage-pass-2,nitrite,keep
triage-pass-2,nominates,keep
triage-pass-2,obfuscation,keep
triage-pass-2,parsonage,keep
triage-pass-2,pecs,keep
triage-pass-2,pees,keep
triage-pass-2,perforation,keep
triage-pass-2,periodicity,keep
triage-pass-2,personals,keep
triage-pass-2,phenolic,ditch
triage-pass-2,phosphor,keep
triage-pass-2,pigtails,keep
triage-pass-2,pistachios,keep
triage-pass-2,plied,keep
triage-pass-2,poppa,keep
triage-pass-2,porpoise,keep
triage-pass-2,portmanteau,keep
triage-pass-2,postural,keep
triage-pass-2,prednisone,keep
triage-pass-2,professes,keep
triage-pass-2,prototypical,keep
triage-pass-2,puritanical,keep
triage-pass-2,pushups,keep
triage-pass-2,pyrite,keep
triage-pass-2,quadrants,keep
triage-pass-2,quitter,keep
triage-pass-2,rafter,keep
triage-pass-2,raisers,keep
triage-pass-2,rationalist,keep
triage-pass-2,reedy,keep
triage-pass-2,refreshes,keep
triage-pass-2,refurbishing,keep
triage-pass-2,registrants,keep
triage-pass-2,relapsing,keep
triage-pass-2,repudiation,keep
triage-pass-2,reselling,keep
triage-pass-2,retaken,keep
triage-pass-2,retaking,keep
triage-pass-2,rheumatic,keep
triage-pass-2,rinks,keep
triage-pass-2,roadkill,keep
triage-pass-2,rooks,keep
triage-pass-2,rostrum,keep
triage-pass-2,sagebrush,keep
triage-pass-2,sandstones,keep
triage-pass-2,scalloped,keep
triage-pass-2,scalps,keep
triage-pass-2,sealant,keep
triage-pass-2,seeped,keep
triage-pass-2,segue,keep
triage-pass-2,sequin,keep
triage-pass-2,sevenfold,keep
triage-pass-2,shackle,keep
triage-pass-2,shapely,keep
triage-pass-2,shellac,keep
triage-pass-2,shoelaces,keep
triage-pass-2,shutdowns,keep
triage-pass-2,skirted,keep
triage-pass-2,sleepiness,keep
triage-pass-2,slurp,keep
triage-pass-2,soothes,keep
triage-pass-2,soundness,keep
triage-pass-2,spammed,keep
triage-pass-2,spotters,keep
triage-pass-2,springbok,keep
triage-pass-2,springboks,keep
triage-pass-2,squealed,keep
triage-pass-2,starkly,keep
triage-pass-2,stealthily,keep
triage-pass-2,stilted,keep
triage-pass-2,stooped,keep
triage-pass-2,suds,keep
triage-pass-2,sunburst,keep
triage-pass-2,supplant,keep
triage-pass-2,sura,ditch
triage-pass-2,sweatshop,keep
triage-pass-2,synthetics,keep
triage-pass-2,talkies,keep
triage-pass-2,tamales,keep
triage-pass-2,tastefully,keep
triage-pass-2,teetering,keep
triage-pass-2,telegraphed,keep
triage-pass-2,timezone,keep
triage-pass-2,townsfolk,keep
triage-pass-2,treasurers,keep
triage-pass-2,tryst,keep
triage-pass-2,tubal,keep
triage-pass-2,tuft,keep
triage-pass-2,turpentine,keep
triage-pass-2,twang,keep
triage-pass-2,typesetting,keep
triage-pass-2,underpass,keep
triage-pass-2,undeterred,keep
triage-pass-2,unhappily,keep
triage-pass-2,unoriginal,keep
triage-pass-2,unpalatable,keep
triage-pass-2,unwillingly,keep
triage-pass-2,unwrap,keep
triage-pass-2,unzipped,keep
triage-pass-2,upwardly,keep
triage-pass-2,vanadium,keep
triage-pass-2,vernal,keep
triage-pass-2,vibrato,keep
triage-pass-2,viewings,keep
triage-pass-2,walleye,keep
triage-pass-2,westerner,keep
triage-pass-2,whimpering,keep
triage-pass-2,whisker,keep
triage-pass-2,whorl,keep
triage-pass-2,wickedly,keep
triage-pass-2,wordy,keep
triage-pass-2,wove,keep
triage-pass-2,wraparound,keep
triage-pass-2,yesterdays,keep
triage-pass-2,abducting,keep
triage-pass-2,abides,keep
triage-pass-2,aboriginals,keep
triage-pass-2,acrimonious,keep
triage-pass-2,adorning,keep
triage-pass-2,adverb,keep
triage-pass-2,anarchic,keep
triage-pass-2,arras,ditch
triage-pass-2,aurelia,ditch
triage-pass-2,backtracking,keep
triage-pass-2,bandy,keep
triage-pass-2,barnacle,keep
triage-pass-2,barometric,keep
triage-pass-2,beguiling,keep
triage-pass-2,bendy,keep
triage-pass-2,berets,keep
triage-pass-2,blanked,keep
triage-pass-2,breastfed,keep
triage-pass-2,bronzed,keep
triage-pass-2,brunettes,keep
triage-pass-2,bunched,keep
triage-pass-2,bushings,keep
triage-pass-2,calipers,keep
triage-pass-2,cataloguing,keep
triage-pass-2,certifies,keep
triage-pass-2,chaparral,keep
triage-pass-2,chivalrous,keep
triage-pass-2,clasps,keep
triage-pass-2,clouding,keep
triage-pass-2,cobbles,keep
triage-pass-2,cobras,keep
triage-pass-2,combatting,keep
triage-pass-2,confiscating,keep
triage-pass-2,conformal,keep
triage-pass-2,conformist,keep
triage-pass-2,contemptible,keep
triage-pass-2,contorted,keep
triage-pass-2,cower,keep
triage-pass-2,crackpot,keep
triage-pass-2,crewed,keep
triage-pass-2,crusted,keep
triage-pass-2,culvert,keep
triage-pass-2,decibel,keep
triage-pass-2,deregulated,keep
triage-pass-2,dereliction,keep
triage-pass-2,dikes,keep
triage-pass-2,dimer,ditch
triage-pass-2,disables,keep
triage-pass-2,disinfect,keep
triage-pass-2,disregards,keep
triage-pass-2,dissension,keep
triage-pass-2,distributive,keep
triage-pass-2,dotcom,keep
triage-pass-2,dour,keep
triage-pass-2,dozier,keep
triage-pass-2,dragonflies,keep
triage-pass-2,dumpsters,keep
triage-pass-2,earthworms,keep
triage-pass-2,efficacious,keep
triage-pass-2,ejaculate,keep
triage-pass-2,embellish,keep
triage-pass-2,endeared,keep
triage-pass-2,entrails,keep
triage-pass-2,equalling,keep
triage-pass-2,eroticism,keep
triage-pass-2,exacerbating,keep
triage-pass-2,exaggerates,keep
triage-pass-2,exhilaration,keep
triage-pass-2,exon,ditch
triage-pass-2,exotics,keep
triage-pass-2,extensible,keep
triage-pass-2,falsify,keep
triage-pass-2,faulting,keep
triage-pass-2,febrile,keep
triage-pass-2,flail,keep
triage-pass-2,flaked,keep
triage-pass-2,fondling,keep
triage-pass-2,freakish,keep
triage-pass-2,freeform,keep
triage-pass-2,fronds,keep
triage-pass-2,gestured,keep
triage-pass-2,geysers,keep
triage-pass-2,glazer,ditch
triage-pass-2,gossips,keep
triage-pass-2,graphing,keep
triage-pass-2,guardsman,keep
triage-pass-2,gunship,keep
triage-pass-2,guttural,keep
triage-pass-2,gyroscope,keep
triage-pass-2,handedness,keep
triage-pass-2,hangars,keep
triage-pass-2,heartstrings,keep
triage-pass-2,hellcat,keep
triage-pass-2,hellhole,keep
triage-pass-2,hoke,ditch
triage-pass-2,holier,keep
triage-pass-2,hoodoo,keep
triage-pass-2,hygienist,keep
triage-pass-2,hypertext,keep
triage-pass-2,idolized,keep
triage-pass-2,illegible,keep
triage-pass-2,immunities,keep
triage-pass-2,impertinent,keep
triage-pass-2,incised,keep
triage-pass-2,insinuated,keep
triage-pass-2,interbank,keep
triage-pass-2,juggler,keep
triage-pass-2,kabbalah,ditch
triage-pass-2,ladyship,keep
triage-pass-2,languish,keep
triage-pass-2,larch,keep
triage-pass-2,lavished,keep
triage-pass-2,likens,keep
triage-pass-2,limiter,keep
triage-pass-2,limousines,keep
triage-pass-2,linearity,keep
triage-pass-2,looker,keep
triage-pass-2,malady,keep
triage-pass-2,mantua,ditch
triage-pass-2,mastodon,keep
triage-pass-2,meditated,keep
triage-pass-2,meritocracy,keep
triage-pass-2,metformin,ditch
triage-pass-2,midshipmen,keep
triage-pass-2,midsize,keep
triage-pass-2,milks,keep
triage-pass-2,minima,keep
triage-pass-2,miscellany,keep
triage-pass-2,misdiagnosed,keep
triage-pass-2,moderne,ditch
triage-pass-2,multiplies,keep
triage-pass-2,murine,ditch
triage-pass-2,natl,ditch
triage-pass-2,necktie,keep
triage-pass-2,necrotic,keep
triage-pass-2,negating,keep
triage-pass-2,neoprene,keep
triage-pass-2,nightgown,keep
triage-pass-2,nightshade,keep
triage-pass-2,nodal,keep
triage-pass-2,nonzero,keep
triage-pass-2,nosey,keep
triage-pass-2,outlooks,keep
triage-pass-2,outmoded,keep
triage-pass-2,overfishing,keep
triage-pass-2,oxygenated,keep
triage-pass-2,paddled,keep
triage-pass-2,paneled,keep
triage-pass-2,paraplegic,keep
triage-pass-2,passerby,keep
triage-pass-2,pertussis,ditch
triage-pass-2,pettiness,keep
triage-pass-2,peyote,keep
triage-pass-2,physiologist,keep
triage-pass-2,pillowcase,keep
triage-pass-2,plausibility,keep
triage-pass-2,playfulness,keep
triage-pass-2,playroom,keep
triage-pass-2,pleural,ditch
triage-pass-2,predominance,keep
triage-pass-2,prefixed,keep
triage-pass-2,prepayment,keep
triage-pass-2,privatize,keep
triage-pass-2,prolapse,keep
triage-pass-2,pursuers,keep
triage-pass-2,purveyor,keep
triage-pass-2,racehorses,keep
triage-pass-2,radii,keep
triage-pass-2,ravines,keep
triage-pass-2,readying,keep
triage-pass-2,recalcitrant,keep
triage-pass-2,regretful,keep
triage-pass-2,regrouped,keep
triage-pass-2,reminiscence,keep
triage-pass-2,reorganizing,keep
triage-pass-2,repossessed,keep
triage-pass-2,repulse,keep
triage-pass-2,rerouted,keep
triage-pass-2,rigors,keep
triage-pass-2,riptide,keep
triage-pass-2,romancing,keep
triage-pass-2,rungs,keep
triage-pass-2,satanism,keep
triage-pass-2,screensaver,keep
triage-pass-2,selectable,keep
triage-pass-2,semaphore,keep
triage-pass-2,shames,keep
triage-pass-2,shipbuilders,keep
triage-pass-2,shoebox,keep
triage-pass-2,sicko,keep
triage-pass-2,sima,ditch
triage-pass-2,skinheads,keep
triage-pass-2,skinning,keep
triage-pass-2,slighted,keep
triage-pass-2,slumping,keep
triage-pass-2,smithy,keep
triage-pass-2,sneering,keep
triage-pass-2,snooty,keep
triage-pass-2,snotty,keep
triage-pass-2,songbook,keep
triage-pass-2,spake,ditch
triage-pass-2,squatter,keep
triage-pass-2,stabilizes,keep
triage-pass-2,stickler,keep
triage-pass-2,subjunctive,keep
triage-pass-2,subsist,keep
triage-pass-2,subverting,keep
triage-pass-2,sulk,keep
triage-pass-2,sunspot,keep
triage-pass-2,supermodels,keep
triage-pass-2,swathes,keep
triage-pass-2,tali,ditch
triage-pass-2,tedium,keep
triage-pass-2,thousandth,keep
triage-pass-2,timeouts,keep
triage-pass-2,tittle,keep
triage-pass-2,toddy,keep
triage-pass-2,toleration,keep
triage-pass-2,topsoil,keep
triage-pass-2,tradeoffs,keep
triage-pass-2,transposed,keep
triage-pass-2,trawlers,keep
triage-pass-2,trembled,keep
triage-pass-2,triumvirate,keep
triage-pass-2,troubleshoot,keep
triage-pass-2,turds,keep
triage-pass-2,tweeters,keep
triage-pass-2,underwrite,keep
triage-pass-2,undesired,keep
triage-pass-2,unfurled,keep
triage-pass-2,unimpressive,keep
triage-pass-2,uninspiring,keep
triage-pass-2,unraveled,keep
triage-pass-2,unscripted,keep
triage-pass-2,unwrapped,keep
triage-pass-2,veering,keep
triage-pass-2,vellum,keep
triage-pass-2,votive,keep
triage-pass-2,wannabes,keep
triage-pass-2,wetsuit,keep
triage-pass-2,whiskies,keep
triage-pass-2,wilding,keep
triage-pass-2,writs,keep
triage-pass-2,abut,keep
triage-pass-2,adjudicated,keep
triage-pass-2,adulterous,keep
triage-pass-2,aerodrome,keep
triage-pass-2,aftercare,keep
triage-pass-2,alliteration,keep
triage-pass-2,altos,keep
triage-pass-2,ambushes,keep
triage-pass-2,amie,ditch
triage-pass-2,antimony,keep
triage-pass-2,appraise,keep
triage-pass-2,archbishops,keep
triage-pass-2,armature,keep
triage-pass-2,attests,keep
triage-pass-2,axiomatic,keep
triage-pass-2,backlit,keep
triage-pass-2,ballsy,keep
triage-pass-2,barbarous,keep
triage-pass-2,bashful,keep
triage-pass-2,batik,keep
triage-pass-2,battlements,keep
triage-pass-2,beekeeper,keep
triage-pass-2,befell,keep
triage-pass-2,bettered,keep
triage-pass-2,bewitching,keep
triage-pass-2,biographers,keep
triage-pass-2,biomechanics,keep
triage-pass-2,blanch,keep
triage-pass-2,blindside,keep
triage-pass-2,blotting,keep
triage-pass-2,blunted,keep
triage-pass-2,bookmarked,keep
triage-pass-2,borehole,keep
triage-pass-2,bouillon,keep
triage-pass-2,bracts,ditch
triage-pass-2,bubbled,keep
triage-pass-2,buggies,keep
triage-pass-2,cahoots,keep
triage-pass-2,calender,ditch
triage-pass-2,capitulated,keep
triage-pass-2,casein,keep
triage-pass-2,caskets,keep
triage-pass-2,categorizing,keep
triage-pass-2,chiller,keep
triage-pass-2,chlorinated,keep
triage-pass-2,clubbed,keep
triage-pass-2,coachman,keep
triage-pass-2,cocking,keep
triage-pass-2,collides,keep
triage-pass-2,collieries,keep
triage-pass-2,colloquium,keep
triage-pass-2,conger,keep
triage-pass-2,coniferous,keep
triage-pass-2,consciences,keep
triage-pass-2,copulation,keep
triage-pass-2,coronet,keep
triage-pass-2,cortisone,keep
triage-pass-2,councilors,keep
triage-pass-2,cradled,keep
triage-pass-2,craggy,keep
triage-pass-2,creatinine,ditch
triage-pass-2,cripples,keep
triage-pass-2,cronyism,keep
triage-pass-2,cubicles,keep
triage-pass-2,curlers,keep
triage-pass-2,cynically,keep
triage-pass-2,delineation,keep
triage-pass-2,demolitions,keep
triage-pass-2,denture,keep
triage-pass-2,desirous,keep
triage-pass-2,deviating,keep
triage-pass-2,dinars,keep
triage-pass-2,disheveled,keep
triage-pass-2,dispatchers,keep
triage-pass-2,dissipates,keep
triage-pass-2,diverts,keep
triage-pass-2,draftsman,keep
triage-pass-2,dribbles,keep
triage-pass-2,ducklings,keep
triage-pass-2,earthbound,keep
triage-pass-2,eigenvalues,ditch
triage-pass-2,emoticons,keep
triage-pass-2,escapist,keep
triage-pass-2,evert,ditch
triage-pass-2,expletive,keep
triage-pass-2,fain,ditch
triage-pass-2,fashionista,keep
triage-pass-2,faucets,keep
triage-pass-2,ferried,keep
triage-pass-2,ferrying,keep
triage-pass-2,festivity,keep
triage-pass-2,fining,keep
triage-pass-2,flatmate,keep
triage-pass-2,fondest,keep
triage-pass-2,framers,keep
triage-pass-2,freedmen,keep
triage-pass-2,freehand,keep
triage-pass-2,freighters,keep
triage-pass-2,fullbacks,keep
triage-pass-2,fussed,keep
triage-pass-2,gainer,keep
triage-pass-2,gape,keep
triage-pass-2,gigabytes,keep
triage-pass-2,glitters,keep
triage-pass-2,grabber,keep
triage-pass-2,granulated,keep
triage-pass-2,grenadier,keep
triage-pass-2,grouper,keep
triage-pass-2,gyrus,ditch
triage-pass-2,hacksaw,keep
triage-pass-2,halide,ditch
triage-pass-2,handbrake,keep
triage-pass-2,headfirst,keep
triage-pass-2,headquarter,keep
triage-pass-2,heists,keep
triage-pass-2,helpfully,keep
triage-pass-2,herons,keep
triage-pass-2,hillbillies,keep
triage-pass-2,homeroom,keep
triage-pass-2,honeybee,keep
triage-pass-2,hosp,ditch
triage-pass-2,hounding,keep
triage-pass-2,hovercraft,keep
triage-pass-2,huffing,keep
triage-pass-2,hunks,keep
triage-pass-2,immersing,keep
triage-pass-2,impresario,keep
triage-pass-2,imps,keep
triage-pass-2,incineration,keep
triage-pass-2,incipient,keep
triage-pass-2,infest,keep
triage-pass-2,inhales,keep
triage-pass-2,innards,keep
triage-pass-2,interfacing,keep
triage-pass-2,internalize,keep
triage-pass-2,intimated,keep
triage-pass-2,intranet,keep
triage-pass-2,irises,keep
triage-pass-2,isolationism,keep
triage-pass-2,jailing,keep
triage-pass-2,jettison,keep
triage-pass-2,kola,keep
triage-pass-2,ladybird,keep
triage-pass-2,landmass,keep
triage-pass-2,languid,keep
triage-pass-2,leotard,keep
triage-pass-2,lidocaine,keep
triage-pass-2,loveliness,keep
triage-pass-2,luminance,keep
triage-pass-2,magnates,keep
triage-pass-2,marauding,keep
triage-pass-2,masterminded,keep
triage-pass-2,masterminds,keep
triage-pass-2,medalists,keep
triage-pass-2,meowing,keep
triage-pass-2,metalworking,keep
triage-pass-2,miler,keep
triage-pass-2,misspelling,keep
triage-pass-2,mollusks,keep
triage-pass-2,mommies,keep
triage-pass-2,mooted,keep
triage-pass-2,motherboards,keep
triage-pass-2,muggle,keep
triage-pass-2,multilevel,keep
triage-pass-2,murmured,keep
triage-pass-2,musculature,keep
triage-pass-2,needful,keep
triage-pass-2,noggin,keep
triage-pass-2,nuptials,keep
triage-pass-2,odes,keep
triage-pass-2,opportunism,keep
triage-pass-2,ourself,ditch
triage-pass-2,paring,keep
triage-pass-2,persimmon,keep
triage-pass-2,persuades,keep
triage-pass-2,pestle,keep
triage-pass-2,photometric,ditch
triage-pass-2,pidgin,keep
triage-pass-2,pinker,keep
triage-pass-2,plover,keep
triage-pass-2,policed,keep
triage-pass-2,policewoman,keep
triage-pass-2,polluters,keep
triage-pass-2,polygonal,keep
triage-pass-2,postdoc,keep
triage-pass-2,postulates,keep
triage-pass-2,potluck,keep
triage-pass-2,powerhouses,keep
triage-pass-2,precariously,keep
triage-pass-2,prepositions,keep
triage-pass-2,pricked,keep
triage-pass-2,privateer,keep
triage-pass-2,procreate,keep
triage-pass-2,prowler,keep
triage-pass-2,psychotropic,keep
triage-pass-2,publicizing,keep
triage-pass-2,quantization,keep
triage-pass-2,rabbinical,keep
triage-pass-2,raga,keep
triage-pass-2,raggedy,keep
triage-pass-2,rawhide,keep
triage-pass-2,reacher,ditch
triage-pass-2,reassemble,keep
triage-pass-2,reconvene,keep
triage-pass-2,recuse,keep
triage-pass-2,redoing,keep
triage-pass-2,regrouping,keep
triage-pass-2,reinstalled,keep
triage-pass-2,repressing,keep
triage-pass-2,rhetorically,keep
triage-pass-2,rhymed,keep
triage-pass-2,ribosomal,keep
triage-pass-2,roping,keep
triage-pass-2,rummage,keep
triage-pass-2,salivating,keep
triage-pass-2,saplings,keep
triage-pass-2,sarge,keep
triage-pass-2,seafarers,keep
triage-pass-2,seaplane,keep
triage-pass-2,seashells,keep
triage-pass-2,selflessly,keep
triage-pass-2,sequester,keep
triage-pass-2,sidecar,keep
triage-pass-2,simulcast,keep
triage-pass-2,sittings,keep
triage-pass-2,snafu,keep
triage-pass-2,snuggles,keep
triage-pass-2,snugly,keep
triage-pass-2,solemnity,keep
triage-pass-2,spurts,keep
triage-pass-2,squabbles,keep
triage-pass-2,squished,keep
triage-pass-2,stoking,keep
triage-pass-2,studious,keep
triage-pass-2,stymied,keep
triage-pass-2,styrene,keep
triage-pass-2,surah,ditch
triage-pass-2,systemically,keep
triage-pass-2,tadpoles,keep
triage-pass-2,taupe,keep
triage-pass-2,testy,keep
triage-pass-2,theorize,keep
triage-pass-2,thereupon,keep
triage-pass-2,thermometers,keep
triage-pass-2,thermostats,keep
triage-pass-2,thievery,keep
triage-pass-2,threesomes,keep
triage-pass-2,tiffin,ditch
triage-pass-2,timepiece,keep
triage-pass-2,tourmaline,keep
triage-pass-2,tourniquet,keep
triage-pass-2,transpose,keep
triage-pass-2,tresses,keep
triage-pass-2,trios,keep
triage-pass-2,trod,keep
triage-pass-2,troubadour,keep
triage-pass-2,tumbleweed,keep
triage-pass-2,turnkey,keep
triage-pass-2,twerk,keep
triage-pass-2,unabashedly,keep
triage-pass-2,unanimity,keep
triage-pass-2,unassailable,keep
triage-pass-2,unbounded,keep
triage-pass-2,uncredited,keep
triage-pass-2,unhindered,keep
triage-pass-2,unquestioned,keep
triage-pass-2,unreserved,keep
triage-pass-2,untangle,keep
triage-pass-2,usury,keep
triage-pass-2,vacuous,keep
triage-pass-2,veers,keep
triage-pass-2,vestige,keep
triage-pass-2,vibrancy,keep
triage-pass-2,vindicate,keep
triage-pass-2,waveforms,keep
triage-pass-2,weds,keep
triage-pass-2,wharves,keep
triage-pass-2,winnable,keep
triage-pass-2,worldviews,keep
triage-pass-2,acolytes,keep
triage-pass-2,alchemists,keep
triage-pass-2,alternation,keep
triage-pass-2,anachronism,keep
triage-pass-2,apostates,keep
triage-pass-2,appel,ditch
triage-pass-2,arthropods,keep
triage-pass-2,ataxia,ditch
triage-pass-2,auctioning,keep
triage-pass-2,augments,keep
triage-pass-2,awesomely,keep
triage-pass-2,baggies,keep
triage-pass-2,balked,keep
triage-pass-2,ballpoint,keep
triage-pass-2,bassoon,keep
triage-pass-2,beefed,keep
triage-pass-2,bellowing,keep
triage-pass-2,betel,keep
triage-pass-2,bhakti,ditch
triage-pass-2,billowing,keep
triage-pass-2,biotin,keep
triage-pass-2,blubber,keep
triage-pass-2,bluebell,keep
triage-pass-2,blunts,keep
triage-pass-2,boaters,keep
triage-pass-2,boldest,keep
triage-pass-2,borer,keep
triage-pass-2,brazier,keep
triage-pass-2,brownfield,keep
triage-pass-2,busing,keep
triage-pass-2,cameramen,keep
triage-pass-2,cantaloupe,keep
triage-pass-2,caries,ditch
triage-pass-2,charlatans,keep
triage-pass-2,chastise,keep
triage-pass-2,circumvented,keep
triage-pass-2,coffeehouse,keep
triage-pass-2,coincident,keep
triage-pass-2,colonist,keep
triage-pass-2,competences,keep
triage-pass-2,concurring,keep
triage-pass-2,confusingly,keep
triage-pass-2,conjectures,keep
triage-pass-2,cornfield,keep
triage-pass-2,costed,keep
triage-pass-2,cropper,keep
triage-pass-2,crowing,keep
triage-pass-2,crushers,keep
triage-pass-2,cubed,keep
triage-pass-2,cuddy,ditch
triage-pass-2,culpa,ditch
triage-pass-2,cuneiform,keep
triage-pass-2,cuttlefish,keep
triage-pass-2,decanter,keep
triage-pass-2,decimals,keep
triage-pass-2,deconstruct,keep
triage-pass-2,defame,keep
triage-pass-2,deliberative,keep
triage-pass-2,discursive,keep
triage-pass-2,displaces,keep
triage-pass-2,disrepute,keep
triage-pass-2,divan,keep
triage-pass-2,doggies,keep
triage-pass-2,doss,ditch
triage-pass-2,drifters,keep
triage-pass-2,droning,keep
triage-pass-2,earthlings,keep
triage-pass-2,econometric,keep
triage-pass-2,econometrics,keep
triage-pass-2,ejecting,keep
triage-pass-2,eludes,keep
triage-pass-2,ephemera,keep
triage-pass-2,escapees,keep
triage-pass-2,eukaryotes,keep
triage-pass-2,explainer,keep
triage-pass-2,extractions,keep
triage-pass-2,fabrications,keep
triage-pass-2,fairways,keep
triage-pass-2,fasts,keep
triage-pass-2,fatigues,keep
triage-pass-2,feverishly,keep
triage-pass-2,finches,keep
triage-pass-2,flaking,keep
triage-pass-2,flanges,keep
triage-pass-2,flecks,keep
triage-pass-2,flexor,keep
triage-pass-2,fritters,keep
triage-pass-2,funerary,keep
triage-pass-2,furies,keep
triage-pass-2,fusions,keep
triage-pass-2,gauche,keep
triage-pass-2,gelatinous,keep
triage-pass-2,gnocchi,keep
triage-pass-2,gobsmacked,keep
triage-pass-2,godliness,keep
triage-pass-2,googles,keep
triage-pass-2,gooseberry,keep
triage-pass-2,grappled,keep
triage-pass-2,gripes,keep
triage-pass-2,gunships,keep
triage-pass-2,halving,keep
triage-pass-2,handlebar,keep
triage-pass-2,handoff,keep
triage-pass-2,harvesters,keep
triage-pass-2,hassles,keep
triage-pass-2,headlamp,keep
triage-pass-2,hillier,keep
triage-pass-2,hosed,keep
triage-pass-2,hydrostatic,keep
triage-pass-2,hypersonic,keep
triage-pass-2,imploring,keep
triage-pass-2,incisors,keep
triage-pass-2,incredulity,keep
triage-pass-2,inducement,keep
triage-pass-2,infomercial,keep
triage-pass-2,insurances,keep
triage-pass-2,joyride,keep
triage-pass-2,jubilation,keep
triage-pass-2,keying,keep
triage-pass-2,kirkman,ditch
triage-pass-2,landless,keep
triage-pass-2,larder,keep
triage-pass-2,lasagne,keep
triage-pass-2,letterbox,keep
triage-pass-2,liana,keep
triage-pass-2,listless,keep
triage-pass-2,localize,keep
triage-pass-2,logger,keep
triage-pass-2,macadamia,keep
triage-pass-2,malignancies,keep
triage-pass-2,manifestos,keep
triage-pass-2,manliness,keep
triage-pass-2,marinara,keep
triage-pass-2,marmite,keep
triage-pass-2,meekly,keep
triage-pass-2,methionine,ditch
triage-pass-2,metros,keep
triage-pass-2,midwinter,keep
triage-pass-2,milkman,keep
triage-pass-2,minutemen,keep
triage-pass-2,misbehavior,keep
triage-pass-2,miscarried,keep
triage-pass-2,monteith,ditch
triage-pass-2,mouton,ditch
triage-pass-2,muggy,keep
triage-pass-2,mulled,keep
triage-pass-2,muting,keep
triage-pass-2,mutters,keep
triage-pass-2,niceties,keep
triage-pass-2,nighthawk,keep
triage-pass-2,novellas,keep
triage-pass-2,objector,keep
triage-pass-2,obscenities,keep
triage-pass-2,offensives,keep
triage-pass-2,optometrist,keep
triage-pass-2,orangutans,keep
triage-pass-2,overstepped,keep
triage-pass-2,paladins,keep
triage-pass-2,parodied,keep
triage-pass-2,peeves,keep
triage-pass-2,pelted,keep
triage-pass-2,pervades,keep
triage-pass-2,phobic,keep
triage-pass-2,pierces,keep
triage-pass-2,pillaged,keep
triage-pass-2,pinged,keep
triage-pass-2,pitfall,keep
triage-pass-2,pivoted,keep
triage-pass-2,polenta,keep
triage-pass-2,polygamous,keep
triage-pass-2,preteen,keep
triage-pass-2,prided,keep
triage-pass-2,proliferated,keep
triage-pass-2,propels,keep
triage-pass-2,prosciutto,keep
triage-pass-2,pucks,keep
triage-pass-2,purer,keep
triage-pass-2,purveyors,keep
triage-pass-2,quinine,keep
triage-pass-2,rapt,keep
triage-pass-2,reappointed,keep
triage-pass-2,rearguard,keep
triage-pass-2,rebus,keep
triage-pass-2,refereed,keep
triage-pass-2,refilling,keep
triage-pass-2,regressed,keep
triage-pass-2,revitalizing,keep
triage-pass-2,rhodium,keep
triage-pass-2,ribbing,keep
triage-pass-2,rooming,keep
triage-pass-2,rosin,keep
triage-pass-2,rubella,keep
triage-pass-2,rumbled,keep
triage-pass-2,ruptures,keep
triage-pass-2,scrutinizing,keep
triage-pass-2,seaway,keep
triage-pass-2,sharpener,keep
triage-pass-2,shawls,keep
triage-pass-2,shekels,keep
triage-pass-2,sherif,ditch
triage-pass-2,shorn,keep
triage-pass-2,shortens,keep
triage-pass-2,sideburns,keep
triage-pass-2,simian,keep
triage-pass-2,skinnier,keep
triage-pass-2,slandered,keep
triage-pass-2,slays,keep
triage-pass-2,slither,keep
triage-pass-2,smallish,keep
triage-pass-2,snarled,keep
triage-pass-2,snobbery,keep
triage-pass-2,spacers,keep
triage-pass-2,spiller,keep
triage-pass-2,stabbings,keep
triage-pass-2,stapler,keep
triage-pass-2,starlings,keep
triage-pass-2,sterility,keep
triage-pass-2,stiffened,keep
triage-pass-2,stonework,keep
triage-pass-2,subroutine,keep
triage-pass-2,succubus,keep
triage-pass-2,sweated,keep
triage-pass-2,synch,keep
triage-pass-2,synthesizers,keep
triage-pass-2,teachable,keep
triage-pass-2,techies,keep
triage-pass-2,telephoto,keep
triage-pass-2,teriyaki,keep
triage-pass-2,theistic,keep
triage-pass-2,thimble,keep
triage-pass-2,thorp,ditch
triage-pass-2,tootsie,keep
triage-pass-2,transits,keep
triage-pass-2,treks,keep
triage-pass-2,trespassers,keep
triage-pass-2,trickled,keep
triage-pass-2,triptych,keep
triage-pass-2,tugboat,keep
triage-pass-2,twinge,keep
triage-pass-2,unbelief,keep
triage-pass-2,undid,keep
triage-pass-2,unfocused,keep
triage-pass-2,unimpeded,keep
triage-pass-2,unmotivated,keep
triage-pass-2,unsweetened,keep
triage-pass-2,validly,keep
triage-pass-2,varicose,keep
triage-pass-2,vaunted,keep
triage-pass-2,vestibular,keep
triage-pass-2,vestments,keep
triage-pass-2,vocations,keep
triage-pass-2,weasels,keep
triage-pass-2,webbed,keep
triage-pass-2,webinars,keep
triage-pass-2,ween,ditch
triage-pass-2,whitest,keep
triage-pass-2,whooped,keep
triage-pass-2,wishers,keep
triage-pass-2,wrinkly,keep
triage-pass-2,yarrow,keep
triage-pass-2,yearbooks,keep
triage-pass-2,zirconia,keep
triage-pass-2,actuaries,keep
triage-pass-2,agha,ditch
triage-pass-2,airships,keep
triage-pass-2,antsy,keep
triage-pass-2,apertures,keep
triage-pass-2,apprised,keep
triage-pass-2,assailed,keep
triage-pass-2,astern,keep
triage-pass-2,baloney,keep
triage-pass-2,banister,keep
triage-pass-2,belladonna,keep
triage-pass-2,biochemist,keep
triage-pass-2,bobbin,keep
triage-pass-2,boll,keep
triage-pass-2,bolsters,keep
triage-pass-2,boogeyman,keep
triage-pass-2,bricklayer,keep
triage-pass-2,browsed,keep
triage-pass-2,bruin,keep
triage-pass-2,camellia,keep
triage-pass-2,canonized,keep
triage-pass-2,captivate,keep
triage-pass-2,carling,ditch
triage-pass-2,cashews,keep
triage-pass-2,cavalcade,keep
triage-pass-2,chine,ditch
triage-pass-2,choosy,keep
triage-pass-2,ciphers,keep
triage-pass-2,clostridium,ditch
triage-pass-2,coaxing,keep
triage-pass-2,cockatoo,keep
triage-pass-2,collectables,keep
triage-pass-2,commends,keep
triage-pass-2,compressions,keep
triage-pass-2,concisely,keep
triage-pass-2,consummation,keep
triage-pass-2,convents,keep
triage-pass-2,conveyors,keep
triage-pass-2,coons,ditch
triage-pass-2,copolymer,ditch
triage-pass-2,crags,keep
triage-pass-2,creak,keep
triage-pass-2,creditable,keep
triage-pass-2,curatorial,keep
triage-pass-2,cutesy,keep
triage-pass-2,datum,keep
triage-pass-2,deflector,keep
triage-pass-2,dehumanizing,keep
triage-pass-2,deliberating,keep
triage-pass-2,demonizing,keep
triage-pass-2,digitization,keep
triage-pass-2,disassembly,keep
triage-pass-2,dissonant,keep
triage-pass-2,divulged,keep
triage-pass-2,doting,keep
triage-pass-2,dreamlike,keep
triage-pass-2,dressers,keep
triage-pass-2,drummed,keep
triage-pass-2,dulled,keep
triage-pass-2,earthenware,keep
triage-pass-2,eloped,keep
triage-pass-2,emanates,keep
triage-pass-2,escapade,keep
triage-pass-2,expending,keep
triage-pass-2,expounded,keep
triage-pass-2,extinctions,keep
triage-pass-2,exude,keep
triage-pass-2,facepalm,keep
triage-pass-2,factorial,keep
triage-pass-2,feint,keep
triage-pass-2,fireballs,keep
triage-pass-2,firebrand,keep
triage-pass-2,flinched,keep
triage-pass-2,fondle,keep
triage-pass-2,foothill,keep
triage-pass-2,frosts,keep
triage-pass-2,frugality,keep
triage-pass-2,funneling,keep
triage-pass-2,furor,keep
triage-pass-2,galling,keep
triage-pass-2,gargoyles,keep
triage-pass-2,ghosting,keep
triage-pass-2,glum,keep
triage-pass-2,gobbling,keep
triage-pass-2,gouged,keep
triage-pass-2,gravitated,keep
triage-pass-2,griddle,keep
triage-pass-2,groundless,keep
triage-pass-2,gunboats,keep
triage-pass-2,gurgling,keep
triage-pass-2,headboard,keep
triage-pass-2,herculean,keep
triage-pass-2,hereunder,keep
triage-pass-2,heuristics,keep
triage-pass-2,hydride,ditch
triage-pass-2,hypotension,keep
triage-pass-2,illus,ditch
triage-pass-2,imploding,keep
triage-pass-2,incubus,keep
triage-pass-2,incurs,keep
triage-pass-2,inductees,keep
triage-pass-2,inflicts,keep
triage-pass-2,interlaced,keep
triage-pass-2,invalidating,keep
triage-pass-2,irresistibly,keep
triage-pass-2,jilted,keep
triage-pass-2,journeying,keep
triage-pass-2,jousting,keep
triage-pass-2,juicer,keep
triage-pass-2,karst,ditch
triage-pass-2,keyboardist,keep
triage-pass-2,languished,keep
triage-pass-2,legate,keep
triage-pass-2,lethality,keep
triage-pass-2,levitate,keep
triage-pass-2,levitation,keep
triage-pass-2,lifters,keep
triage-pass-2,liquidator,keep
triage-pass-2,logarithm,keep
triage-pass-2,maladies,keep
triage-pass-2,mandibular,keep
triage-pass-2,masochistic,keep
triage-pass-2,midsection,keep
triage-pass-2,mightier,keep
triage-pass-2,mongo,ditch
triage-pass-2,monomers,keep
triage-pass-2,montes,ditch
triage-pass-2,mustaches,keep
triage-pass-2,nameplate,keep
triage-pass-2,neoplasms,ditch
triage-pass-2,newscaster,keep
triage-pass-2,newsprint,keep
triage-pass-2,noblest,keep
triage-pass-2,ominously,keep
triage-pass-2,optioned,keep
triage-pass-2,ornithology,keep
triage-pass-2,orthodontist,keep
triage-pass-2,overcharged,keep
triage-pass-2,overgrowth,keep
triage-pass-2,overshoot,keep
triage-pass-2,panelling,keep
triage-pass-2,papillon,keep
triage-pass-2,pastiche,keep
triage-pass-2,pecker,keep
triage-pass-2,peritoneal,ditch
triage-pass-2,persevering,keep
triage-pass-2,phallus,keep
triage-pass-2,phonemes,keep
triage-pass-2,phosphates,keep
triage-pass-2,pleasantries,keep
triage-pass-2,pollinated,keep
triage-pass-2,predilection,keep
triage-pass-2,prion,keep
triage-pass-2,profs,keep
triage-pass-2,profusion,keep
triage-pass-2,progenitors,keep
triage-pass-2,pseudonyms,keep
triage-pass-2,pucker,keep
triage-pass-2,pullback,keep
triage-pass-2,punted,keep
triage-pass-2,ratatouille,keep
triage-pass-2,relent,keep
triage-pass-2,retest,keep
triage-pass-2,retrain,keep
triage-pass-2,retrofitted,keep
triage-pass-2,rhododendron,keep
triage-pass-2,rifleman,keep
triage-pass-2,roams,keep
triage-pass-2,roughed,keep
triage-pass-2,roughest,keep
triage-pass-2,rumbles,keep
triage-pass-2,ruthlessness,keep
triage-pass-2,sacral,ditch
triage-pass-2,sawmills,keep
triage-pass-2,scrawled,keep
triage-pass-2,scuffed,keep
triage-pass-2,secondaries,keep
triage-pass-2,sheathed,keep
triage-pass-2,shipman,ditch
triage-pass-2,shortbread,keep
triage-pass-2,shtick,keep
triage-pass-2,sidings,keep
triage-pass-2,sinuous,keep
triage-pass-2,sires,keep
triage-pass-2,sirloin,keep
triage-pass-2,skimp,keep
triage-pass-2,skunks,keep
triage-pass-2,slayed,keep
triage-pass-2,slicer,keep
triage-pass-2,slipstream,keep
triage-pass-2,slumps,keep
triage-pass-2,smit,ditch
triage-pass-2,snobby,keep
triage-pass-2,snowboarder,keep
triage-pass-2,sonics,keep
triage-pass-2,spaceport,keep
triage-pass-2,spayed,keep
triage-pass-2,speedboat,keep
triage-pass-2,spouts,keep
triage-pass-2,sprees,keep
triage-pass-2,spry,keep
triage-pass-2,spurring,keep
triage-pass-2,stalwarts,keep
triage-pass-2,stealer,keep
triage-pass-2,stringy,keep
triage-pass-2,subsonic,keep
triage-pass-2,substations,keep
triage-pass-2,summery,keep
triage-pass-2,survivalist,keep
triage-pass-2,syrups,keep
triage-pass-2,tableware,keep
triage-pass-2,talc,keep
triage-pass-2,tapeworm,keep
triage-pass-2,telnet,ditch
triage-pass-2,tempering,keep
triage-pass-2,terminations,keep
triage-pass-2,ternary,keep
triage-pass-2,therewith,keep
triage-pass-2,thither,keep
triage-pass-2,tinfoil,keep
triage-pass-2,titania,ditch
triage-pass-2,tomorrows,keep
triage-pass-2,transfixed,keep
triage-pass-2,trended,keep
triage-pass-2,troika,keep
triage-pass-2,tunnelling,keep
triage-pass-2,turners,keep
triage-pass-2,turnoff,keep
triage-pass-2,uncouth,keep
triage-pass-2,unexploded,keep
triage-pass-2,unhurt,keep
triage-pass-2,unleaded,keep
triage-pass-2,unrivaled,keep
triage-pass-2,unsalted,keep
triage-pass-2,unsullied,keep
triage-pass-2,unwed,keep
triage-pass-2,urologist,keep
triage-pass-2,utensil,keep
triage-pass-2,vacuums,keep
triage-pass-2,vanities,keep
triage-pass-2,vaporizer,keep
triage-pass-2,venereal,keep
triage-pass-2,vesting,keep
triage-pass-2,virile,keep
triage-pass-2,washout,keep
triage-pass-2,wattle,keep
triage-pass-2,whither,keep
triage-pass-2,wildebeest,keep
triage-pass-2,wintertime,keep
triage-pass-2,woodcut,keep
triage-pass-2,wooed,keep
triage-pass-2,abstention,keep
triage-pass-2,accusative,keep
triage-pass-2,acquaint,keep
triage-pass-2,acrobats,keep
triage-pass-2,admonition,keep
triage-pass-2,alanine,ditch
triage-pass-2,amputations,keep
triage-pass-2,anaemia,keep
triage-pass-2,analyzers,keep
triage-pass-2,angiography,ditch
triage-pass-2,antifungal,keep
triage-pass-2,appeasing,keep
triage-pass-2,aquamarine,keep
triage-pass-2,arbitrators,keep
triage-pass-2,astringent,keep
triage-pass-2,athenaeum,ditch
triage-pass-2,atropine,keep
triage-pass-2,attentively,keep
triage-pass-2,backdrops,keep
triage-pass-2,balaclava,keep
triage-pass-2,bandicoot,keep
triage-pass-2,bangle,keep
triage-pass-2,banishing,keep
triage-pass-2,beadle,ditch
triage-pass-2,beautify,keep
triage-pass-2,beckoned,keep
triage-pass-2,befriends,keep
triage-pass-2,beheld,keep
triage-pass-2,belies,keep
triage-pass-2,bluebirds,keep
triage-pass-2,bodhisattva,keep
triage-pass-2,boilerplate,keep
triage-pass-2,breakneck,keep
triage-pass-2,bringer,keep
triage-pass-2,broadens,keep
triage-pass-2,bulkheads,keep
triage-pass-2,caressed,keep
triage-pass-2,carnivals,keep
triage-pass-2,caseload,keep
triage-pass-2,cassia,ditch
triage-pass-2,catapults,keep
triage-pass-2,chattel,keep
triage-pass-2,chorale,keep
triage-pass-2,clavicle,keep
triage-pass-2,coalesced,keep
triage-pass-2,coburg,ditch
triage-pass-2,colliers,keep
triage-pass-2,commutative,keep
triage-pass-2,compaction,keep
triage-pass-2,composes,keep
triage-pass-2,computes,keep
triage-pass-2,conformance,keep
triage-pass-2,constraining,keep
triage-pass-2,copywriter,keep
triage-pass-2,cosine,keep
triage-pass-2,cosmonaut,keep
triage-pass-2,countable,keep
triage-pass-2,couplet,keep
triage-pass-2,creationists,keep
triage-pass-2,cricketing,keep
triage-pass-2,criminalized,keep
triage-pass-2,curler,keep
triage-pass-2,currant,keep
triage-pass-2,cutaway,keep
triage-pass-2,deducting,keep
triage-pass-2,defecation,keep
triage-pass-2,deprives,keep
triage-pass-2,desorption,ditch
triage-pass-2,disbelieve,keep
triage-pass-2,dispenses,keep
triage-pass-2,dissipating,keep
triage-pass-2,dividers,keep
triage-pass-2,droop,keep
triage-pass-2,duce,ditch
triage-pass-2,duplicity,keep
triage-pass-2,effervescent,keep
triage-pass-2,emanate,keep
triage-pass-2,enactments,keep
triage-pass-2,encapsulate,keep
triage-pass-2,entryway,keep
triage-pass-2,escalade,ditch
triage-pass-2,espousing,keep
triage-pass-2,excerpted,keep
triage-pass-2,facetious,keep
triage-pass-2,fascinate,keep
triage-pass-2,fielders,keep
triage-pass-2,fluxes,keep
triage-pass-2,follicular,keep
triage-pass-2,footloose,keep
triage-pass-2,foreclose,keep
triage-pass-2,forecourt,keep
triage-pass-2,forewarned,keep
triage-pass-2,forger,keep
triage-pass-2,foundered,keep
triage-pass-2,frankness,keep
triage-pass-2,freshener,keep
triage-pass-2,frilly,keep
triage-pass-2,fusiliers,keep
triage-pass-2,gammon,keep
triage-pass-2,gangway,keep
triage-pass-2,generality,keep
triage-pass-2,globalists,keep
triage-pass-2,gobbled,keep
triage-pass-2,goring,keep
triage-pass-2,grater,keep
triage-pass-2,gruelling,keep
triage-pass-2,guises,keep
triage-pass-2,gushed,keep
triage-pass-2,hankering,keep
triage-pass-2,helmsman,keep
triage-pass-2,hitchhiker,keep
triage-pass-2,homophobes,keep
triage-pass-2,hosiery,keep
triage-pass-2,housemaid,keep
triage-pass-2,howler,keep
triage-pass-2,hubbub,keep
triage-pass-2,humorously,keep
triage-pass-2,hydrogenated,keep
triage-pass-2,hydrophilic,keep
triage-pass-2,imitators,keep
triage-pass-2,incorrigible,keep
triage-pass-2,insertions,keep
triage-pass-2,insinuation,keep
triage-pass-2,insulators,keep
triage-pass-2,insures,keep
triage-pass-2,interceptors,keep
triage-pass-2,interchanges,keep
triage-pass-2,irreversibly,keep
triage-pass-2,iterate,keep
triage-pass-2,keeled,keep
triage-pass-2,knotty,keep
triage-pass-2,lamas,keep
triage-pass-2,landlines,keep
triage-pass-2,latrine,keep
triage-pass-2,latrines,keep
triage-pass-2,leasehold,keep
triage-pass-2,lech,keep
triage-pass-2,legwork,keep
triage-pass-2,liaise,keep
triage-pass-2,libertine,keep
triage-pass-2,ligation,keep
triage-pass-2,lightyear,keep
triage-pass-2,lockouts,keep
triage-pass-2,luminescence,keep
triage-pass-2,lune,keep
triage-pass-2,masturbates,keep
triage-pass-2,merriment,keep
triage-pass-2,misbehave,keep
triage-pass-2,mishandled,keep
triage-pass-2,misshapen,keep
triage-pass-2,moccasins,keep
triage-pass-2,moisturize,keep
triage-pass-2,monotheistic,keep
triage-pass-2,mops,keep
triage-pass-2,muggles,keep
triage-pass-2,myelin,keep
triage-pass-2,neocon,keep
triage-pass-2,neocons,keep
triage-pass-2,newsstands,keep
triage-pass-2,niacin,keep
triage-pass-2,noma,ditch
triage-pass-2,nonhuman,keep
triage-pass-2,nosebleed,keep
triage-pass-2,nought,keep
triage-pass-2,offal,keep
triage-pass-2,offsite,keep
triage-pass-2,oratorio,keep
triage-pass-2,outshine,keep
triage-pass-2,paddocks,keep
triage-pass-2,palisade,keep
triage-pass-2,paratrooper,keep
triage-pass-2,patrimony,keep
triage-pass-2,perchance,keep
triage-pass-2,phonetically,keep
triage-pass-2,phosphorous,keep
triage-pass-2,pitied,keep
triage-pass-2,plaything,keep
triage-pass-2,pocketing,keep
triage-pass-2,podiums,keep
triage-pass-2,pontificate,keep
triage-pass-2,precast,keep
triage-pass-2,prefaced,keep
triage-pass-2,provocations,keep
triage-pass-2,publican,keep
triage-pass-2,pulverized,keep
triage-pass-2,pumice,keep
triage-pass-2,pupa,keep
triage-pass-2,rancor,keep
triage-pass-2,rationalized,keep
triage-pass-2,reactivation,keep
triage-pass-2,realists,keep
triage-pass-2,reassert,keep
triage-pass-2,reboots,keep
triage-pass-2,recline,keep
triage-pass-2,rectifier,keep
triage-pass-2,rediscovery,keep
triage-pass-2,rehash,keep
triage-pass-2,rejuvenating,keep
triage-pass-2,replenishing,keep
triage-pass-2,residuals,keep
triage-pass-2,reticulum,ditch
triage-pass-2,retook,keep
triage-pass-2,righting,keep
triage-pass-2,riotous,keep
triage-pass-2,roasters,keep
triage-pass-2,rocketed,keep
triage-pass-2,sabra,ditch
triage-pass-2,sambo,ditch
triage-pass-2,sangria,keep
triage-pass-2,scavenge,keep
triage-pass-2,scowl,keep
triage-pass-2,scribbles,keep
triage-pass-2,senescence,keep
triage-pass-2,separable,keep
triage-pass-2,sheared,keep
triage-pass-2,shied,keep
triage-pass-2,shortwave,keep
triage-pass-2,shrubbery,keep
triage-pass-2,skidded,keep
triage-pass-2,snorts,keep
triage-pass-2,softener,keep
triage-pass-2,solidifies,keep
triage-pass-2,sooty,keep
triage-pass-2,spillover,keep
triage-pass-2,spunky,keep
triage-pass-2,squatted,keep
triage-pass-2,statically,keep
triage-pass-2,stingrays,keep
triage-pass-2,stowaway,keep
triage-pass-2,stretchers,keep
triage-pass-2,strictures,keep
triage-pass-2,sublimation,keep
triage-pass-2,suboptimal,keep
triage-pass-2,swaraj,ditch
triage-pass-2,sweepers,keep
triage-pass-2,switcher,keep
triage-pass-2,tacking,keep
triage-pass-2,tadpole,keep
triage-pass-2,tarred,keep
triage-pass-2,terns,keep
triage-pass-2,terr,ditch
triage-pass-2,travail,keep
triage-pass-2,trophic,ditch
triage-pass-2,tsarist,keep
triage-pass-2,unbuttoned,keep
triage-pass-2,underlings,keep
triage-pass-2,uneasiness,keep
triage-pass-2,unfailing,keep
triage-pass-2,unfavorably,keep
triage-pass-2,unknowing,keep
triage-pass-2,unnerved,keep
triage-pass-2,untie,keep
triage-pass-2,untouchables,keep
triage-pass-2,veneers,keep
triage-pass-2,venter,ditch
triage-pass-2,ventilators,keep
triage-pass-2,vetoes,keep
triage-pass-2,walkabout,keep
triage-pass-2,weaved,keep
triage-pass-2,westwards,keep
triage-pass-2,windowsill,keep
triage-pass-2,wining,keep
triage-pass-2,wiry,keep
triage-pass-2,wobbles,keep
triage-pass-2,womanly,keep
triage-pass-2,wrestles,keep
triage-pass-2,zealot,keep
triage-pass-2,zoologist,keep
triage-pass-2,abattoir,keep
triage-pass-2,abbess,keep
triage-pass-2,accede,keep
triage-pass-2,accrual,keep
triage-pass-2,achiever,keep
triage-pass-2,actuary,keep
triage-pass-2,adagio,keep
triage-pass-2,aircrew,keep
triage-pass-2,airmail,keep
triage-pass-2,alchemical,keep
triage-pass-2,alexia,ditch
triage-pass-2,amputees,keep
triage-pass-2,anatomic,keep
triage-pass-2,angering,keep
triage-pass-2,angiogenesis,ditch
triage-pass-2,annunciation,keep
triage-pass-2,archon,ditch
triage-pass-2,articular,ditch
triage-pass-2,asylums,keep
triage-pass-2,avarice,keep
triage-pass-2,averting,keep
triage-pass-2,bares,keep
triage-pass-2,barged,keep
triage-pass-2,barony,keep
triage-pass-2,barret,ditch
triage-pass-2,bashes,keep
triage-pass-2,biding,keep
triage-pass-2,boastful,keep
triage-pass-2,boatman,keep
triage-pass-2,bogeyman,keep
triage-pass-2,boney,keep
triage-pass-2,boning,keep
triage-pass-2,bonito,keep
triage-pass-2,botnet,keep
triage-pass-2,bracketed,keep
triage-pass-2,braiding,keep
triage-pass-2,brokerages,keep
triage-pass-2,bucked,keep
triage-pass-2,bulking,keep
triage-pass-2,buttercream,keep
triage-pass-2,butyl,ditch
triage-pass-2,canonization,keep
triage-pass-2,capitulate,keep
triage-pass-2,caramelized,keep
triage-pass-2,cashless,keep
triage-pass-2,chars,keep
triage-pass-2,chickpea,keep
triage-pass-2,concordance,keep
triage-pass-2,coot,keep
triage-pass-2,cornstarch,keep
triage-pass-2,dairies,keep
triage-pass-2,dammed,keep
triage-pass-2,decimate,keep
triage-pass-2,decrying,keep
triage-pass-2,deform,keep
triage-pass-2,defrost,keep
triage-pass-2,dele,ditch
triage-pass-2,delegating,keep
triage-pass-2,deltas,keep
triage-pass-2,detentions,keep
triage-pass-2,dewan,ditch
triage-pass-2,disbarred,keep
triage-pass-2,disbursed,keep
triage-pass-2,discipleship,keep
triage-pass-2,disquiet,keep
triage-pass-2,doberman,keep
triage-pass-2,domesday,ditch
triage-pass-2,doodling,keep
triage-pass-2,dotty,keep
triage-pass-2,downbeat,keep
triage-pass-2,drillers,keep
triage-pass-2,droit,ditch
triage-pass-2,droopy,keep
triage-pass-2,dunce,keep
triage-pass-2,effigies,keep
triage-pass-2,elope,keep
triage-pass-2,elucidated,keep
triage-pass-2,encamped,keep
triage-pass-2,encampments,keep
triage-pass-2,encloses,keep
triage-pass-2,endearment,keep
triage-pass-2,enhancers,keep
triage-pass-2,enthroned,keep
triage-pass-2,errata,keep
triage-pass-2,ewes,keep
triage-pass-2,exacerbates,keep
triage-pass-2,expository,keep
triage-pass-2,fatten,keep
triage-pass-2,footman,keep
triage-pass-2,fulfils,keep
triage-pass-2,furthers,keep
triage-pass-2,geomagnetic,keep
triage-pass-2,gerontology,keep
triage-pass-2,getup,keep
triage-pass-2,glaciation,keep
triage-pass-2,glutamine,keep
triage-pass-2,goofball,keep
triage-pass-2,gracing,keep
triage-pass-2,gravest,keep
triage-pass-2,hairstylist,keep
triage-pass-2,hardiness,keep
triage-pass-2,harping,keep
triage-pass-2,harpy,keep
triage-pass-2,havelock,ditch
triage-pass-2,heckling,keep
triage-pass-2,helipad,keep
triage-pass-2,hemorrhaging,keep
triage-pass-2,herrings,keep
triage-pass-2,hight,ditch
triage-pass-2,hissed,keep
triage-pass-2,hoarded,keep
triage-pass-2,horseracing,keep
triage-pass-2,hulking,keep
triage-pass-2,humanoids,keep
triage-pass-2,hypnotist,keep
triage-pass-2,imbeciles,keep
triage-pass-2,incites,keep
triage-pass-2,infamously,keep
triage-pass-2,infringes,keep
triage-pass-2,infusing,keep
triage-pass-2,inverting,keep
triage-pass-2,irreparably,keep
triage-pass-2,isotropic,ditch
triage-pass-2,itches,keep
triage-pass-2,jaunty,keep
triage-pass-2,jughead,ditch
triage-pass-2,knave,keep
triage-pass-2,kneecap,keep
triage-pass-2,lactating,keep
triage-pass-2,lakefront,keep
triage-pass-2,laminar,keep
triage-pass-2,lauds,keep
triage-pass-2,lemmings,keep
triage-pass-2,lenten,keep
triage-pass-2,litigants,keep
triage-pass-2,logbook,keep
triage-pass-2,logistically,keep
triage-pass-2,loneliest,keep
triage-pass-2,looper,keep
triage-pass-2,lullabies,keep
triage-pass-2,mange,keep
triage-pass-2,marksmen,keep
triage-pass-2,mashing,keep
triage-pass-2,matey,keep
triage-pass-2,metrology,ditch
triage-pass-2,miseries,keep
triage-pass-2,modding,keep
triage-pass-2,molluscs,keep
triage-pass-2,monopolistic,keep
triage-pass-2,monotheism,keep
triage-pass-2,moonlighting,keep
triage-pass-2,motorboat,keep
triage-pass-2,motte,ditch
triage-pass-2,multitask,keep
triage-pass-2,narcolepsy,keep
triage-pass-2,nihilistic,keep
triage-pass-2,numismatic,keep
triage-pass-2,nunnery,keep
triage-pass-2,originators,keep
triage-pass-2,ostensible,keep
triage-pass-2,overactive,keep
triage-pass-2,pathologies,keep
triage-pass-2,paves,keep
triage-pass-2,peculiarity,keep
triage-pass-2,pedaling,keep
triage-pass-2,peridot,keep
triage-pass-2,phylogeny,ditch
triage-pass-2,physic,ditch
triage-pass-2,pica,keep
triage-pass-2,pickpocket,keep
triage-pass-2,pineal,keep
triage-pass-2,planking,keep
triage-pass-2,preform,keep
triage-pass-2,prelim,keep
triage-pass-2,prenup,keep
triage-pass-2,preys,keep
triage-pass-2,prongs,keep
triage-pass-2,prospering,keep
triage-pass-2,quarto,keep
triage-pass-2,questioner,keep
triage-pass-2,radiometric,ditch
triage-pass-2,raved,keep
triage-pass-2,refunding,keep
triage-pass-2,regretfully,keep
triage-pass-2,reinstating,keep
triage-pass-2,rejoices,keep
triage-pass-2,relishing,keep
triage-pass-2,remarriage,keep
triage-pass-2,retrieves,keep
triage-pass-2,returner,keep
triage-pass-2,revelry,keep
triage-pass-2,rime,keep
triage-pass-2,rotisserie,keep
triage-pass-2,sanded,keep
triage-pass-2,sashes,keep
triage-pass-2,sayer,keep
triage-pass-2,scapegoats,keep
triage-pass-2,scrim,keep
triage-pass-2,seahorse,keep
triage-pass-2,seductively,keep
triage-pass-2,seraphim,keep
triage-pass-2,shampoos,keep
triage-pass-2,sheepskin,keep
triage-pass-2,sherbet,keep
triage-pass-2,sickens,keep
triage-pass-2,sidekicks,keep
triage-pass-2,simpleton,keep
triage-pass-2,skeeter,keep
triage-pass-2,skippers,keep
triage-pass-2,skylights,keep
triage-pass-2,snobbish,keep
triage-pass-2,soapbox,keep
triage-pass-2,spearheading,keep
triage-pass-2,spindles,keep
triage-pass-2,spooning,keep
triage-pass-2,squeals,keep
triage-pass-2,starches,keep
triage-pass-2,storks,keep
triage-pass-2,strider,keep
triage-pass-2,stutters,keep
triage-pass-2,supplication,keep
triage-pass-2,tabulated,keep
triage-pass-2,tallying,keep
triage-pass-2,taxon,keep
triage-pass-2,teat,keep
triage-pass-2,techie,keep
triage-pass-2,teleprompter,keep
triage-pass-2,testa,ditch
triage-pass-2,textural,keep
triage-pass-2,thunderclap,keep
triage-pass-2,trailblazers,keep
triage-pass-2,transiting,keep
triage-pass-2,transpires,keep
triage-pass-2,transponders,keep
triage-pass-2,trespasses,keep
triage-pass-2,trundle,keep
triage-pass-2,tumbles,keep
triage-pass-2,twee,keep
triage-pass-2,underwhelmed,keep
triage-pass-2,unstuck,keep
triage-pass-2,unsuited,keep
triage-pass-2,vapid,keep
triage-pass-2,wallflower,keep
triage-pass-2,whitewashing,keep
triage-pass-2,wishbone,keep
triage-pass-2,wistfully,keep
triage-pass-2,worshipful,keep
triage-pass-2,wows,keep
triage-pass-2,yeasts,keep
play-2026-08-09-a,unsheath,add
play-2026-08-09-a,unsheathed,add
play-2026-08-09-a,mullah,remove
play-2026-08-09-a,ultralight,remove
play-2026-08-09-a,mujahideen,remove
play-2026-08-09-b,extenders,add
play-2026-08-09-b,hexane,add
play-2026-08-09-b,individuality,add
play-2026-08-09-b,convalesced,add
play-2026-08-09-b,innovated,add
play-2026-08-09-b,eking,add
play-2026-08-09-b,reeking,add
play-2026-08-09-b,moleskin,add
play-2026-08-09-b,benchmarking,remove
play-2026-08-09-b,redskins,remove
play-2026-08-09-b,clobbered,add
play-2026-08-09-b,scabbed,add
play-2026-08-09-b,cribbed,add
play-2026-08-09-b,crabbed,add
play-2026-08-09-b,carbide,remove
play-2026-08-09-b,bleu,add
play-2026-08-09-b,bilingualism,remove
play-2026-08-09-b,hitchhike,add
play-2026-08-09-b,hitchhiked,add
play-2026-08-09-b,hitchhikes,add
play-2026-08-09-b,hitchhikers,add
play-2026-08-09-b,rethinks,add
play-2026-08-09-b,unthinking,add
play-2026-08-09-b,thwack,remove
play-2026-08-09-b,watchmaker,remove
play-2026-08-09-b,pompom,add
play-2026-08-09-b,pommel,add
play-2026-08-09-b,pummel,add
play-2026-08-09-b,pummels,add
play-2026-08-09-b,pummeling,add
play-2026-08-09-b,pummeled,add
play-2026-08-09-b,optimum,remove
play-2026-08-09-b,programmes,remove
play-2026-08-09-b,programme,remove
play-2026-08-09-b,grayish,remove
play-2026-08-09-b,greyish,remove
play-2026-08-09-b,guildhall,remove
play-2026-08-09-b,bricked,add
play-2026-08-09-b,biked,add
play-2026-08-09-b,bunked,add
play-2026-08-09-b,basked,add
play-2026-08-09-c,barfed,add
play-2026-08-09-c,rafted,add
play-2026-08-09-c,tawdry,add
play-2026-08-09-c,jests,add
play-2026-08-09-c,jeers,add
